step,headed_mean_Theta,unheaded_mean_Theta,headed_rms,unheaded_rms,headed_bursts,unheaded_bursts
0,3.125594407322199,3.155062783064997,1.0313848437737057,1.0081454893908102,0,0
1,3.159690712182305,3.1551015822784083,1.0671769416535932,1.0084181159673882,0,0
2,3.122468377695281,3.1551402115590794,1.0966421298728797,1.0086914963212963,0,0
3,3.1618338393490473,3.1551786711339695,1.1399064259075906,1.008965628446968,0,0
4,3.067716988511053,3.155216961234158,1.1555348730760862,1.0092405103406248,1,0
5,3.165767741927018,3.15525508209488,1.2102801998140256,1.0095161400004198,0,0
6,3.0624534727182664,3.1552930339555645,1.2184473291654219,1.009792515426573,1,0
7,3.1705789783242686,3.155330817059871,1.2678549943702164,1.010069634621509,0,0
8,3.0582112158982953,3.1553684316557202,1.2706036941993686,1.0103474955899885,1,0
9,3.1803943922198314,3.155405877995334,1.291705171188683,1.010626096339238,0,0
10,2.9970602572318406,3.1554431563352647,1.2680477970292383,1.0109054348790778,2,0
11,3.193020879440231,3.1554802669364297,1.269236284804129,1.0111855092220459,0,0
12,3.089112804486401,3.15551721006414,1.2602857274567232,1.011466317383519,0,0
13,3.196013448155494,3.1555539859881327,1.226434333667006,1.0117478573818302,0,0
14,3.086690375735737,3.155590594982599,1.2114822597701798,1.0120301272383854,0,0
15,3.1971707660444237,3.1556270373262145,1.1673778191754458,1.0123131249777748,0,0
16,3.0860284424433715,3.155663313302164,1.152359480044679,1.012596848627881,0,0
17,3.0920066038404457,3.155699423198168,1.0901505301021637,1.0128812962199856,2,0
18,3.0938554182317186,3.1557353673065087,1.0840605584844614,1.013166465788871,0,0
19,3.18530130472363,3.1557711459240543,1.0492377795866956,1.0134523553729198,0,0
20,3.1009703174847054,3.1558067593522794,1.0341546190469442,1.0137389630142104,0,0
21,3.1726723994556223,3.1558422078972903,1.0035523657636878,1.0140262867586087,0,0
22,3.1166943750704763,3.155877491869841,0.9902700051875315,1.0143143246558584,0,0
23,3.155858843752694,3.155912611585356,0.9760883124017452,1.0146030747596637,0,0
24,3.1345891871605986,3.1559475673639485,0.9727126131289587,1.0148925351277744,0,0
25,3.1409012199527258,3.1559823595304337,0.9764614028675808,1.015182703822062,0,0
26,3.1482353445026288,3.1560169884143483,0.9878731591451352,1.0154735789085947,0,0
27,3.130616492320962,3.156051454349965,1.005063753191267,1.0157651584577096,0,0
28,3.1561790065373536,3.1560857576763013,1.0317367668402457,1.0160574405440794,0,0
29,3.1250201135436204,3.156119898737137,1.0570455219667536,1.0163504232467755,0,0
30,3.1601233178293935,3.1561538778810223,1.0941134482379415,1.01664410464933,0,0
31,3.121731000481168,3.156187695461284,1.1229284298620672,1.016938482839791,0,0
32,3.1635702405000656,3.156221351836044,1.1633625072446396,1.017233555910775,0,0
33,3.066168913545326,3.1562548473682113,1.1786428990540228,1.0175293219595183,1,0
34,3.1723611692051805,3.156288182425501,1.2189966807959625,1.017825779087919,0,0
35,3.108497524308636,3.15632135738043,1.2375374419348413,1.0181229254025814,0,0
36,3.1791020915646215,3.156354372610324,1.2623650210983672,1.0184207590148528,0,0
37,3.101731508425671,3.156387228497319,1.2704634469488243,1.0187192780408576,0,0
38,3.185677049326453,3.1564199254283594,1.2746101590577252,1.0190184806015279,0,0
39,3.095985997158541,3.1564524637951976,1.2708330885343284,1.0193183648226305,0,0
40,3.1895253275544775,3.1564848439943938,1.2496883030692767,1.0196189288347894,0,0
41,3.0930446534650025,3.1565170664273112,1.2362731795100879,1.019920170773505,0,0
42,3.1910419239877403,3.1565491315001086,1.1957331266916844,1.0202220887791709,0,0
43,3.0920336277512774,3.156581039623737,1.177797981331413,1.0205246809970832,0,0
44,3.1907067623566276,3.1566127912139295,1.1335785052838818,1.0208279455774514,0,0
45,3.0929518385403845,3.156644386691197,1.1170299011474811,1.0211318806754008,0,0
46,3.1881460767825183,3.156675826480812,1.079457562234155,1.0214364844509751,0,0
47,3.0965552962157346,3.1567071110128,1.064655423463034,1.021741755069132,0,0
48,3.18032163438764,3.156738240721925,1.0305944765142385,1.0220476906997373,0,0
49,3.1074121161216532,3.1567692160476777,1.0149313503421376,1.0223542895175561,0,0
50,3.1650382095316565,3.1568000374342584,0.9893041278367405,1.0226615497022375,0,0
51,3.1252374113846333,3.1568307053305573,0.9786303204426775,1.0229694694382985,0,0
52,3.148157267492641,3.156861220190141,0.9714923709318815,1.0232780469151035,0,0
53,3.142217555813351,3.1568915824712307,0.9730349523535299,1.0235872803268402,0,0
54,3.134612123709255,3.1569217926366817,0.9819110541335084,1.0238971678724926,0,0
55,3.153912541213934,3.156951851153959,0.9992285048059006,1.0242077077558094,0,0
56,3.1259015398086447,3.1569817584951188,1.0192343552503444,1.0245188981852706,0,0
57,3.1603453788597506,3.157011515136777,1.0503256062569324,1.024830737374051,0,0
58,3.1211192413341187,3.1570411215600926,1.0762446097263838,1.0251432235399778,0,0
59,3.164309311698904,3.1570705782507296,1.11525839406273,1.0254563549054885,0,0
60,3.1172268840523287,3.157099885698839,1.142357968137866,1.025770129697583,0,0
61,3.168829374642858,3.1571290443990203,1.1820515585365958,1.0260845461477743,0,0
62,3.1122713966181004,3.157158054850299,1.2052628604109348,1.0263996024920357,0,0
63,3.174799346641707,3.1571869175560856,1.2383258420339909,1.0267152969707443,0,0
64,3.1059763211808353,3.1572156330241516,1.2532783579949194,1.027031627828622,0,0
65,3.1817726529319033,3.1572442017665896,1.2712810367665908,1.0273485933146758,0,0
66,3.0992738630414984,3.1572726242997775,1.2748284781533672,1.0276661916821301,0,0
67,3.187517560407084,3.157300901144346,1.269396525421951,1.0279844211883624,0,0
68,3.0945605330252213,3.1573290328251367,1.26154241707412,1.0283032800948324,0,0
69,3.190298194897841,3.1573570198711653,1.2317368507415565,1.0286227666670094,0,0
70,3.092462374914666,3.157384862815583,1.215808521671439,1.028942879174297,0,0
71,3.1911524363682333,3.1574125621956326,1.1718113306036215,1.0292636158899577,0,0
72,3.0921403493645094,3.157440118552609,1.1539327189529585,1.0295849750910304,0,0
73,3.1900434830701143,3.157467532431815,1.111896295603178,1.0299069550582505,0,0
74,3.0938762920247167,3.1574948043825177,1.0963110483030787,1.0302295540759643,0,0
75,3.186122127703387,3.157521934957904,1.060724989726693,1.0305527704320432,0,0
76,3.099514937119641,3.1575489247150337,1.0456553261644088,1.0308766024177942,0,0
77,3.175144638071418,3.1575757742147936,1.0130500263962643,1.0312010483278713,0,0
78,3.113784328028134,3.1576024840218495,0.9982024360027607,1.0315261064601804,0,0
79,3.1584800222661045,3.157629054704598,0.9792744381363466,1.0318517751157867,0,0
80,3.1321502150724676,3.157655486835115,0.9726202532633058,1.0321780525988176,0,0
81,3.142470749200239,3.1576817809891082,0.972111248379134,1.0325049372163653,0,0
82,3.147338666584954,3.157707937745865,0.9794216993679505,1.0328324272783873,0,0
83,3.1307348783366904,3.1577339576881975,0.993176052363932,1.0331605210976047,0,0
84,3.15688744556491,3.1577598414023953,1.0163007088238125,1.0334892169894003,0,0
85,3.123764246935418,3.1577855894781677,1.0390691470190212,1.0338185132717144,0,0
86,3.1619283076310816,3.1578112025085914,1.073959471190588,1.034148408264939,0,0
87,3.1196953314059797,3.157836681090053,1.1009454989924448,1.0344789002918122,0,0
88,3.165875670107166,3.1578620258221974,1.1410697335382187,1.0348099876773107,0,0
89,3.1155088326298923,3.1578872373078695,1.1672587719689576,1.0351416687485393,0,0
90,3.170920492711794,3.1579123161530536,1.2053295026280513,1.0354739418346237,0,0
91,3.1100206020140297,3.1579372629668234,1.2258679010416327,1.0358068052665976,0,0
92,3.177401433472981,3.1579620783612774,1.2543068232902455,1.036140257377293,0,0
93,3.103372971121695,3.157986762951483,1.2651862183754579,1.0364742965012272,0,0
94,3.184270546486544,3.1580113173554167,1.2750519005672911,1.0368089209744895,0,0
95,3.0971270114345226,3.158035742193903,1.2740531028484792,1.0371441291346286,0,0
96,3.188877131019428,3.1580600380905577,1.2588780211347415,1.0374799193205382,0,0
97,3.0935362488046594,3.1580842056717224,1.247437215218947,1.0378162898723429,0,0
98,3.190830128064178,3.1581082455664067,1.2104133201434233,1.038153239131283,0,0
99,3.092115528652497,3.158132158406225,1.192923027785371,1.0384907654395998,0,0
100,3.190972587687208,3.1581559448253365,1.1480860567824067,1.038828867140421,0,0
101,3.092541588361506,3.158179605460377,1.1309181216527147,1.0391675425776437,0,0
102,3.189034836609901,3.158203140950404,1.0916783481354724,1.0395067900958204,0,0
103,3.095276299310734,3.158226551936829,1.076740962805454,1.039846608040044,0,0
104,3.1829885455111793,3.158249839063353,1.0422166370296921,1.0401869947558309,0,0
105,3.1039066942301865,3.1582730029759074,1.0266292880684498,1.0405279485890073,0,0
106,3.1691148561877944,3.158296044322585,0.9975605964793243,1.0408694678855945,0,0
107,3.120741834262597,3.1583189637535782,0.9848701705857565,1.0412115509916937,0,0
108,3.1520472414478427,3.1583417619211147,0.9732180977412135,1.0415541962533716,0,0
109,3.138542274169581,3.158364439479392,0.9713788444084803,1.0418974020165486,0,0
110,3.137439433414615,3.158386997084515,0.9768163174492234,1.0422411666268836,0,0
111,3.1516212668083052,3.158409435394425,0.9902450983538965,1.042585488429663,0,0
112,3.1275629566797307,3.158431755068843,1.0080959751021443,1.0429303657696887,0,0
113,3.1591720200217375,3.158453956769197,1.0363454708145743,1.043275796991166,0,0
114,3.122065086944476,3.1584760411585613,1.0612336912128582,1.043621780437595,0,0
115,3.163378521051607,3.1584980089015886,1.0989811748222418,1.0439683144516594,0,0
116,3.1182259322023143,3.158519860664447,1.1262791771399105,1.0443153973751202,0,0
117,3.167617652661241,3.1585415971147515,1.1664638226778101,1.0446630275487065,0,0
118,3.113593626414541,3.158563218921502,1.191043581733641,1.0450112033120094,0,0
119,3.173230695391996,3.158584726755013,1.2264095793683523,1.0453599230033774,0,0
120,3.10759005633426,3.1586061212868546,1.2436982042807938,1.0457091849598117,0,0
121,3.180086755571624,3.1586274031897816,1.266190169897253,1.046058987516863,0,0
122,3.100807073366989,3.158648573137673,1.272638291067504,1.0464093290085312,0,0
123,3.186406891293782,3.1586696318054592,1.2733399863628854,1.046760207767163,0,0
124,3.0954124528428024,3.1586905798690665,1.2680219930919605,1.0471116221233545,0,0
125,3.189839118653414,3.158711418005345,1.2435808269631186,1.0474635704058535,0,0
126,3.0928055871109676,3.158732146892008,1.2291515266925102,1.0478160509414625,0,0
127,3.1911152493727335,3.1587527672075617,1.1870369343885097,1.0481690620549458,0,0
128,3.092038704070824,3.1587732796312493,1.1690249879112788,1.0485226020689342,0,0
129,3.190499598014751,3.1587936848429785,1.1254696767310615,1.048876669303836,0,0
130,3.0932472282791807,3.158813983523261,1.1092899174659825,1.0492312620777462,0,0
131,3.1875097460262523,3.1588341763531496,1.072552452175294,1.049586378706358,0,0
132,3.097486612339965,3.1588542640141717,1.0577162939766422,1.049942017502877,0,0
133,3.178553251915858,3.158874247188267,1.024018916172578,1.0502981767779374,0,0
134,3.1096427643008515,3.158894126557726,1.00850377992801,1.050654854839518,0,0
135,3.162644251605437,3.158913902805125,0.9851912574284342,1.0510120499928621,0,0
136,3.1278062940790634,3.1589335766132636,0.975879662009388,1.051369760540398,0,0
137,3.1460073307061296,3.1589531486651032,0.9712449098922536,1.0517279847816625,0,0
138,3.1441883375969204,3.1589726196437042,0.9748406189294195,1.0520867210132248,0,0
139,3.13311131347409,3.158991990232167,0.98558263987717,1.0524459675286144,0,0
140,3.155088786976085,3.159011261113564,1.0050871945457087,1.0528057226182492,0,0
141,3.1250567362584003,3.159030432970887,1.0261872513707415,1.053165984569366,0,0
142,3.16095317008339,3.1590495064869812,1.0587685002368838,1.0535267516659539,0,0
143,3.1205954202283697,3.1590684823444852,1.0851613992771785,1.0538880221886888,0,0
144,3.1648651500884326,3.159087361225773,1.1247063650331486,1.054249794414871,0,0
145,3.116619981570653,3.1591061438128936,1.1515560308705897,1.0546120666183625,0,0
146,3.1695684229564747,3.1591248307875115,1.1907781201169179,1.0549748370695309,0,0
147,3.1114709392416873,3.159143422830848,1.2130824761719707,1.0553381040351901,0,0
148,3.1757354568531397,3.159161920623623,1.2445994793666062,1.0557018657785475,0,0
149,3.10502844502304,3.1591803248459995,1.2581137848487371,1.0560661205591502,0,0
150,3.182717003433705,3.1591986361775213,1.2732816280702113,1.056430866632836,0,0
151,3.0984442140611392,3.159216855297059,1.2751531580029623,1.0567961022516845,0,0
152,3.188068287235218,3.1592349828827544,1.2661417800038948,1.057161825663972,0,0
153,3.094144838030808,3.15925301961196,1.2569134614031385,1.0575280351141274,0,0
154,3.1905195079726507,3.1592709661611913,1.2242651506631848,1.0578947288426903,0,0
155,3.092306491716409,3.1592888232060603,1.2076442884109917,1.0582619050862727,0,0
156,3.1911206713377225,3.1593065914212333,1.1630506565910312,1.0586295620775212,0,0
157,3.0922528341745092,3.159324271480367,1.1453751787237036,1.0589976980450835,0,0
158,3.189719959046608,3.1593418640560564,1.1043428102484583,1.0593663112135736,0,0
159,3.0943201563428198,3.159359369819788,1.0890464330825351,1.0597353998035437,0,0
160,3.185122713223384,3.159376789441879,1.0539432847660821,1.0601049620314547,0,0
161,3.1009494018483053,3.1593941235914293,1.0386748718134218,1.0604749961096502,0,0
162,3.1730153362538496,3.1594113729362667,1.0070809593181282,1.0608455002463344,0,0
163,3.116288057713279,3.159428538142901,0.9928678640745772,1.061216472645549,0,0
164,3.1560967503972788,3.159445619876467,0.9765879896459083,1.061587911507154,0,0
165,3.134564003084875,3.159462618800679,0.9716147630257131,1.0619598150268115,0,0
166,3.140550298696193,3.1594795355777756,0.9733582489282557,1.0623321813959699,0,0
167,3.1490017763155635,3.1594963708684793,0.9828827964608242,1.0627050088018515,0,0
168,3.1294937048566136,3.1595131253319373,0.9982334062222021,1.0630782954274427,0,0
169,3.157795210545791,3.1595297996256804,1.0233216860128862,1.0634520394514844,0,0
170,3.123102683130533,3.1595463944055737,1.0469345736519917,1.0638262390484658,0,0
171,3.1624637985275346,3.159562910325768,1.082987045990443,1.0642008923886215,0,0
172,3.119169127829908,3.1595793480386547,1.1101768023307397,1.0645759976379279,0,0
173,3.1664902686317156,3.159595708194819,1.1504423987592347,1.0649515529581046,0,0
174,3.1148320005187102,3.1596119914429948,1.176122206272867,1.0653275565066158,0,0
175,3.171740883659456,3.1596281984300174,1.2133318857517372,1.065704006436675,0,0
176,3.109150348130617,3.1596443298007855,1.2327453620727729,1.0660809008972503,0,0
177,3.17837994650408,3.1596603861982064,1.2591682868932061,1.0664582380330743,0,0
178,3.102421951276392,3.1596763682631637,1.2684583396226365,1.0668360159846528,0,0
179,3.185102430729435,3.1596922766344684,1.275069553435361,1.0672142328882783,0,0
180,3.0964463123560804,3.1597081119488166,1.2724536518002543,1.067592886876044,0,0
181,3.189268490984946,3.1597238748407492,1.2538016233869278,1.0679719760758597,0,0
182,3.0932400647118956,3.1597395659426097,1.2411907117363636,1.06835149861147,0,0
183,3.190965000546086,3.1597551858845034,1.202022570945027,1.0687314526024743,0,0
184,3.092054456653957,3.1597707352942597,1.1842253391362942,1.0691118361643492,0,0
185,3.190833629678611,3.1597862147973887,1.1396524283823044,1.0694926474084723,0,0
186,3.092762989309516,3.1598016250170424,1.1228345432262186,1.0698738844421467,0,0
187,3.188551633883423,3.1598169665739797,1.084584362602958,1.0702555453686298,0,0
188,3.095967147312384,3.1598322400865246,1.0697546559555564,1.0706376282871617,0,0
189,3.1815144222416962,3.1598474461705295,1.035489381549594,1.071020131292996,0,0
190,3.105867695296927,3.1598625854393383,1.0198138753861694,1.0714030524774327,0,0
191,3.166778629011881,3.159877658503751,0.9926305729714249,1.0717863899278528,0,0
192,3.123337040717584,3.1598926659719857,0.981047026263268,1.072170141727754,0,0
193,3.149780323131439,3.1599076084496454,0.9720218594510546,1.0725543059567881,0,0
194,3.1407013787486697,3.1599224865396813,0.9721047334215501,1.0729388806908002,0,0
195,3.1357737996674904,3.1599373008423584,0.9795565305422635,1.07332386400187,0,0
196,3.152982373529563,3.1599520519552224,0.9952382461953089,1.0737092539583535,0,0
197,3.1265730162732694,3.1599667404730654,1.0143734560292514,1.0740950486249272,0,0
198,3.1598698459892205,3.159981366987895,1.0443015554910584,1.0744812460626336,0,0
199,3.121511715150973,3.1599959320888993,1.0698155119783368,1.0748678443289263,0,0
200,3.163911349736138,3.1600104363624166,1.108346764562579,1.0752548414777217,0,0
201,3.1176574623657545,3.160024880391905,1.1355671395480276,1.0756422355594437,0,0
202,3.168305944762821,3.160039264757908,1.1755187313206703,1.076030024621079,0,0
203,3.1128412007485573,3.16005359003803,1.1993412714305662,1.0764182067062262,0,0
204,3.174126538608347,3.1600678568068985,1.2334362315800695,1.076806779855151,0,0
205,3.1066647001583143,3.160082065636143,1.2494024002938418,1.0771957421048401,0,0
206,3.181064656174756,3.160096217094362,1.2693723159351022,1.0775850914890575,0,0
207,3.0999098070609072,3.160110311747095,1.2741505488514089,1.077974826038401,0,0
208,3.1870718378429177,3.1601243501567935,1.271332149882187,1.0783649437803609,0,0
209,3.0948997724138017,3.1601383328827986,1.2645286918060406,1.0787554427393786,0,0
210,3.1901160648502986,3.1601522604813077,1.2369322730960242,1.0791463209369083,0,0
211,3.092596591327957,3.160166133505353,1.2215948349198018,1.0795375763914774,0,0
212,3.1911508685220653,3.160179952504773,1.1782617175247272,1.0799292071187487,0,0
213,3.0920828960964606,3.160193718026191,1.1602891902443127,1.0803212111315845,0,0
214,3.190251998339788,3.1602074306129837,1.1175651285007597,1.0807135864401103,0,0
215,3.0935903693042808,3.160221090805264,1.1017394831122578,1.0811063310517803,0,0
216,3.186758562258643,3.1602346991398513,1.0657149013051521,1.0814994429714435,0,0
217,3.098587998423636,3.1602482561502527,1.050767263293027,1.08189292020141,0,0
218,3.176635423592666,3.160261762366638,1.017609500025688,1.0822867607415194,0,0
219,3.1119954392612588,3.160275218315816,1.0024130215014455,1.0826809625892082,0,0
220,3.160240520428895,3.160288624521216,0.9815860919044462,1.08307552373958,0,0
221,3.1303331889776653,3.160301981502862,0.9737648813410633,1.0834704421854744,0,0
222,3.1439363481107616,3.160315289777357,0.9715441061262774,1.0838657159175376,0,0
223,3.1460468612197103,3.1603285498578573,0.9772606253279432,1.0842613429242935,0,0
224,3.13170570916351,3.160341762254056,0.9897764343732125,1.0846573211922153,0,0
225,3.156162392305085,3.160354927472163,1.0113998845914716,1.0850536487057976,0,0
226,3.124286650979831,3.160368046014883,1.033495466523207,1.0854503234476283,0,0
227,3.1615250643356227,3.160381118381403,1.0674525745554955,1.0858473433984628,0,0
228,3.120076802520417,3.160394145067366,1.0942240916217303,1.0862447065372964,0,0
229,3.1654400119748427,3.1604071265648592,1.1341554950363988,1.0866424108414388,0,0
230,3.1159885033034187,3.160420063362397,1.160658846281366,1.0870404542865872,0,0
231,3.1703373422402663,3.1604329559449,1.1992691371640805,1.0874388348469033,0,0
232,3.1106437684991346,3.160445804793683,1.2205840759987303,1.0878375504950846,0,0
233,3.1766906767673633,3.160458610386437,1.250388823975018,1.0882365992024423,0,0
234,3.10407399631859,3.160471373197213,1.2624036937495609,1.0886359789389746,0,0
235,3.1836284326503743,3.1604840936964096,1.2745696681706884,1.0890356876734437,0,0
236,3.0976641773888978,3.1604967723507573,1.2747774669285052,1.0894357233734495,0,0
237,3.1885562738241497,3.160509409623304,1.2621964305488635,1.0898360840055075,0,0
238,3.093777896473712,3.1605220059734016,1.2516645937209712,1.0902367675351214,0,0
239,3.1907101949486845,3.160534561856695,1.2163981280496698,1.0906377719268627,0,0
240,3.0921835632278927,3.1605470777251057,1.1992233653584894,1.0910390951444426,0,0
241,3.1910496461069653,3.160559554026823,1.154373481546979,1.0914407351507904,0,0
242,3.09240481493773,3.1605719912062895,1.1369712988278813,1.0918426899081275,0,0
243,3.1893459937341135,3.160584389704193,1.096976050940502,1.092244957378044,0,0
244,3.094838626876982,3.1605967499574543,1.0819114948768818,1.0926475355215735,0,0
245,3.1839564059663004,3.160609072399214,1.0471738578951428,1.0930504222992679,0,0
246,3.1025837498765347,3.1606213574588273,1.03170595859976,1.0934536156712733,0,0
247,3.1707928683042326,3.1606336055618507,1.0014485155008188,1.0938571135974045,0,0
248,3.1188452163534954,3.1606458171300367,0.9880501103703332,1.0942609140372188,0,0
249,3.1537450366552022,3.1606579925813203,0.974443915046657,1.094665014950091,0,0
250,3.1368933072438723,3.160670132329816,0.9712463671426738,1.0950694142952864,0,0
251,3.13872162488272,3.1606822367858065,0.9751523118615829,1.095474110032036,0,0
252,3.1505532304637156,3.1606943063557384,0.986923647290828,1.095879100119607,0,0
253,3.128346245963595,3.1607063414422107,1.003758726394934,1.096284382517378,0,0
254,3.1586175076071563,3.1607183424439746,1.030708927457071,1.0966899551849092,0,0
255,3.12248986613003,3.160730309755922,1.055086410806919,1.0970958160820157,0,0
256,3.162991506797218,3.1607422437690857,1.0921676431672485,1.0975019631688367,0,0
257,3.118630928057365,3.1607541448706264,1.1194577132188681,1.0979083944059091,0,0
258,3.167130597438099,3.160766013443839,1.1597267135221454,1.0983151077542346,0,0
259,3.1141278873656097,3.1607778498681363,1.1848052946309886,1.0987221011753507,0,0
260,3.1725900548105392,3.1607896545190557,1.2210065494464672,1.0991293726313995,0,0
261,3.1082577764009023,3.1608014277682517,1.2392208554427229,1.0995369200851952,0,0
262,3.1793645032777635,3.1608131699834896,1.2634446963239556,1.0999447415002916,0,0
263,3.101483175755964,3.1608248815286495,1.2711062211884785,1.1003528348410498,0,0
264,3.185877573125545,3.160836562763722,1.2743443964862848,1.1007611980727032,0,0
265,3.095827207825207,3.160848214044805,1.2701519957306677,1.1011698291614227,0,0
266,3.189612780997404,3.160859835724105,1.248117108212847,1.1015787260743817,0,0
267,3.092977992709356,3.160871428149933,1.2344222960913038,1.101987886779819,0,0
268,3.191065058091167,3.160882991666712,1.1934289485742176,1.1023973092471018,0,0
269,3.092031183987075,3.160894526614966,1.1754612089120078,1.1028069914467877,0,0
270,3.190655475218795,3.1609060333313344,1.1313995529110403,1.1032169313506854,0,0
271,3.0930261098566656,3.160917512148558,1.1149495825314557,1.103627126931914,0,0
272,3.187986669270792,3.1609289633954956,1.0776104260485848,1.1040375761649632,0,0
273,3.096787918349509,3.1609403873971154,1.0628072487085514,1.1044482770257509,0,0
274,3.179866315380655,3.160951784474502,1.0288307082870654,1.104859227491679,0,0
275,3.1079927793462736,3.160963154944858,1.0131913448949934,1.1052704255416914,0,0
276,3.1644025927722548,3.1609744991215103,0.9881605332011063,1.105681869156327,0,0
277,3.1259245480032973,3.1609858173139105,0.9778361629862444,1.1060935563177747,0,0
278,3.147577443499259,3.1609971098276404,0.9713730467686962,1.1065054850099256,0,0
279,3.1427532549321895,3.161008376964419,0.9734553813963063,1.1069176532184246,0,0
280,3.134203154189984,3.161019619022104,0.9828370198934785,1.1073300589307211,0,0
281,3.1542360047452553,3.1610308362946995,1.0007424141814207,1.107742700136117,0,0
282,3.1256688425183996,3.1610420290723646,1.0210498068459277,1.1081555748258176,0,0
283,3.16051139511439,3.1610531976414156,1.052548706791018,1.1085686809929745,0,0
284,3.1209787828038587,3.161064342284335,1.0786029097644285,1.108982016632734,0,0
285,3.164455677903696,3.1610754632797806,1.1177723847024725,1.1093955797422805,0,0
286,3.117067582485214,3.1610865609025915,1.144814943952738,1.1098093683208796,0,0
287,3.1690232792761073,3.161097635423797,1.1843965460579855,1.11022338036992,0,0
288,3.1120608985431253,3.161108687110626,1.2073745583419595,1.110637613892953,0,0
289,3.1750465761863906,3.161119716226517,1.2400417383574294,1.1110520668957327,0,0
290,3.105724839348634,3.161130723031126,1.2546175183717703,1.111466737386253,0,0
291,3.1820267840425793,3.1611417077803394,1.271882280914899,1.1118816233747835,0,0
292,3.099048483795413,3.1611526707262816,1.2749828688338902,1.1122967228739056,0,0
293,3.187670550514883,3.161163612117331,1.2685986046167967,1.112712033898545,0,0
294,3.094444743798448,3.161174532198126,1.2603718748650778,1.1131275544660038,0,0
295,3.1903601240246853,3.1611854312095815,1.229789279332886,1.113543282595991,0,0
296,3.0924177585836237,3.161196309388902,1.2136634442849537,1.1139592163106522,0,0
297,3.1911478080103914,3.161207166969589,1.1694730379014988,1.1143753536345962,0,0
298,3.0921664510474023,3.1612180041814617,1.1516406302890736,1.114791692594922,0,0
299,3.1899619054044783,3.161228821250667,1.1098656587514828,1.1152082312212424,0,0
300,3.0939880147803236,3.1612396183996965,1.0943621815192053,1.1156249675457073,0,0
301,3.185871454860156,3.1612503958473988,1.058917386031801,1.116041899603026,0,0
302,3.099877426417788,3.161261153808997,1.0437973004333483,1.116459025430485,0,0
303,3.174587889137991,3.1612718924961043,1.0114308046056304,1.116876343067968,0,0
304,3.114444495469616,3.1612826121167408,0.9967342999295475,1.117293850557972,0,0
305,3.1578430512770788,3.1612933128753498,0.978506404501386,1.117711545945621,0,0
306,3.132800551193853,3.1613039949728177,0.9722900531676949,1.118129427278682,0,0
307,3.141950519086914,3.161314658606488,0.9723898935533908,1.118547492607573,0,0
308,3.147792525377048,3.161325303970184,0.9802857545326759,1.1189657399853759,0,0
309,3.130395130970656,3.161335931254223,0.9944757810703629,1.1193841674678433,0,0
310,3.1571380158925693,3.1613465406454417,1.0181329512440984,1.119802773113405,0,0
311,3.123582715853354,3.1613571323272125,1.0411342587943473,1.1202215549831733,0,0
312,3.162072179727538,3.161367706479465,1.076346685900616,1.1206405111409454,0,0
313,3.1195560956371025,3.1613782632787046,1.1033970240226139,1.1210596396532047,0,0
314,3.1660369244762685,3.16138880289804,1.1435725047001177,1.12147893858912,0,0
315,3.115331217948516,3.1613993255072006,1.1696349976710592,1.121898406020544,0,0
316,3.1711361005689818,3.1614098312725587,1.2074906754183146,1.1223180400220079,0,0
317,3.109791149443629,3.161420320357157,1.2277369077555722,1.1227378386707159,0,0
318,3.177661080930536,3.161430792920727,1.2556565717820143,1.1231578000465365,0,0
319,3.1031189701824573,3.161441249119718,1.2661171296374862,1.1235779222319944,0,0
320,3.1844972251912758,3.1614516891073183,1.2751289501417704,1.1239982033122566,0,0
321,3.0969398316914307,3.1614621130334832,1.2736960933599006,1.12441864137512,0,0
322,3.1889863206157827,3.16147252104496,1.2575875118445314,1.1248392345109959,0,0
323,3.0934538043647937,3.161482913285313,1.2458271500763631,1.1252599808128914,0,0
324,3.19086933172154,3.161493289894952,1.208202818950597,1.1256808783763905,0,0
325,3.092095644401363,3.1615036510111607,1.1906170396157738,1.1261019252996334,0,0
326,3.1909394051994298,3.161513996768124,1.1458238594830796,1.126523119683291,0,0
327,3.09259657107263,3.1615243272969544,1.1287463050004352,1.1269444596305414,0,0
328,3.188913252116855,3.161534642725728,1.089775831292154,1.1273659432470404,0,0
329,3.0954489182649927,3.161544943179504,1.0748747681586144,1.127787568640893,0,0
330,3.1826133954557796,3.1615552287803674,1.0404208758123228,1.128209333922621,0,0
331,3.1044116869374876,3.1615654996474505,1.0248001416614432,1.1286312372051295,0,0
332,3.1684976385634704,3.1615757558969695,0.996204796834118,1.12905327660367,0,0
333,3.1214325023437333,3.1615859976422556,0.9837935222333781,1.1294754502358035,0,0
334,3.1514378829927026,3.161596224993789,0.9728460463979999,1.1298977562213584,0,0
335,3.1391274301032497,3.16160643805923,0.9715108432702299,1.1303201926823885,0,0
336,3.1369866157701956,3.161616636943458,0.9774929294997105,1.1307427577431282,0,0
337,3.151994337800927,3.1616268217486003,0.991523145056518,1.1311654495299455,0,0
338,3.1272906971020027,3.1616369925740755,1.0097272658760224,1.1315882661712915,0,0
339,3.1593640129717215,3.1616471495166216,1.0384342134960085,1.1320112057976497,0,0
340,3.1219151742516065,3.1616572926703417,1.063497126279884,1.1324342665414808,0,0
341,3.1635196032398363,3.161667422126733,1.1014674485392393,1.1328574465371664,0,0
342,3.118076501447767,3.1616775379747324,1.1287546868066551,1.1332807439209502,0,0
343,3.1677981554641597,3.161687640300753,1.1688905865019539,1.133704156830876,0,0
344,3.1133959896561834,3.1616977291887234,1.1932773532460441,1.1341276834067242,0,0
345,3.1734667664946326,3.161707804720129,1.2283199379604501,1.1345513217899441,0,0
346,3.107345253825718,3.1617178669740564,1.2452631714498748,1.1349750701235866,0,0
347,3.180348185490049,3.1617279160272314,1.2671016651003857,1.1353989265522302,0,0
348,3.100565110332713,3.1617379519540645,1.273106518346287,1.1358228892219087,0,0
349,3.1865904081173055,3.161747974826694,1.2728769846662928,1.1362469562800324,0,0
350,3.0952700792064776,3.1617579847150346,1.2671576876480815,1.1366711258753093,0,0
351,3.1899162729972885,3.161767981686816,1.2418613704283907,1.137095396157662,0,0
352,3.092747018218406,3.161777965807637,1.2271793105483122,1.1375197652781417,0,0
353,3.1911284683222854,3.1617879371410083,1.1847049965857144,1.1379442313888406,0,0
354,3.092046636096026,3.1617978957484016,1.1666927962426275,1.1383687926428006,0,0
355,3.1904376732905426,3.1618078416893027,1.123344535721673,1.1387934471939174,0,0
356,3.0933337166003034,3.1618177750212566,1.1072612552842338,1.139218193196845,0,0
357,3.187321794773364,3.1618276957999214,1.0707262191660996,1.1396430288068944,0,0
358,3.0977624472926455,3.1618376040791225,1.0558674937430859,1.1400679521799295,0,0
359,3.1780563604475547,3.161847499910903,1.0222932110011373,1.1404929614722596,0,0
360,3.1102584219326683,3.161857383345582,1.0068456341654215,1.1409180548405313,0,0
361,3.1620044109439385,3.1618672544318045,0.9841807460573285,1.1413432304416122,0,0
362,3.128484069649088,3.1618771132166046,0.9752541017177744,1.1417684864324746,0,0
363,3.145447823875871,3.161886959745459,0.9712711928899843,1.142193820970076,0,0
364,3.1446942802028275,3.1618967940623492,0.9754253760873023,1.142619232211232,0,0
365,3.1327277011122483,3.1619066162098206,0.9866490448440012,1.1430447183124914,0,0
366,3.1553845550080752,3.161916426229043,1.006725320293286,1.1434702774300018,0,0
367,3.124844689733995,3.1619262241598762,1.0280997469760513,1.1438959077193744,0,0
368,3.161108501261104,3.1619360100409337,1.0610587731424648,1.1443216073355453,0,0
369,3.120457124759771,3.161945783909648,1.0875620199075164,1.1447473744326297,0,0
370,3.165016238596891,3.161955545802337,1.1272239512168303,1.1451732071637748,0,0
371,3.116454275798103,3.1619652957542734,1.1539907282183022,1.1455991036810076,0,0
372,3.169770263167211,3.161975033799757,1.193063701391905,1.1460250621350767,0,0
373,3.1112532276020524,3.161984759972185,1.2151125011092863,1.1464510806752921,0,0
374,3.175988113299109,3.1619944743041244,1.2461900359718514,1.146877157449358,0,0
375,3.1047746884379386,3.162004176827388,1.259310796365162,1.1473032906032024,0,0
376,3.1829633460329014,3.1620138675731133,1.2736950139795107,1.1477294782808003,0,0
377,3.0982313619896757,3.1620235465718385,1.2751218421315287,1.1481557186239926,0,0
378,3.1882041999655395,3.162033213853585,1.265157555656899,1.1485820097723007,0,0
379,3.094042601344169,3.1620428694479408,1.2555750320697172,1.149008349862733,0,0
380,3.1905732958117667,3.16205251338414,1.2222061176794543,1.1494347370295879,0,0
381,3.092270450192356,3.162062145691157,1.2054239271076834,1.1498611694042509,0,0
382,3.191105593461385,3.1620717663977893,1.1607297720255754,1.1502876451149844,0,0
383,3.092289442732612,3.162081375532752,1.143120984131878,1.1507141622867127,0,0
384,3.1896255849460875,3.1620909731247706,1.1023635140337353,1.1511407190407996,0,0
385,3.0944503020151184,3.1621005592026736,1.0871349528064584,1.1515673134948199,0,0
386,3.1848289691704808,3.1621101337954975,1.0521395278083088,1.1519939437623246,0,0
387,3.1013651943834883,3.1621196969325815,1.0368161928601582,1.1524206079525972,0,0
388,3.172431733605142,3.162129248643673,1.0055458589457573,1.1528473041704046,0,0
389,3.1169647937837723,3.1621387889590338,0.9915323645861653,1.1532740305157398,0,0
390,3.1554668452052312,3.162148317909553,0.975963816036264,1.1537007850835566,0,0
391,3.1351930447013956,3.1621578355268536,0.9714545793000432,1.1541275659634949,0,0
392,3.1400542562488982,3.162167341843409,0.973782564666942,1.154554371239601,0,0
393,3.1494257889199666,3.1621768368926664,0.9839030246549697,1.1549811989900347,0,0
394,3.129179036454886,3.162186320709163,0.999660084906413,1.1554080472867723,0,0
395,3.1580221682590732,3.1621957933286553,1.0252543333262634,1.1558349141952944,0,0
396,3.1229351640637035,3.162205254788246,1.0490785369778233,1.1562617977742684,0,0
397,3.1626047284771777,3.16221470512652,1.0854182886119803,1.1566886960752198,0,0
398,3.119027169144308,3.162224144383677,1.1126448769435253,1.157115607142193,0,0
399,3.1666582069343328,3.1622335726016764,1.1529247765745807,1.1575425290113972,0,0
400,3.1146471850899826,3.1622429898243816,1.1784534085819416,1.157969459710849,0,0
401,3.1719642499488714,3.1622523960977094,1.215409052768143,1.1583963972599944,0,0
402,3.108914745909988,3.162261791469785,1.2345103383502471,1.1588233396693248,0,0
403,3.1786418069990834,3.1622711759911013,1.2603657134046997,1.1592502849399768,0,0
404,3.102170419194953,3.162280549714685,1.2692254782471455,1.159677231063319,0,0
405,3.1853146644194275,3.1622899126962625,1.274949103689047,1.1601041760205262,0,0
406,3.0962753707234434,3.1622992649944393,1.271909022387472,1.1605311177821378,0,0
407,3.189364504236911,3.162308606670882,1.2523457902340056,1.1609580543076008,0,0
408,3.093167098964614,3.1623179377905006,1.2394374388591891,1.1613849835447978,0,0
409,3.1909951289690657,3.1623272584216457,1.1997508724906967,1.1618119034295578,0,0
410,3.092044519285938,3.1623365686363076,1.1818952618429206,1.1622388118851508,0,0
411,3.1907900250095955,3.1623458685103247,1.1374361380575675,1.1626657068217627,0,0
412,3.0928288976366467,3.162355158123596,1.1207152799609494,1.1630925861359531,0,0
413,3.1884098617718606,3.162364437560304,1.0827166969653994,1.1635194477100923,0,0
414,3.0961720378028765,3.162373706909142,1.0679021383019494,1.1639462894117776,0,0
415,3.1810921438900404,3.1623829662635567,1.0337075348421796,1.1643731090932299,0,0
416,3.1064184953008933,3.1623922157219897,1.0180279946826165,1.1647999045906656,0,0
417,3.1661490315957366,3.1624014553881357,0.9913938730518939,1.1652266737236465,0,0
418,3.1240277078128305,3.1624106853712077,0.980131318923005,1.1656534142944046,0,0
419,3.1491870285120562,3.162419905786209,0.9717956160317939,1.1660801240871415,0,0
420,3.1412584597029856,3.162429116754223,0.9724035824547781,1.1665068008673007,0,0
421,3.1353462423050047,3.1624383184027045,0.9803776297389349,1.1669334423808122,0,0
422,3.153326632741104,3.1624475108657903,0.9966553763290004,1.1673600463533056,0,0
423,3.126324060935005,3.1624566942846166,1.0161134609587772,1.1677866104892967,0,0
424,3.160045701445643,3.1624658688076526,1.0464704813418348,1.1682131324713356,0,0
425,3.1213681927207086,3.162475034591045,1.0721368855385178,1.1686396099591276,0,0
426,3.164054965880023,3.1624841917989728,1.1108523639217753,1.1690660405886117,0,0
427,3.117502561993819,3.162493340604028,1.138035083090338,1.1694924219710081,0,0
428,3.168494103611606,3.162502481187597,1.1779015790911536,1.1699187516918212,0,0
429,3.1126361155807465,3.162511613740268,1.2015076512803584,1.1703450273098057,0,0
430,3.1743692825430974,3.162520738462252,1.2352378956649939,1.170771246355886,0,0
431,3.1064156735925987,3.1625298555638186,1.2508403248176967,1.1711974063320334,0,0
432,3.1813228067712096,3.1625389652657567,1.27010750297698,1.1716235047100925,0,0
433,3.099676569978645,3.1625480677998463,1.2744392488951024,1.172049538930561,0,0
434,3.187237741851135,3.162557163409359,1.2706744559396808,1.1724755064013137,0,0
435,3.0947731386661252,3.162566252349574,1.2634856608008789,1.1729014044962738,0,0
436,3.19018415251581,3.1625753348883188,1.2350762934820916,1.1733272305540232,0,0
437,3.092545982748226,3.1625844113065344,1.2195166509345603,1.1737529818763555,0,0
438,3.1911538598594724,3.1625934818988632,1.1759200356712705,1.1741786557267604,0,0
439,3.092101296783753,3.1626025469742642,1.1579756696871386,1.1746042493288438,0,0
440,3.190179016140757,3.1626116068566588,1.1154948886256122,1.1750297598646735,0,0
441,3.0936905867239965,3.1626206618855988,1.099758827168079,1.1754551844730536,0,0
442,3.186536458162743,3.1626297124169747,1.0639018118115264,1.1758805202477156,0,0
443,3.098912421728015,3.162638758823745,1.0489132114961144,1.1763057642354293,0,0
444,3.1761019738165728,3.162647801496712,1.0159388988737283,1.176730913434024,0,0
445,3.1126392619668493,3.16265684084532,1.0008576435135736,1.1771559647903176,0,0
446,3.1596008217294504,3.162665877298506,0.9807140511022416,1.177580915197949,0,0
447,3.1309967421506997,3.162674911305577,0.9733095716885508,1.1780057614951056,0,0
448,3.1433989874510346,3.1626839433371394,0.9717159347541625,1.1784305004621431,0,0
449,3.1465227553592947,3.1626929738860654,0.9780075654040071,1.1788551288190918,0,0
450,3.1313474314161183,3.162702003468517,0.9909792742923275,1.179279643223039,0,0
451,3.1564315405651064,3.162711032625001,1.0131532012977573,1.1797040402653856,0,0
452,3.124093114891702,3.1627200619215006,1.0354984143818227,1.180128316468967,0,0
453,3.161672743089935,3.1627290919506414,1.069801889880706,1.180552468285033,0,0
454,3.119938615233417,3.1627381233329324,1.096657555062094,1.180976492090073,0,0
455,3.1655967097070827,3.162747156718049,1.1366677510635297,1.181400384182486,0,0
456,3.115816031894866,3.162756192786207,1.1630628687186046,1.1818241407790806,0,0
457,3.1705471483316727,3.162765232249585,1.2014862639645214,1.1822477580113964,0,0
458,3.1104191393427825,3.162774275853827,1.2225242199666357,1.1826712319218389,0,0
459,3.1769477953760386,3.1627833243796246,1.2518441265474858,1.1830945584596124,0,0
460,3.10381945549196,3.16279237864438,1.2634501313985969,1.183517733476447,0,0
461,3.1838643413183525,3.162801439503953,1.2747903351616667,1.1839407527220962,0,0
462,3.097465633075297,3.1628105078545032,1.274558533513733,1.1843636118396057,0,0
463,3.1886762221426537,3.1628195846344234,1.261032687050609,1.1847863063603266,0,0
464,3.0936876441525154,3.1628286708263897,1.2501661724304058,1.1852088316986686,0,0
465,3.190755719559094,3.1628377674594987,1.21424488251455,1.1856311831465718,0,0
466,3.092156649183359,3.162846875611542,1.1969466714038566,1.1860533558676805,0,0
467,3.191024115553551,3.1628559964113863,1.1520826516107434,1.1864753448912082,0,0
468,3.092451973440959,3.1628651310414946,1.1347626922595127,1.186897145105465,0,0
469,3.1892369186853267,3.1628742807405743,1.0950433221817308,1.1873187512510377,0,0
470,3.094991372603866,3.162883446806378,1.0800293873912563,1.1877401579135944,0,0
471,3.1836162416487555,3.1628926305986553,1.045373317664237,1.1881613595162976,0,0
472,3.103052092849836,3.162901833542263,1.0298581378142428,1.1885823503117965,0,0
473,3.170187935711303,3.162911057130458,1.0000121679322003,1.1890031243737795,0,0
474,3.1195322054444303,3.162920302928358,0.9868601928673831,1.1894236755880583,0,0
475,3.153125778080502,3.162929572576612,0.9739649541104324,1.1898439976431556,0,0
476,3.1374979307313766,3.1629388677952606,0.9712551585594253,1.1902640840203684,0,0
477,3.1382503863828197,3.1629481903878207,0.9757222833107452,1.1906839279832768,0,0
478,3.150947720029059,3.1629575422455964,0.9880949093035762,1.1911035225666655,0,0
479,3.1280562724696015,3.1629669253522352,1.0053059044488502,1.1915228605648243,0,0
480,3.158823273366791,3.1629763417885375,1.0327342823118284,1.1919419345191935,0,0
481,3.1223335372700594,3.162985793737533,1.0573020903994037,1.1923607367053153,0,0
482,3.1631317947678923,3.162995283489851,1.0946339501502702,1.1927792591190534,0,0
483,3.1184850200316916,3.1630048134493887,1.121933299207268,1.1931974934620397,0,0
484,3.1673056553729633,3.163014386139291,1.1621801585929983,1.1936154311263096,0,0
485,3.1139357104920293,3.1630240042082782,1.1870832955393624,1.1940330631780764,0,0
486,3.1728208962127433,3.1630336704373145,1.2229908011409303,1.194450380340606,0,0
487,3.108016610809788,3.163043387746656,1.240873554159844,1.194867372976141,0,0
488,3.179626860095768,3.163053159203282,1.2644804282536697,1.1952840310668307,0,0
489,3.101236309778702,3.1630629880287393,1.2717030526985384,1.1957003441946166,0,0
490,3.1860736651432284,3.163072877607409,1.2740259595943968,1.196116301520027,0,0
491,3.095672825658898,3.1630828314952297,1.269421752901476,1.1965318917598309,0,0
492,3.189697347317665,3.163092853428872,1.2465053772728214,1.196947103163503,0,0
493,3.092913526746333,3.1631029473354118,1.232537715624511,1.1973619234884572,0,0
494,3.191085590607179,3.163113117342494,1.1911155460162468,1.1977763399739978,0,0
495,3.092031488914168,3.163123367789028,1.1731241692029735,1.198190339313953,0,0
496,3.190601380489369,3.1631337032363978,1.1292346847304975,1.198603907627949,0,0
497,3.0931035250267147,3.1631441284802446,1.1128832566804212,1.199017030431295,0,0
498,3.187820190417844,3.163154648562783,1.0757696517456694,1.1994296926034531,0,0
499,3.0970314559111016,3.1631652687857006,1.0609595678525146,1.1998418783550777,0,0
500,3.1793994895434987,3.163175994723609,1.0270754813475427,1.200253571193622,0,0
501,3.1085834200325,3.1631868322380803,1.0114709889919662,1.2006647538875157,0,0
502,3.163765410538629,3.1631977874922144,0.9870517464252544,1.2010754084289452,0,0
503,3.1266096922940414,3.163208866965769,0.977086640898609,1.2014855159952802,0,0
504,3.1470028242157273,3.1632200774707897,0.9712925100816783,1.2018950569092177,0,0
505,3.1432810823010886,3.1632314261677217,0.9739197417091815,1.202304010597743,0,0
506,3.1338009364196586,3.163242920581947,0.9838007059736332,1.202712355550043,0,0
507,3.154552010154743,3.1632545686206774,1.0022902822057302,1.20312006927454,0,0
508,3.1254418295277406,3.1632663785901385,1.022891749443552,1.2035271282552729,0,0
509,3.1606742611214957,3.1632783592129154,1.0547904622282982,1.20393350790789,0,0
510,3.1208391180255766,3.1632905196453494,1.0809733950379132,1.2043391825355967,0,0
511,3.1646032010883225,3.1633028694948297,1.12028821331093,1.204744125285452,0,0
512,3.1169066168104025,3.1633154188367913,1.1472668111822444,1.2051483081055046,0,0
513,3.1692192884827626,3.163328178231199,1.1867265965032199,1.2055517017033335,0,0
514,3.1118484571086014,3.163341158738271,1.2094653111647649,1.205954275506667,0,0
515,3.175295333980937,3.163354371933128,1.2417252164933472,1.2063559976268545,0,0
516,3.1054726222641746,3.1633678299190318,1.2559196682186398,1.206756834826089,0,0
517,3.1822791033398894,3.16338154533882,1.2724340530668734,1.2071567524894031,0,0
518,3.098826245042852,3.1633955313840842,1.275088065319826,1.2075557146025953,0,0
519,3.1878189139581887,3.1634098018015933,1.2677504798951005,1.2079536837373914,0,0
520,3.094332710315418,3.1634243708964003,1.2591559197859532,1.2083506210452777,0,0
521,3.190419873251846,3.163439253531022,1.2278104486424117,1.208746486261597,0,0
522,3.0923753744860583,3.163454465120022,1.211496494304964,1.209141237721631,0,0
523,3.1911404009551574,3.1634700216192733,1.1671380107750238,1.2095348323905155,0,0
524,3.0921953493181,3.1634859395091532,1.1493577345748178,1.209927225908943,0,0
525,3.189877062515088,3.1635022357708684,1.1078490575432725,1.2103183726566815,0,0
526,3.0941042993737966,3.163518927855114,1.0924239867623073,1.21070822583597,0,0
527,3.185609737655119,3.1635360336422607,1.05711110814316,1.2110967375768282,0,0
528,3.1002540348827736,3.163553571393314,1.0419383465117873,1.2114838590662502,0,0
529,3.174023438325225,3.163571559690924,1.0098324463243296,1.2118695407030586,0,0
530,3.1151097093107403,3.163590017369851,0.9953000414322343,1.2122537322799596,0,0
531,3.157207594384568,3.163608963436415,0.9777764875534014,1.2126363831939613,0,0
532,3.1334455634869975,3.163628416976644,0.9720052083380363,1.213017442685833,0,0
533,3.1414366495141763,3.1636483970530733,0.9727073220953535,1.213396860108682,0,0
534,3.1482384098840845,3.1636689225904324,0.9811918274441103,1.21377458522499,0,0
535,3.130062087340756,3.1636900122507625,0.9958099168908028,1.2141505685306007,0,0
536,3.1573820886593467,3.163711684298912,1.0199927180266801,1.2145247616032016,0,0
537,3.123405187088609,3.163733956459715,1.0432210406579319,1.214897117471811,0,0
538,3.162215025071747,3.163756845768606,1.0787464924147212,1.2152675910027129,0,0
539,3.119416270733628,3.1637803684178167,1.1058538564192126,1.2156361392962058,0,0
540,3.166199909906213,3.1638045396007155,1.1460706821281756,1.2160027220875373,0,0
541,3.115151705129834,3.1638293733571694,1.17200003526041,1.2163673021444952,0,0
542,3.1713537951835025,3.1638548824231165,1.2096303476660426,1.2167298456534292,0,0
543,3.1095600080758126,3.1638810780876985,1.2295790096108963,1.2170903225850307,0,0
544,3.1779214666400115,3.1639079700613664,1.2569666994030297,1.217448707031038,0,0
545,3.1028654233197224,3.16393556635832,1.2670051139991998,1.2178049775032491,0,0
546,3.1847202530431473,3.1639638731964026,1.2751535493036557,1.2181591171867838,0,0
547,3.0967569107747948,3.1639928949172487,1.2732890079377022,1.218511114140487,0,0
548,3.1890918297535418,3.16402263392895,1.256252108884613,1.2188609614386492,0,0
549,3.093374004433518,3.1640530906729367,1.2441778876094298,1.219208657249812,0,0
550,3.1909061720468976,3.1640842636160547,1.2059741092331038,1.21955420485023,0,0
551,3.0920783722194556,3.1641161492680645,1.1883028854753113,1.2198976125714986,0,0
552,3.190903448165358,3.1641487422240595,1.1435731986802449,1.2202388936838333,0,0
553,3.0926544258623543,3.1641820352305303,1.1265882994706498,1.2205780662183578,0,0
554,3.188786678613891,3.164216019273171,1.0878833393527265,1.220915152733498,0,0
555,3.0956295242878036,3.1642506836839224,1.0730131199324817,1.2212501800320037,0,0
556,3.182225558018588,3.164286016264347,1.0386278215803784,1.2215831788362765,0,0
557,3.104929397795725,3.1643220034220705,1.0229804145706862,1.2219141834304341,0,0
558,3.1678766412699173,3.164358630316934,0.994879733927678,1.2222432312779317,0,0
559,3.122123726310958,3.164395881013411,0.9827590809370236,1.222570362623596,0,0
560,3.150832524646843,3.164433738636022,0.9725128245662948,1.22289562008862,0,0
561,3.1397052606549103,3.1644721855246463,0.9716873969185021,1.2232190482664693,0,0
562,3.136540512201698,3.16451120338697,0.9782081438756238,1.2235406933268602,0,0
563,3.152359690427666,3.1645507734456566,0.9928389945639328,1.2238606026339902,0,0
564,3.1270247512801297,3.1645908765782487,1.0113881749503102,1.224178824384155,0,0
565,3.159551405431374,3.164631493448219,1.040545011232868,1.2244954072667893,0,0
566,3.1217672232337006,3.1646726046259808,1.0657768182404508,1.2248104001519151,0,0
567,3.1636612077605424,3.1647141906990996,1.1039597584154899,1.2251238518059515,0,0
568,3.1179256825470283,3.164756232371262,1.1312290179497215,1.2254358106369545,0,0
569,3.1679806732879126,3.164798710549879,1.1713065124936335,1.2257463244695241,0,0
570,3.1131963667905995,3.164841606422477,1.1954939809340501,1.2260554403489667,0,0
571,3.1737046704597436,3.1648849015222282,1.2302022600802316,1.2263632043737214,0,0
572,3.107099237858207,3.1649285777831437,1.246795155008775,1.2266696615546577,0,0
573,3.1806089789370375,3.1649726175855855,1.2679669650449017,1.2269748556995104,0,0
574,3.1003252417451628,3.1650170037928245,1.2735273844118975,1.227278829320531,0,0
575,3.1867692657552156,3.1650617197794286,1.2723618149888152,1.227581623563287,0,0
576,3.095131984401542,3.165106749452286,1.2662452929526558,1.227883278154511,0,0
577,3.189990911642701,3.165152077265066,1.2401043379443297,1.2281838313669013,0,0
578,3.0926905631954806,3.165197688226886,1.225177291638875,1.2284833199988388,0,0
579,3.1911389880558723,3.165243567905955,1.1823687620622292,1.2287817793670777,0,0
580,3.092057350323453,3.1652897024288578,1.1643642837408623,1.2290792433105902,0,0
581,3.190372857923865,3.165336078476166,1.1212340087295738,1.2293757442038784,0,0
582,3.093423683118651,3.1653826832749345,1.1052458180630838,1.2296713129782106,0,0
583,3.187125303387184,3.1654295045886514,1.0689042068436614,1.2299659791493918,0,0
584,3.098050754736652,3.1654765307051016,1.0540175741120468,1.2302597708508172,0,0
585,3.177549211029513,3.165523750422576,1.0205804830732277,1.2305527148707105,0,0
586,3.1108822496961626,3.165571153034809,1.0052129036207844,1.2308448366925702,0,0
587,3.1613641920949225,3.165618728314966,0.9832066588864007,1.2311361605379803,0,0
588,3.129158512648079,3.165666466498959,0.974673786501831,1.2314267094110598,0,0
589,3.144894055949516,3.1657143582683474,0.9713362358847304,1.231716505143924,0,0
590,3.1451922333150955,3.1657623947330045,0.9760535643295679,1.2320055684426308,0,0
591,3.132350840078589,3.165810567413762,0.9877522239752162,1.232293918933167,0,0
592,3.155673111442012,3.165858868225122,1.0083949993711563,1.2325815752071096,0,0
593,3.124637798498201,3.165907289458216,1.0300369723101368,1.2328685548666591,0,0
594,3.161261505609357,3.1659558237640475,1.063365582784259,1.2331548745688017,0,0
595,3.1203190462386985,3.166004464137144,1.089972317247451,1.2334405500684058,0,0
596,3.1651687438038913,3.1660532038996414,1.1297409831027163,1.233725596260108,0,0
597,3.116286799602275,3.166102036685869,1.1564180739080923,1.2340100272188697,0,0
598,3.1699742260207304,3.1661509564274524,1.1953319366341788,1.2342938562391292,0,0
599,3.111033640211018,3.1661999573389683,1.2171193902919482,1.2345770958724918,0,0
600,3.17624206088011,3.1662490339041596,1.2477455470851149,1.2348597579639253,0,0
601,3.104520565460632,3.1662981808627086,1.2604685147984016,1.2351418536864531,0,0
602,3.1832071637122064,3.1663473931975914,1.2740574934108257,1.235423393574338,0,0
603,3.098022163260063,3.1663966661229814,1.275040695404912,1.23570438755478,0,0
604,3.188335732396201,3.166445995072717,1.2641248131122338,1.2359848449781465,0,0
605,3.0939437118314888,3.1664953756893044,1.254193175988364,1.2362647746467696,0,0
606,3.190624910729001,3.1665448038134527,1.2201202368041562,1.23654418484235,0,0
607,3.0922367848684527,3.1665942754741234,1.2031867018615272,1.2368230833520049,0,0
608,3.19108773014722,3.1666437868790687,1.1584157566445086,1.237101477493017,0,0
609,3.0923288537737523,3.1666933344058528,1.1408782868185416,1.2373793741363204,0,0
610,3.18952751587168,3.1667429145933332,1.1003971564534483,1.237656779728786,0,0
611,3.094586011333766,3.1667925241335753,1.0852321224863395,1.2379337003143454,0,0
612,3.1845231119901114,3.16684215986419,1.050336501249857,1.238210141554015,0,0
613,3.1017951620501027,3.166891818761074,1.034959018333111,1.2384861087448655,0,0
614,3.171841920632174,3.1669414979315316,1.0040357104684634,1.2387616068379843,0,0
615,3.117644864673455,3.1669911946077605,0.9902344986316516,1.2390366404554856,0,0
616,3.154839438526166,3.1670409061406826,0.975378221424562,1.239311213906613,0,0
617,3.135815858022666,3.1670906299941026,0.9713395075651867,1.239585331202979,0,0
618,3.1395647727366174,3.1671403637391826,0.974245680667188,1.239858996072988,0,0
619,3.1498419047415944,3.167190105049207,0.9849640296371145,1.2401322119754856,0,0
620,3.128870991823542,3.1672398516946294,1.001119501390177,1.240404982112674,0,0
621,3.158243227324963,3.1672896015383833,1.027212397508495,1.240677309442335,0,0
622,3.122770902628408,3.167339352531448,1.0512423160601165,1.2409491966893933,0,0
623,3.162745276583303,3.1673891027086447,1.0878597498641602,1.2412206463568647,0,0
624,3.118884267034518,3.1674388501846575,1.1151158223780442,1.241491660736212,0,0
625,3.1668280029392526,3.1674885931502756,1.1554002832179606,1.2417622419171521,0,0
626,3.1144604221608083,3.1675383298688207,1.180771240866732,1.242032391796935,0,0
627,3.1721896397396336,3.167588058672774,1.2174623482227778,1.2423021120891318,0,0
628,3.108677600202394,3.1676377779605818,1.2362462270549779,1.242571404331956,0,0
629,3.1789039814226734,3.1676874861936177,1.2615209739441362,1.2428402698961407,0,0
630,3.101919907691215,3.1677371818933224,1.2699478669282496,1.2431087099924043,0,0
631,3.1855227420726195,3.167786863638477,1.27477590639025,1.2433767256785209,0,0
632,3.096108832411014,3.1678365300626274,1.2713147070504445,1.2436443178660197,0,0
633,3.1894573046842516,3.1678861798516387,1.2508474790667765,1.2439114873265371,0,0
634,3.0930964730990493,3.1679358117413785,1.2376479586303128,1.2441782346978352,0,0
635,3.191022749865219,3.1679854245155195,1.19746617707748,1.2444445604895111,0,0
636,3.0920372863068635,3.1680350170034504,1.179561718534899,1.2447104650884098,0,0
637,3.1907436384726005,3.168084588078298,1.1352331115004457,1.244975948763762,0,0
638,3.0928977976669976,3.16813413665505,1.1186101813539053,1.245241011672054,0,0
639,3.1882619897213194,3.1681836616887686,1.0808569889075308,1.2455056538616565,0,0
640,3.0963865928570797,3.1682331621728963,1.0660517288502245,1.2457698752772142,0,0
641,3.1806576715203367,3.1682826371376485,1.031931373547081,1.2460336757638155,0,0
642,3.106980526935177,3.168332085648481,1.0162573596697944,1.2462970550709545,0,0
643,3.1655169562483536,3.1683815068046375,0.9901904612247464,1.246560012856293,0,0
644,3.1247174309089574,3.168430899737769,0.9792594529467683,1.2468225486892386,0,0
645,3.148598469072097,3.168480263610617,0.9716081886889135,1.2470846620543432,0,0
646,3.1418078404024166,3.1685295976157613,0.9727466468420787,1.2473463523545367,0,0
647,3.1349254282564765,3.168578900974435,0.9812369322680073,1.247607618914203,0,0
648,3.153663305752326,3.168628172935387,0.9981081701160858,1.2478684609821042,0,0
649,3.1260811007544866,3.1686774127738033,1.0178812691920816,1.2481288777341675,0,0
650,3.1602177885782403,3.1687266197902844,1.0486595347587375,1.2483888682761326,0,0
651,3.1212259351577107,3.168775793309859,1.0744722235024857,1.2486484316460793,0,0
652,3.16419950138018,3.1688249326810585,1.1133615744925769,1.248907566816829,0,0
653,3.1173460976181855,3.1688740372750224,1.1404995738200454,1.249166272698237,0,0
654,3.1686843376261558,3.168923106484653,1.18027124175427,1.2494245481393753,0,0
655,3.1124290576269176,3.168972139723806,1.2036546970569812,1.2496823919306137,0,0
656,3.174613698735301,3.1690211364265166,1.2370090271874166,1.2499398028056037,0,0
657,3.106165686850472,3.1690700960462657,1.2522429469600431,1.2501967794431732,0,0
658,3.181579661543259,3.1691190180552744,1.2707944935327808,1.2504533204691315,0,0
659,3.099446046624633,3.169167901943833,1.2746794259443937,1.2507094244579935,0,0
660,3.1873989401861373,3.169216747219661,1.2699655658073,1.2509650899346254,0,0
661,3.0946505204142536,3.169265553407289,1.2623959613507674,1.251220315375817,0,0
662,3.190249970815912,3.1693143200474783,1.2331861755010194,1.2514750992117827,0,0
663,3.0924975258215497,3.1693630466966574,1.2174130825547285,1.2517294398275949,0,0
664,3.1911540934277043,3.169411732926385,1.1735786013277718,1.251983335564557,0,0
665,3.092122491696948,3.16946037832284,1.155669230763172,1.2522367847215135,0,0
666,3.190102973612754,3.1695089824863274,1.1134391485969597,1.2524897855561024,0,0
667,3.093794815394721,3.1695575450308113,1.0977900905206595,1.2527423362859564,0,0
668,3.1863043146203758,3.169606065583462,1.0620910664334504,1.2529944350898499,0,0
669,3.0992504821276334,3.1696545437842296,1.0470575755130378,1.253246080108796,0,0
670,3.175559715571616,3.1697029792854248,1.0142858921064954,1.2534972694470998,0,0
671,3.1132894351086944,3.1697513717513286,0.9993328488986656,1.2537480011733655,0,0
672,3.158961863683402,3.1697997208578097,0.9798795668644311,1.2539982733214594,0,0
673,3.1316557543632277,3.169848026291962,0.972899683056989,1.2542480838914372,0,0
674,3.1428677707251267,3.169896287751753,0.9719265276253637,1.2544974308504284,0,0
675,3.146990643606422,3.169944504945697,0.9787972245888051,1.2547463121334868,0,0
676,3.1309958876786594,3.169992677592519,0.9922176221793967,1.2549947256444054,0,0
677,3.156693839149767,3.1700408054208626,1.0149356987032754,1.2552426692564986,0,0
678,3.1239040983915203,3.170088888168982,1.0375243390753859,1.2554901408133528,0,0
679,3.1618188699610474,3.170136925584462,1.0721655008307445,1.2557371381295463,0,0
680,3.119800149570146,3.1701849174239425,1.099098161067112,1.255983658991341,0,0
681,3.1657550228752327,3.1702328634528603,1.1391771050578536,1.2562297011573473,0,0
682,3.115641709339427,3.17028076344519,1.1654573172863063,1.2564752623591626,0,0
683,3.1707590673467294,3.1703286171832055,1.2036836402007085,1.2567203403019842,0,0
684,3.1101927321007126,3.170376424457246,1.2244390512671832,1.2569649326652,0,0
685,3.1772059114770754,3.1704241850654875,1.2532617329289435,1.2572090371029545,0,0
686,3.1035649940457417,3.1704718988137333,1.2644551147125234,1.2574526512446964,0,0
687,3.1840970462858427,3.170519565515196,1.2749590510477853,1.2576957726957014,0,0
688,3.0972711424416914,3.170567184990311,1.274289488068901,1.2579383990375794,0,0
689,3.1887921637573524,3.1706147570665277,1.2598224240924252,1.2581805278287599,0,0
690,3.0936003182299174,3.1706622815781356,1.2486266323020017,1.2584221566049607,0,0
691,3.1907989805624144,3.1707097583660815,1.2120696642507285,1.2586632828796407,0,0
692,3.092132256468961,3.170757187277795,1.1946581795042006,1.2589039041444332,0,0
693,3.1909958059488925,3.1708045681670236,1.149801638833545,1.2591440178695656,0,0
694,3.0925019597581365,3.1708519008936764,1.132567183363378,1.259383621504265,0,0
695,3.1891234974062344,3.170899185323661,1.0931219815668782,1.259622712477147,0,0
696,3.0951509828115973,3.1709464213287433,1.0781536247701566,1.2598612881965925,0,0
697,3.183263409555535,3.1709936087864,1.043574137623185,1.2600993460511096,0,0
698,3.10353398253631,3.171040747579679,1.0280159183819206,1.2603368834096873,0,0
699,3.169578222386237,3.1710878375970695,0.998604320972802,1.2605738976221306,0,0
700,3.1202208983957362,3.1711348787323685,0.9857108327169307,1.2608103860193896,0,0
701,3.152509917322002,3.17118187088456,0.9735247776263415,1.2610463459138745,0,0
702,3.1380956206235076,3.171228813957694,0.9713087456246744,1.2612817745997624,0,0
703,3.1377858181002978,3.1712757078607723,0.9763309978321031,1.2615166693532907,0,0
704,3.151334410507026,3.1713225525076307,0.9893053576448638,1.2617510274330446,0,0
705,3.127772776673352,3.171369347816841,1.0068840368466496,1.2619848460802316,0,0
706,3.1590238577625946,3.171416093711598,1.0347830903481179,1.2622181225189502,0,0
707,3.1221797107956344,3.1714627901196226,1.0595355959035302,1.2624508539564478,0,0
708,3.163272256329853,3.171509436973068,1.097108069554401,1.262683037583372,0,0
709,3.1183378880714456,3.1715560342084195,1.1244093981161787,1.2629146705740124,0,0
710,3.167482670186933,3.1716025817664097,1.1646244561750343,1.2631457500865364,0,0
711,3.1137415554290544,3.1716490795919294,1.1893457520850579,1.2633762732632166,0,0
712,3.173053664200161,3.1716955276339434,1.2249487974655053,1.2636062372306511,0,0
713,3.107774077872493,3.1717419258454096,1.2424949398641805,1.2638356390999788,0,0
714,3.179889015812813,3.1717882741832004,1.2654715960295786,1.2640644759670854,0,0
715,3.1009910764712756,3.171834572608029,1.2722535399225163,1.2642927449128059,0,0
716,3.1862652475330395,3.171880821084373,1.273654937212435,1.2645204430031192,0,0
717,3.0955228310609955,3.1719270195804072,1.2686426059201357,1.2647475672893387,0,0
718,3.189779135404035,3.171973168067938,1.2448538590419769,1.2649741148082945,0,0
719,3.0928512209946,3.1720192665223315,1.230620421277121,1.2652000825825145,0,0
720,3.191103491768375,3.172065314922458,1.1887942607435193,1.2654254676203953,0,0
721,3.092034554186841,3.172111313250626,1.1707879622993256,1.2656502669163727,0,0
722,3.1905444624308537,3.172157261492527,1.1270841070688433,1.265874477451085,0,0
723,3.0931841569916965,3.17220315963718,1.1108307766546521,1.2660980961915307,0,0
724,3.187646261458699,3.172249007676877,1.073934658508338,1.2663211200912257,0,0
725,3.097286348134672,3.1722948056071267,1.0591118687160772,1.2665435460903514,0,0
726,3.178921460164864,3.1723405534266162,1.025329932292751,1.2667653711159013,0,0
727,3.109183563578115,3.1723862511371497,1.0097718589428777,1.2669865920818246,0,0
728,3.16312698539947,3.172431898743613,0.9859782480170384,1.2672072058891621,0,0
729,3.127292476414324,3.1724774962539257,0.976381966164889,1.267427209426183,0,0
730,3.1464335642026935,3.1725230436789995,0.9712507511764172,1.2676465995685129,0,0
731,3.143800994616923,3.1725685410326974,0.974427915804763,1.2678653731792644,0,0
732,3.133405471588554,3.1726139883317983,0.9848018931805268,1.268083527109158,0,0
733,3.1548606137107638,3.172659385595957,1.003871472869383,1.268301058196644,0,0
734,3.1252203715481452,3.1727047328476723,1.0247597113891134,1.26851796326802,0,0
735,3.1608341993723967,3.1727500301122533,1.0570503214393039,1.2687342391375434,0,0
736,3.1207000857212464,3.172795277417786,1.0833554044963636,1.2689498826075452,0,0
737,3.164751957210568,3.1728404747951067,1.1228052393552759,1.2691648904685353,0,0
738,3.1167439556855334,3.1728856222777693,1.1497129708648521,1.2693792594993096,0,0
739,3.1694174096436925,3.172930719902024,1.1890410696853795,1.2695929864670517,0,0
740,3.1116340872460833,3.1729757677067902,1.2115345344850654,1.269806068127433,0,0
741,3.175545561759567,3.1730207657336322,1.2433755820422359,1.2700185012247094,0,0
742,3.1052197608442618,3.173065714026738,1.2571841920331117,1.2702302824918161,0,0
743,3.1825294204565515,3.1731106126328985,1.2729359354003102,1.2704414086504603,0,0
744,3.098607292372441,3.1731554616014876,1.2751438653888632,1.2706518764112091,0,0
745,3.187962701643862,3.1732002609844496,1.266852565028765,1.2708616824735786,0,0
746,3.094224328231503,3.173245010836275,1.2578950500954602,1.2710708235261172,0,0
747,3.1904774564675265,3.1732897112139917,1.2258014804288564,1.2712792962464896,0,0
748,3.092335258650422,3.1733343621771515,1.2093089874093061,1.271487097301556,0,0
749,3.191130211352071,3.1733789637878167,1.1648072691663074,1.271694223347451,0,0
750,3.0922270449241207,3.173423516110548,1.1470847118857401,1.2719006710296599,0,0
751,3.189788858687327,3.173468019212398,1.1058462495630454,1.272106436983092,0,0
752,3.0942253833037108,3.1735124731629036,1.0904959588713967,1.2723115178321538,0,0
753,3.1853366507130403,3.1735568780340757,1.0553058955717265,1.2725159101908186,0,0
754,3.100644846838142,3.173601233900401,1.0400789371900825,1.2727196106626941,0,0
755,3.173451686908414,3.173645540838828,1.0082560876201587,1.27292261584109,0,0
756,3.115779505896624,3.1736897989287747,0.9939007439195411,1.2731249223090815,0,0
757,3.156573921780211,3.1737340082521186,0.9770848412274244,1.2733265266395726,0,0
758,3.1340849921194933,3.1737781688932034,0.9717656669686431,1.2735274253953568,0,0
759,3.140929203469644,3.1738222809388357,0.9730635413816022,1.2737276151291772,0,0
760,3.1486763377609157,3.173866344478288,0.9821396209656408,1.273927092383783,0,0
761,3.129735731221569,3.1739103596033034,0.9971780313869774,1.2741258536919862,0,0
762,3.157619810313014,3.173954326408099,1.0218794309771435,1.274323895576717,0,0
763,3.1232314655168096,3.173998244989372,1.045329009002885,1.2745212145510754,0,0
764,3.162357023751756,3.174042115446307,1.08115826337235,1.274717807118383,0,0
765,3.1192757547139216,3.1740859378805855,1.1083153393670098,1.2749136697722334,0,0
766,3.166364663248775,3.1741297123963896,1.1485636570959177,1.275108798996542,0,0
767,3.11497027937312,3.17417343910042,1.1743533020088914,1.275303191265591,0,0
768,3.171573562885392,3.1742171181019008,1.211747887099107,1.2754968430440778,0,0
769,3.109327213895431,3.1742607495125967,1.231393627804111,1.2756897507871579,0,0
770,3.178182486030624,3.1743043334468237,1.2582365175120656,1.2758819109404897,0,0
771,3.1026124756431934,3.174347870021464,1.2678496644396706,1.2760733199402765,0,0
772,3.1849394824744786,3.174391359355982,1.2751255750312,1.2762639742133084,0,0
773,3.096578302757294,3.174434801572442,1.2728319118711235,1.2764538701770012,0,0
774,3.18919378249311,3.174478196795524,1.2548724325711238,1.2766430042394368,0,0
775,3.0932967573794437,3.1745215451525426,1.2424901793726602,1.2768313727994012,0,0
776,3.1909406102527016,3.1745648467734675,1.2037285769009896,1.2770189722464218,0,0
777,3.0920637403854876,3.174608101790941,1.185981849864063,1.2772057989608039,0,0
778,3.1908647167466193,3.1746513103403036,1.1413346037506267,1.277391849313666,0,0
779,3.092715176740372,3.1746944725596116,1.1244442679523525,1.2775771196669745,0,0
780,3.18865484642199,3.1747375885896645,1.0860003410414356,1.27776160637358,0,0
781,3.095818552088202,3.174780658574026,1.0711553588752376,1.2779453057772479,0,0
782,3.181825108311204,3.174823682659048,1.0368381461947394,1.2781282142126933,0,0
783,3.105459464859932,3.174866660993896,1.0211716093290641,1.2783103280056134,0,0
784,3.1672522177959714,3.174909593730579,0.9935861425174652,1.2784916434727187,0,0
785,3.1228150993402757,3.174952481023972,0.9817673484311302,1.2786721569217663,0,0
786,3.150231372217476,3.1749953230318453,0.9722184345668672,1.2788518646515887,0,0
787,3.140275648769901,3.1750381199148925,0.9719084172716151,1.279030762952128,0,0
788,3.1361011332133084,3.1750808718367582,0.9789618804424982,1.279208848104465,0,0
789,3.1527173566549327,3.1751235789640693,0.9941921032314388,1.2793861163808506,0,0
790,3.126765045703747,3.1751662414664636,1.0130782170017918,1.279562564044737,0,0
791,3.159734415874235,3.1752088595166192,1.0426773563047897,1.279738187350808,0,0
792,3.121621043039708,3.1752514332902897,1.068072173483558,1.2799129825450115,0,0
793,3.1638034489955875,3.1752939629663275,1.1064574586530445,1.2800869458645903,0,0
794,3.1177734236477987,3.175336448726726,1.1337015622185946,1.2802600735381124,0,0
795,3.1681652243208425,3.175378890756644,1.173710980680998,1.2804323617855062,0,0
796,3.1129947584923756,3.1754212892444382,1.1976928826320512,1.2806038068180907,0,0
797,3.1739443683240283,3.175463644381702,1.2320558893728613,1.280774404838611,0,0
798,3.1068520705249494,3.1755059563632932,1.2482935411346532,1.2809441520412694,0,0
799,3.180868966954599,3.175548225387368,1.2687855098850258,1.2811130446117638,0,0
800,3.1000876348770845,3.1755904516554145,1.2739005537286985,1.2812810787273212,0,0
801,3.186943434036912,3.1756326353722906,1.271794691335015,1.2814482505567353,0,0
802,3.094998110327385,3.1756747767462485,1.2652851533155067,1.2816145562604047,0,0
803,3.190063113749213,3.1757168759889773,1.2383105934324328,1.2817799919903718,0,0
804,3.0926362218334,3.1757589333156298,1.223146598407275,1.2819445538903635,0,0
805,3.191146789240294,3.1758009489448615,1.1800294839524457,1.2821082380958342,0,0
806,3.0920708515706905,3.175842923098859,1.1620404124803911,1.2822710407340079,0,0
807,3.1903051168276093,3.175884856003376,1.119138126436698,1.2824329579239255,0,0
808,3.093517247933754,3.175926747887766,1.1032433069313161,1.2825939857764903,0,0
809,3.1869198681003055,3.1759685989850115,1.0670858774811842,1.2827541203945194,0,0
810,3.0983518928994083,3.1760104095317616,1.0521662778857628,1.2829133578727931,0,0
811,3.1770321767991994,3.176052179768361,1.0188819629565717,1.2830716942981095,0,0
812,3.1115137607372536,3.176093909938879,1.0036070338290002,1.2832291257493413,0,0
813,3.1607238999498937,3.1761356002911456,0.9822693424779887,1.2833856482974932,0,0
814,3.129829286943803,3.176177251076775,0.9741388000596926,1.283541258005764,0,0
815,3.1443461475101357,3.1762188625512024,0.9714400367025854,1.2836959509296095,0,0
816,3.1456821841703575,3.1762604349737074,0.9767250182319105,1.2838497231168113,0,0
817,3.1319807277679197,3.1763019686074414,0.9888918697248612,1.2840025706075457,0,0
818,3.1559545401473215,3.1763434637194607,1.010095591412996,1.2841544894344568,0,0
819,3.124435902669731,3.1763849205807464,1.0319984613175026,1.2843054756227346,0,0
820,3.1614123952541906,3.1764263394662335,1.06568834333071,1.284455525190194,0,0
821,3.120181044655355,3.1764677206548324,1.0923916157580347,1.2846046341473594,0,0
822,3.1653227239698016,3.1765090644294545,1.1322568306422973,1.2847527984975522,0,0
823,3.1161175293382364,3.1765503710770324,1.15883747381858,1.2849000142369844,0,0
824,3.1701803117461744,3.17659164088854,1.1975821839266283,1.2850462773548517,0,0
825,3.110812200253214,3.1766328741590137,1.2191025626103165,1.2851915838334365,0,0
826,3.1764972274339702,3.1766740711875685,1.249265306762453,1.2853359296482119,0,0
827,3.104266187231208,3.1767152322774166,1.261586349841134,1.2854793107679505,0,0
828,3.1834482702430127,3.176756357735877,1.274368748559247,1.2856217231548415,0,0
829,3.097816736837915,3.176797447874397,1.2749096068358297,1.2857631627646062,0,0
830,3.188462973413744,3.1768385030085553,1.2630440573221133,1.2859036255466263,0,0
831,3.0938480561849055,3.1768795234580764,1.2527684753164783,1.2860431074440715,0,0
832,3.190674336138701,3.1769205095468407,1.218008767619064,1.2861816043940364,0,0
833,3.092205535719327,3.176961461602884,1.200933965227278,1.2863191123276798,0,0
834,3.191067082395314,3.177002379958404,1.1561094619565015,1.2864556271703744,0,0
835,3.0923710713018657,3.1770432649497686,1.138647583169705,1.286591144841856,0,0
836,3.1894256020510396,3.1770841169175044,1.098443364730478,1.286725661256387,0,0
837,3.094727602106879,3.177124936206304,1.0833373515132811,1.286859172322918,0,0
838,3.1842049377552475,3.1771657231650168,1.0485342419262027,1.286991673945261,0,0
839,3.1022392011215927,3.1772064781466423,1.0331042896195388,1.2871231620222687,0,0
840,3.1712462851286056,3.177247201508322,1.0025515145036719,1.2872536324480197,0,0
841,3.1183278282986855,3.1772878936113265,0.9889751242078385,1.2873830811120095,0,0
842,3.1542147783653682,3.1773285548210404,0.9748312814157044,1.2875115038993517,0,0
843,3.136432235591876,3.1773691855069477,0.9712694670311426,1.2876388966909835,0,0
844,3.139081885052207,3.177409786042611,0.9747475923806458,1.2877652553638803,0,0
845,3.1502501483888703,3.1774503568056467,0.9860654222292103,1.2878905757912782,0,0
846,3.1285695395647637,3.1774908981777013,1.0026111883911781,1.2880148538429024,0,0
847,3.15845856846487,3.1775314105444252,1.0291953443938493,1.2881380853852051,0,0
848,3.1226096972042483,3.1775718942954385,1.0534253962795876,1.2882602662816114,0,0
849,3.1628855997239747,3.1776123498242974,1.0903107913264676,1.2883813923927723,0,0
850,3.1187403399340585,3.177652777528458,1.1175890035599754,1.2885014595768265,0,0
851,3.1669996854670477,3.1776931778092354,1.1578683139954251,1.2886204636896716,0,0
852,3.114271701574,3.1777335510717606,1.1830751240713038,1.2887384005852425,0,0
853,3.1724170305942674,3.1777738977249297,1.2194911402420705,1.2888552661157981,0,0
854,3.1084389546236064,3.1778142181813607,1.2379524408505056,1.2889710561322196,0,0
855,3.1791663416865226,3.177854512857335,1.2626334130069838,1.289085766484314,0,0
856,3.10167057635066,3.1778947821727406,1.2706250582442733,1.2891993930211298,0,0
857,3.185726553553993,3.177935026551014,1.2745499591992486,1.2893119315912789,0,0
858,3.09594670876803,3.177975246419076,1.2706708760669503,1.2894233780432705,0,0
859,3.18954701395654,3.1780154422072626,1.2493073759391378,1.2895337282258525,0,0
860,3.093028126131633,3.178055614349253,1.2358231492472913,1.2896429779883627,0,0
861,3.1910478272917238,3.1780957632820006,1.1951698641364767,1.2897511231810892,0,0
862,3.0920327759802144,3.17813588944565,1.1772258973598047,1.2898581596556413,0,0
863,3.1906944633205168,3.1781759932834546,1.133043689671031,1.2899640832653292,0,0
864,3.0929697371251694,3.178216075241696,1.1165192256438736,1.2900688898655523,0,0
865,3.1881076788438363,3.178256135769588,1.0790046628167171,1.2901725753142004,0,0
866,3.096611269865038,3.178296175319191,1.0642028142919802,1.2902751354720594,0,0
867,3.180211226692379,3.178336194345309,1.030161879916754,1.2903765662032332,0,0
868,3.1075533463821507,3.178376193305392,1.0145035714052286,1.2904768633755692,0,0
869,3.1648827381997617,3.178416172659432,0.9890209228261815,1.290576022861097,0,0
870,3.1254058239660067,3.1784561328698544,0.9784317537060523,1.2906740405364774,0,0
871,3.148014822433879,3.1784960744014055,0.9714595673833537,1.2907709122834583,0,0
872,3.142349449247194,3.1785359977210383,0.9731338288519489,1.2908666339893418,0,0
873,3.1345113615440106,3.178575903297792,0.9821342828666696,1.290961201547463,0,0
874,3.153992435075452,3.178615791602669,0.9995960188259622,1.2910546108576737,0,0
875,3.125844030625761,3.1786556631085094,1.019676402194965,1.2911468578268406,0,0
876,3.160386332034095,3.178695518289859,1.0508681884998532,1.2912379383693502,0,0
877,3.1210847671133806,3.1787353576228363,1.0768208882823427,1.291327848407624,0,0
878,3.1643450474773136,3.1787751815849923,1.1158737515589907,1.2914165838726428,0,0
879,3.117188030393127,3.1788149906551717,1.1429600097876098,1.291504140704481,0,0
880,3.168876658978945,3.178854785313367,1.1826270858644479,1.2915905148528484,0,0
881,3.1122200355867924,3.1788945660405687,1.2057818240923173,1.2916757022776446,0,0
882,3.174859737613913,3.1789343333186135,1.238748946814646,1.2917596989495175,0,0
883,3.1059148174025246,3.1789740876300314,1.2536096457681924,1.2918425008504346,0,0
884,3.1818350353400935,3.17901382945788,1.2714328043352536,1.2919241039742613,0,0
885,3.0992183956422186,3.1790535592855904,1.2748708176594832,1.292004504327348,0,0
886,3.1875554507998167,3.1790932775967953,1.2692058135826005,1.2920836979291257,0,0
887,3.094531828809322,3.1791329848751637,1.2612600290008429,1.2921616808127092,0,0
888,3.1903135611691744,3.179172681604225,1.231262928049766,1.2922384490255097,0,0
889,3.09245124587353,3.1792123682671978,1.215285382233526,1.2923139986298526,0,0
890,3.191151559709484,3.179252045346811,1.171238543729014,1.2923883257036064,0,0
891,3.092146481969357,3.179291713325121,1.1533706791712723,1.292461426340816,0,0
892,3.190023805553984,3.1793313726833294,1.1113977755692814,1.2925332966523453,0,0
893,3.0939032381857623,3.1793710239015947,1.095832846365405,1.2926039327665235,0,0
894,3.1860617518550463,3.179410667458845,1.0602822506138292,1.2926733308298035,0,0
895,3.0996023953767398,3.1794503038325868,1.0452004866785713,1.29274148700742,0,0
896,3.1750090493435414,3.1794899334987092,1.0126516862555666,1.2928083974840603,0,0
897,3.1139454812297287,3.1795295569312856,0.9978398850072231,1.292874058464535,0,0
898,3.158323931846386,3.1795691746023818,0.9790828669275211,1.2929384661744598,0,0
899,3.1323099304935496,3.179608786981848,0.9725352068123481,1.2930016168609375,0,0
900,3.142342784142128,3.1796483945371192,0.9721758908077677,1.2930635067932488,0,0
901,3.1474505340674543,3.179687997733012,0.9796293674793622,1.2931241322635456,0,0
902,3.1306510691112224,3.1797275970315155,0.9934910932937376,1.2931834895875496,0,0
903,3.1569494071146003,3.1797671928915854,1.016746765399513,1.2932415751052548,0,0
904,3.1237194177711882,3.1798067857689354,1.0395727697611254,1.2932983851816326,0,0
905,3.161963640254136,3.1798463761158238,1.0745427937643843,1.2933539162073424,0,0
906,3.1196612876272294,3.1798859643808446,1.1015452397411327,1.2934081645994426,0,0
907,3.16591499602915,3.1799255510087128,1.1416829402106206,1.2934611268021072,0,0
908,3.1154655174997554,3.1799651364400514,1.1678416044974278,1.293512799287341,0,0
909,3.1709730917073675,3.1800047211111764,1.2058606291826386,1.2935631785557,0,0
910,3.10996457750526,3.1800443054538827,1.2263279920002415,1.293612261137012,0,0
911,3.1774649356522313,3.180083889895228,1.2546409408815107,1.293660043591098,0,0
912,3.103310743523457,3.1801234748573166,1.2654180968895636,1.2937065225084954,0,0
913,3.18432637903091,3.1801630607570837,1.275075607748864,1.29375169451118,0,0
914,3.0970807892239747,3.1802026480060785,1.2739703194689926,1.2937955562532901,0,0
915,3.1889042134880494,3.1802422370102477,1.2585662174118732,1.2938381044218492,0,0
916,3.093515812220612,3.1802818281697243,1.2470466467204875,1.293879335737487,0,0
917,3.1908399436775823,3.1803214218786047,1.2098738268784843,1.2939192469551608,0,0
918,3.092110420042508,3.180361018524741,1.1923592211937089,1.2939578348648755,0,0
919,3.190964719358939,3.180400618489523,1.1475311113615334,1.2939950962923994,0,0
920,3.0925547867273817,3.180440222147664,1.1303850762467007,1.2940310280999814,0,0
921,3.1890055134633513,3.180479829866995,1.0912115532688775,1.2940656271870612,0,0
922,3.0953178504879304,3.180519442008247,1.0762835605103611,1.2940988904909805,0,0
923,3.1828978637081278,3.1805590589248425,1.0417767191957097,1.2941308149876882,0,0
924,3.104029149735839,3.1805986809626936,1.0261806216958402,1.2941613976924415,0,0
925,3.1689640963653836,3.1806383084599847,0.9972258223530943,1.294190635660506,0,0
926,3.120910873918247,3.1806779417469797,0.9846026752560281,1.294218525987846,0,0
927,3.1518976788159065,3.180717581145807,0.9731234098142824,1.2942450658118159,0,0
928,3.1386862226985492,3.1807572269702704,0.9714070410849118,1.29427025231184,0,0
929,3.137327938879721,3.180796879525643,0.9769784165074078,1.294294082710092,0,0
930,3.1517133301835707,3.180836539108473,0.9905545104458001,1.2943165542721646,0,0
931,3.1274957052788426,3.1808762060063898,1.0084926396337195,1.294337664307735,0,0
932,3.159219467384268,3.1809158804979134,1.0368548426433333,1.2943574101712219,0,0
933,3.122028188331416,3.1809555628522665,1.0617863690819194,1.2943757892624361,0,0
934,3.1634130238090314,3.180995253329186,1.0995893573815154,1.2943927990272253,0,0
935,3.118189468779899,3.1810349521787438,1.1268853929898086,1.2944084369581066,0,0
936,3.167661664352272,3.181074659641169,1.167058995494094,1.2944227005948954,0,0
937,3.1135454177273387,3.1811143759466636,1.1915920844309862,1.2944355875253228,0,0
938,3.1732883270274157,3.1811541013152382,1.2268798961246439,1.2944470953856464,0,0
939,3.1075302307290467,3.18119383595654,1.2440844099521255,1.29445722186125,0,0
940,3.180150817794818,3.181233580069686,1.266417593493992,1.2944659646872343,0,0
941,3.1007476430513194,3.1812733338431003,1.272757298399418,1.2944733216489988,0,0
942,3.186452254859224,3.181313097454359,1.2732314515670047,1.2944792905828124,0,0
943,3.0953771936377223,3.181352871070034,1.2678148274869756,1.294483869376375,0,0
944,3.18985824745021,3.181392654845542,1.2431633294933278,1.2944870559693653,0,0
945,3.092791050496072,3.181432448925,1.2286714354439638,1.294488848353983,0,0
946,3.1911187344859173,3.181472253441084,1.1864664147801744,1.294489244575474,0,0
947,3.092040389363573,3.1815120685148877,1.1684536534333148,1.2944882427326485,0,0
948,3.190484701038708,3.181551894255795,1.1249479784941343,1.2944858409783844,0,0
949,3.0932680897410525,3.1815917307613457,1.108791952816268,1.294482037520121,0,0
950,3.1874644930614626,3.181631578117116,1.0721048706311922,1.2944768306203378,0,0
951,3.0975530191688208,3.1816714363965937,1.0572636931991166,1.2944702185970247,0,0
952,3.178432553802375,3.1817113056610715,1.0235952357811051,1.2944621998241352,0,0
953,3.109792729236929,3.1817511859595293,1.0080955055378449,1.294452772732029,0,0
954,3.1624876353211255,3.1817910773285334,0.9849404816722291,1.294441935807901,0,0
955,3.1279725400980816,3.181830979792135,0.9757223134321238,1.2944296875961967,0,0
956,3.1458698091956987,3.181870893361777,0.9712477618178689,1.2944160266990161,0,0
957,3.144312957644228,3.1819108180362004,0.9749797758102245,1.2944009517764985,0,0
958,3.1330167599682746,3.181950753801363,0.9858403384519289,1.2943844615471989,0,0
959,3.15516187807285,3.1819907006303603,1.0054853452753494,1.2943665547884478,0,0
960,3.1250043307192956,3.1820306584833475,1.0266532231877048,1.2943472303366959,0,0
961,3.1609914303586586,3.1820706273074735,1.0593277238729097,1.2943264870878453,0,0
962,3.1205615301017424,3.1821106070368153,1.0857482711442783,1.2943043239975665,0,0
963,3.1649020171379845,3.1821505975923228,1.1253228245985454,1.2942807400815983,0,0
964,3.116579570084524,3.1821905988817627,1.1521528251530375,1.2942557344160353,0,0
965,3.169617648304784,3.182230610799673,1.1913393240807293,1.294229306137598,0,0
966,3.1114178061372457,3.182270633227322,1.2135816445250265,1.294201454443888,0,0
967,3.175797197824109,3.182310666032672,1.2449921362872727,1.2941721785936287,0,0
968,3.1049663512385,3.1823507090703456,1.2584104790039,1.294141477906889,0,0
969,3.182777544806117,3.1823907621816065,1.2733875356018562,1.294109351765292,0,0
970,3.0983917652419373,3.1824308251943374,1.2751500901002681,1.2940757996122059,0,0
971,3.1881019755267417,3.182470897923025,1.2659053001878173,1.2940408209529224,0,0
972,3.0941194893560087,3.1825109801687588,1.2565897863068158,1.2940044153548147,0,0
973,3.19053287841459,3.182551071719221,1.2237635360045933,1.2939665824474813,0,0
974,3.0922974492722184,3.182591172348696,1.2071022548896357,1.2939273219228735,0,0
975,3.1911172369869547,3.182631281818082,1.1624817901096638,1.2938866335354056,0,0
976,3.0922615390200714,3.1826713998749017,1.1448221946336852,1.2938445171020472,0,0
977,3.189697185212941,3.182711526253327,1.1038569553341493,1.2938009725024018,0,0
978,3.094351525135668,3.182751660674207,1.0885775674707803,1.293755999678765,0,0
979,3.1850518960733614,3.182791802845101,1.0535015577424118,1.2937095986361677,0,0
980,3.101049896272759,3.1828319524603175,1.0382196731587257,1.293661769442401,0,0
981,3.1728730337674143,3.182872109200962,1.0067028317203328,1.2936125122280255,0,0
982,3.1164534272117863,3.182912272734985,0.9925374302728286,1.2935618271863611,0,0
983,3.155942297873571,3.182952442717243,0.9764315959811588,1.2935097145734613,0,0
984,3.1347185908660093,3.182992618789561,0.971571366478252,1.2934561747080686,0,0
985,3.1404282362731686,3.1830328005807984,0.9734585574418194,1.2934012079715531,0,0
986,3.149106329090928,3.1830729877069306,0.9831288140645967,1.2933448148078344,0,0
987,3.1294160429655506,3.183113179771128,0.9985796834265489,1.2932869957232829,0,0
988,3.157851336978704,3.183153376363839,1.0237925244965798,1.2932277512866077,0,0
989,3.123061353264516,3.183193577062891,1.0474576734653875,1.2931670821287236,0,0
990,3.162498349897451,3.1832337814335845,1.0835813677283008,1.2931049889426003,0,0
991,3.1191344512088577,3.1832739890288004,1.110780821747036,1.293041472483096,0,0
992,3.1665312189790313,3.1833141993891103,1.1510508228901892,1.2929765335667724,0,0
993,3.1147869270620228,3.183354412042893,1.1766942165754835,1.2929101730716908,0,0
994,3.171795387721842,3.1833946265064603,1.2138426624183378,1.2928423919371912,0,0
995,3.1090928048202358,3.1834348422841825,1.2331801821192234,1.292773191163655,0,0
996,3.1784440285394027,3.1834750588686247,1.2594653446726258,1.292702571812248,0,0
997,3.1023602766536746,3.1835152757406866,1.2686502893755929,1.2926305350046463,0,0
998,3.1851547749836455,3.1835554923697487,1.2750449359512785,1.2925570819227454,0,0
999,3.0964040504647996,3.1835957082138258,1.2723248984484932,1.2924822138083514,0,0
1000,3.189292303973723,3.18363592271972,1.2534491194542552,1.2924059319628542,0,0
1001,3.093221978751506,3.183676135323188,1.2407648083645957,1.2923282377468843,0,0
1002,3.1909726074443334,3.1837163454491075,1.2014676116453633,1.2922491325799506,0,0
1003,3.0920517745067624,3.183756552511652,1.1836551948109668,1.2921686179400644,0,0
1004,3.1908232097881073,3.1837967559144666,1.139108553585083,1.2920866953633416,0,0
1005,3.092778852978583,3.1838369550508605,1.1223143229639565,1.2920033664435926,0,0
1006,3.1885174665792513,3.1838771493039872,1.0841262895616555,1.2919186328318926,0,0
1007,3.096016446924233,3.183917338047047,1.0693008295763333,1.2918324962361358,0,0
1008,3.1814121634764554,3.1839575206434816,1.0350526130840982,1.2917449584205756,0,0
1009,3.1060014994303633,3.1839976964471823,1.0193752711589188,1.2916560212053436,0,0
1010,3.1666247165892405,3.1840378648026992,0.9923247169397458,1.2915656864659575,0,0
1011,3.1235062198952854,3.1840780250454563,0.9808187772156767,1.291473956132811,0,0
1012,3.1496346243568407,3.184118176501966,0.9719628736574946,1.2913808321906484,0,0
1013,3.1408384901746795,3.184158318490061,0.9721738151341861,1.2912863166780226,0,0
1014,3.1356684871291587,3.1841984503191156,0.9797540409545493,1.2911904116867416,0,0
1015,3.15306737048089,3.1842385712902797,0.9955819074833931,1.291093119361296,0,0
1016,3.126511498803135,3.18427868069672,1.0147969078145878,1.2909944418982748,0,0
1017,3.1599132655241617,3.184318777823852,1.044830737888042,1.290894381545766,0,0
1018,3.1214764464293197,3.1843588619495935,1.07038258582799,1.2907929406027434,0,0
1019,3.1639464349674467,3.1843989323446045,1.1089599032941775,1.2906901214184394,0,0
1020,3.1176196766759166,3.1844389882725466,1.1361717134511256,1.2905859263917063,0,0
1021,3.1683518251901006,3.1844790289903333,1.1761033673514896,1.2904803579703619,0,0
1022,3.112791167477063,3.1845190537483905,1.1998734753035831,1.2903734186505254,0,0
1023,3.1741858184021523,3.1845590617909174,1.2338801635245835,1.290265110975939,0,0
1024,3.106603817652493,3.184599052356152,1.2497577128485347,1.2901554375372803,0,0
1025,3.1811279754374504,3.1846390246766383,1.2695567586750713,1.2900444009714593,0,0
1026,3.0998524557179743,3.1846789779794964,1.2742257093955676,1.2899320039609095,0,0
1027,3.187112895745011,3.1847189114866943,1.271175860537545,1.2898182492328643,0,0
1028,3.094868389781903,3.1847588244153244,1.2642776380827883,1.2897031395586251,0,0
1029,3.1901329488568564,3.184798715977878,1.2364810371330248,1.2895866777528207,0,0
1030,3.0925840018323796,3.1848385853825287,1.2210883955124177,1.2894688666726555,0,0
1031,3.1911518553181093,3.1848784318334045,1.1776883855423714,1.2893497092171504,0,0
1032,3.0920871433447346,3.1849182545308814,1.1597221046327317,1.2892292083263746,0,0
1033,3.190234408068435,3.184958052671856,1.117056874630951,1.2891073669806703,0,0
1034,3.0936145463617826,3.1849978254500364,1.1012533865568863,1.2889841881998707,0,0
1035,3.1867050861804906,3.185037572056227,1.0652707172589098,1.2888596750425085,0,0
1036,3.098666187505247,3.1850772916786134,1.0503134394392328,1.2887338306050218,0,0
1037,3.1765056418550905,3.185116983503048,1.0171988849739777,1.2886066580209512,0,0
1038,3.1121524691250166,3.185156646713342,1.0020294222273733,1.2884781604601334,0,0
1039,3.1600838344405173,3.1851962804915477,0.9813691100098088,1.2883483411278893,0,0
1040,3.1304960664206902,3.185235884018248,0.9736491977755769,1.288217203264208,0,0
1041,3.1438042098754497,3.1852754564728443,0.9715825956502528,1.2880847501429258,0,0
1042,3.146164126502193,3.185314997033842,0.9774395556730756,1.2879509850709048,0,0
1043,3.131617360252496,3.1853545048791365,0.9900676523946985,1.2878159113872067,0,0
1044,3.156228933817476,3.185393979186299,1.0118264609952548,1.287679532462264,0,0
1045,3.1242388352050177,3.185433419132861,1.0339837479124228,1.2875418516970512,0,0
1046,3.1615613783805174,3.185472823896596,1.0680264605903107,1.2874028725222526,0,0
1047,3.12004298586945,3.185512192655802,1.0948192396092726,1.2872625983974324,0,0
1048,3.1654782333142513,3.185551524589581,1.1347708672482693,1.287121032810203,0,0
1049,3.115946442998228,3.1855908188781186,1.1612483354618395,1.2869781792753914,0,0
1050,3.1703885185533074,3.1856300747029582,1.199813802272184,1.2868340413342119,0,0
1051,3.1105889329951046,3.185669291247276,1.2210614380383231,1.2866886225534346,0,0
1052,3.176753536570596,3.1857084676961525,1.2507486084193593,1.28654192652456,0,0
1053,3.10401167040976,3.1857476032368415,1.2626637212069807,1.286393956862993,0,0
1054,3.183686482805969,3.185786697059038,1.2746284900192493,1.286244717207221,0,0
1055,3.097615193047556,3.185825748355137,1.2747284913362238,1.286094211217997,0,0
1056,3.1885860201567096,3.1858647563205036,1.2619158138671642,1.2859424425775223,0,0
1057,3.093755521336027,3.1859037201537195,1.2513015353042012,1.2857894149886375,0,0
1058,3.190721549391615,3.1859426390568424,1.2158729999145712,1.2856351321740176,0,0
1059,3.092176742069332,3.1859815122356587,1.1986670695868098,1.2854795978753688,0,0
1060,3.191043651876901,3.186020338899926,1.1538116917297514,1.2853228158526362,0,0
1061,3.092416101058946,3.1860591182636155,1.1364293188666397,1.285164789883214,0,0
1062,3.189319677014622,3.186097849545156,1.0965017357575448,1.2850055237611622,0,0
1063,3.0948754133207976,3.186136531967667,1.0814500310687665,1.2848450212964333,0,0
1064,3.1838742821816908,3.186175164759183,1.0467328795862878,1.2846832863141018,0,0
1065,3.102697160309671,3.1862137471528924,1.0312530616622548,1.2845203226536057,0,0
1066,3.170645209873483,3.186252278387348,1.0010942317076084,1.2843561341679937,0,0
1067,3.1190132482742357,3.1862907577066886,0.9877550410053686,1.2841907247231796,0,0
1068,3.153593106604632,3.186329184360853,0.9743230553345683,1.2840240981972102,0,0
1069,3.1370419842293487,3.1863675576057866,0.97124437367963,1.2838562584795374,0,0
1070,3.1386056244740836,3.186405876703643,0.9752882885159047,1.2836872094703022,0,0
1071,3.1506505455655236,3.1864441409229847,0.9872067882039076,1.2835169550796288,0,0
1072,3.128274643121992,3.186482349538972,1.004134672201502,1.2833454992269275,0,0
1073,3.1586683802794226,3.1865205018335545,1.0312026489609742,1.283172845840209,0,0
1074,3.1224513461458483,3.186558597095651,1.0556272523771064,1.2829989988554094,0,0
1075,3.163025848303913,3.1865966346213277,1.0927707726865779,1.2828239622157256,0,0
1076,3.1185953113636184,3.18663461371397,1.1200637908612052,1.282647739870963,0,0
1077,3.1671732815365097,3.186672533684448,1.1603282635512875,1.2824703357768938,0,0
1078,3.1140810145577498,3.186710393851276,1.1853644793438765,1.2822917538946272,0,0
1079,3.172646397650572,3.18674819354077,1.2214947953038306,1.2821119981899916,0,0
1080,3.1081988550795407,3.186785932087196,1.2396283887734163,1.2819310726329305,0,0
1081,3.1794287531219414,3.1868236088329156,1.2637023866667145,1.2817489811969076,0,0
1082,3.1014225875523223,3.186861223128519,1.271256621234597,1.281565727858328,0,0
1083,3.185926000067797,3.186898774332965,1.2742712926691064,1.281381316595969,0,0
1084,3.095788999766764,3.186936261813701,1.2699777273880921,1.2811957513904284,0,0
1085,3.1896337500839613,3.186973684946788,1.2477261877875385,1.2810090362235789,0,0
1086,3.092962006503169,3.1870110431170127,1.2339639261695872,1.2808211750780432,0,0
1087,3.1910703272752854,3.1870483357180013,1.192863302377332,1.2806321719366767,0,0
1088,3.0920310040481844,3.1870855621523186,1.1748889559577163,1.2804420307820679,0,0
1089,3.1906424899765007,3.1871227218315674,1.1308681641952945,1.2802507555960492,0,0
1090,3.0930447720434615,3.1871598141764834,1.1144423444384428,1.2800583503592236,0,0
1091,3.187946574238629,3.1871968386170146,1.0771591381905368,1.279864819050504,0,0
1092,3.0968465234418665,3.18723379459241,1.0623548103851814,1.2796701656466667,0,0
1093,3.1797530635338593,3.1872706815512886,1.0284001004047298,1.2794743941219193,0,0
1094,3.108136496087378,3.1873074989517107,1.0127682304275731,1.2792775084474806,0,0
1095,3.164246708057565,3.1873442462612416,0.987885804613888,1.2790795125911778,0,0
1096,3.1260925071497447,3.1873809229570043,0.9776485037272601,1.2788804105170557,0,0
1097,3.1474362580792707,3.187417528525742,0.9713497414646777,1.278680206184999,0,0
1098,3.1428832254503796,3.1874540624638548,0.9735650250329901,1.278478903550371,0,0
1099,3.1341040450614166,3.1874905242774436,0.983069503598139,1.2782765065636659,0,0
1100,3.1543140675673733,3.187526913482348,1.00111830156533,1.2780730191701726,0,0
1101,3.1256127366445057,3.187563229604173,1.0214983839666067,1.2778684453096567,0,0
1102,3.1605515562814013,3.1875994721783147,1.0530959072217225,1.277662788916054,0,0
1103,3.1209445181376005,3.18763564074998,1.0791822326696388,1.2774560539171773,0,0
1104,3.1644916896666615,3.1876717348742005,1.1183882515602426,1.2772482442344397,0,0
1105,3.117028324392338,3.18770775411584,1.1454157901736928,1.2770393637825903,0,0
1106,3.1690710781469575,3.1877436980495992,1.1849684750637466,1.2768294164694638,0,0
1107,3.112009060413359,3.1877795662600135,1.2078884475686602,1.2766184061957442,0,0
1108,3.17510734656477,3.1878153583414446,1.240456969332686,1.2764063368547425,0,0
1109,3.105663147412125,3.187851073898074,1.2549398010489305,1.2761932123321873,0,0
1110,3.1820887403730764,3.187886712543882,1.2720219750126598,1.2759790365060304,0,0
1111,3.0989937715962497,3.187922273902625,1.2750131828417064,1.2757638132462634,0,0
1112,3.187707303959709,3.187957757607817,1.2683955633467388,1.2755475464147525,0,0
1113,3.094416968595214,3.187993163302688,1.2600783223879886,1.2753302398650794,0,0
1114,3.1903749547372597,3.1880284906401584,1.22930760114247,1.275111897442403,0,0
1115,3.092407172934624,3.188063739282794,1.2131348286040249,1.2748925229833288,0,0
1116,3.1911462514281226,3.1880989089027643,1.1689009540632425,1.2746721203157931,0,0
1117,3.092173268351137,3.188133999181789,1.1510807760308694,1.274450693258962,0,0
1118,3.189941436567956,3.188169009811094,1.1093705957586193,1.2742282456231395,0,0
1119,3.0940160570914657,3.1882039404913436,1.0938866379506385,1.2740047812096904,0,0
1120,3.185808406165202,3.1882387909325893,1.0584749991383953,1.2737803038109754,0,0
1121,3.099968331329079,3.1882735608542006,1.043342196866236,1.2735548172102984,0,0
1122,3.174450377386572,3.188308249984791,1.0110374663049646,1.2733283251818661,0,0
1123,3.114606927467334,3.188342858062155,0.9963799405834238,1.2731008314907588,0,0
1124,3.15768730630251,3.1883773848331862,0.9783241507686362,1.2728723398929145,0,0
1125,3.1329589877953183,3.1884118300537967,0.9722161162750921,1.2726428541351231,0,0
1126,3.141824105181279,3.1884461934888364,0.9724640315541951,1.2724123779550334,0,0
1127,3.147902438837433,3.1884804749120033,0.9805037370847371,1.272180915081171,0,0
1128,3.130312964516264,3.1885146741057553,0.9947992855983779,1.2719484692329674,0,0
1129,3.15719837347814,3.1885487908612156,1.0185858014247144,1.2717150441208,0,0
1130,3.1235388845375613,3.188582824978077,1.0416432319434983,1.271480643446043,0,0
1131,3.1621072439817155,3.1886167762645017,1.0769331494120191,1.271245270901129,0,0
1132,3.1195219173417663,3.18865064453702,1.1039981253229787,1.2710089301696212,0,0
1133,3.1660766707132972,3.188684429620419,1.1441846429833271,1.2707716249262955,0,0
1134,3.115287439482883,3.188718131347646,1.1702151446960987,1.2705333588372338,0,0
1135,3.1711892116583855,3.1887517495596853,1.2080165959902442,1.2702941355599249,0,0
1136,3.1097347082015188,3.1887852841054545,1.2281904643935913,1.2700539587433786,0,0
1137,3.1777247732268186,3.188818734841682,1.2559810520316346,1.269812832028245,0,0
1138,3.1030568406011123,3.1888521016327935,1.2663385449964673,1.2695707590469465,0,0
1139,3.184552177913293,3.1888853843507916,1.2751398276700157,1.2693277434238188,0,0
1140,3.096894646673983,3.1889185828751274,1.2736010441341323,1.269083788775258,0,0
1141,3.1890124905423125,3.1889516970925853,1.2572646592168022,1.2688388987098789,0,0
1142,3.0934340241278377,3.1889847268971483,1.2454269160890579,1.2685930768286815,0,0
1143,3.190878572214482,3.1890176721898755,1.2076587394771745,1.2683463267252244,0,0
1144,3.092091172612341,3.189050532878769,1.190051113679396,1.2680986519858082,0,0
1145,3.190930857437575,3.1890833088786423,1.145271687152241,1.267850056189665,0,0
1146,3.09261047071942,3.189116000110989,1.1282166235039213,1.267600542909156,0,0
1147,3.188882731268759,3.189148606503847,1.0893115392522508,1.2673501157099774,0,0
1148,3.09549238559735,3.1891811279916618,1.0744185400424486,1.2670987781513727,0,0
1149,3.182519602475312,3.189213564515151,1.0399815638123766,1.266846533786351,0,0
1150,3.1045372884172147,3.189245916021165,1.024353645511346,1.266593386161915,0,0
1151,3.1683459203135613,3.189278182462546,0.9958774786099922,1.2663393388192914,0,0
1152,3.121601716004907,3.1893103637979876,0.9835363123876303,1.2660843952941712,0,0
1153,3.1512892804004813,3.1893424599919,0.9727608655127195,1.2658285591169538,0,0
1154,3.1392695965077686,3.1893744710142564,0.9715499574995337,1.2655718338129984,0,0
1155,3.136876764103326,3.189406396840461,0.9776644870025247,1.265314222902879,0,0
1156,3.152084508436621,3.189438237451197,0.9918418624630505,1.2650557299026477,0,0
1157,3.127224998026183,3.1894699928322896,1.0101312274854952,1.2647963583240995,0,0
1158,3.1594103138647944,3.1895016629745556,1.03894903244389,1.2645361116750464,0,0
1159,3.1218787737870985,3.189533247873666,1.0640538389112697,1.26427499345959,0,0
1160,3.1635542229701983,3.1895647475299906,1.1020771687649291,1.264013007178406,0,0
1161,3.118039703137866,3.189596161948464,1.129360670467215,1.2637501563290265,0,0
1162,3.167842658776898,3.189627491138431,1.1694831627429458,1.263486444406129,0,0
1163,3.1133472947062373,3.1896587351135097,1.1938217119717245,1.2632218749018298,0,0
1164,3.1735248503720244,3.1896898938914386,1.2287834502284707,1.2629564513059792,0,0
1165,3.107285125551048,3.189720967493939,1.2456413574858987,1.2626901771064603,0,0
1166,3.1804121071938325,3.1897519559465652,1.2673178303152388,1.2624230557894915,0,0
1167,3.100506177344705,3.189782859278561,1.273213961076544,1.2621550908399315,0,0
1168,3.1866346343491654,3.1898136775227193,1.272755658306134,1.2618862857415856,0,0
1169,3.0952358725508433,3.1898444107152337,1.2669387167118018,1.2616166439775158,0,0
1170,3.1899347779954152,3.189875058895561,1.2414345943288672,1.2613461690303531,0,0
1171,3.092732999666643,3.189905622106276,1.2266918196513372,1.2610748643826089,0,0
1172,3.1911312944599577,3.1899361003929294,1.1841333075300235,1.2608027335169916,0,0
1173,3.092049002099019,3.189966493803912,1.1661222715710915,1.2605297799167214,0,0
1174,3.190422071429937,3.189996802390309,1.1228264104968166,1.260256007065849,0,0
1175,3.0933554193925006,3.1900270262057675,1.1067665544212306,1.2599814184495717,0,0
1176,3.187274487968566,3.1900571653063543,1.0702797218660645,1.259706017554553,0,0
1177,3.0978318733565757,3.190087219750422,1.0554146472459724,1.2594298078692419,0,0
1178,3.177933116836284,3.1901171895984732,1.0218725948948901,1.2591527928841908,0,0
1179,3.1104104323684054,3.1901470749130296,1.0064434467340906,1.258874976092375,0,0
1180,3.161847673607878,3.190176875758491,0.9839388550473006,1.2585963609895112,0,0
1181,3.128649531264864,3.1902065922010165,0.9751078222386035,1.2583169510743755,0,0
1182,3.145311695913982,3.1902362243083844,0.971283535713129,1.2580367498491194,0,0
1183,3.144816945543173,3.1902657721498677,0.9755751817169692,1.257755760819588,0,0
1184,3.132634800876439,3.1902952357961105,0.9869157749434443,1.2574739874956324,0,0
1185,3.155455873015569,3.1903246153189984,1.0071312563810937,1.2571914333914245,0,0
1186,3.1247935608657187,3.190353910791538,1.028571817094828,1.2569081020257677,0,0
1187,3.1611461719938028,3.1903831222877366,1.0616220995612082,1.2566239969224067,0,0
1188,3.1204233010133087,3.190412249882479,1.0881513235451994,1.2563391216103352,0,0
1189,3.1650534469161027,3.190441293651412,1.1278403334881204,1.2560534796241,0,0
1190,3.116413433095957,3.190470253670832,1.154585777423262,1.2557670745041047,0,0
1191,3.169820008125645,3.190499130017564,1.1936207174765165,1.2554799097969078,0,0
1192,3.111199633182538,3.1905279227688546,1.2156060583498098,1.25519198905552,0,0
1193,3.176050176862322,3.1905566320022642,1.2465741770314742,1.2549033158396985,0,0
1194,3.104712494964072,3.1905852577955542,1.2595979244963724,1.2546138937162346,0,0
1195,3.183023286532176,3.1906138002265862,1.2737884877188224,1.254323726259242,0,0
1196,3.098179796264779,3.1906422593732167,1.275106584554493,1.254032817050438,0,0
1197,3.1882368079820864,3.1906706353131953,1.264909150426068,1.2537411696794225,0,0
1198,3.0940180826861217,3.190698928124071,1.2552406711423427,1.2534487877439522,0,0
1199,3.1905861353737754,3.1907271378830906,1.2216978144995787,1.2531556748502102,0,0
1200,3.092261985863923,3.1907552646671054,1.2048776394736342,1.2528618346130709,0,0
1201,3.191101477037312,3.190783308552484,1.1601625062291108,1.2525672706563613,0,0
1202,3.0922988334879764,3.190811269615019,1.1425707665916265,1.2522719866131153,0,0
1203,3.18960191935823,3.190839147929843,1.1018808599528425,1.251975986125826,0,0
1204,3.0944830048714422,3.190866943571342,1.086668258716218,1.2516792728466881,0,0
1205,3.184755206968411,3.1908946566130787,1.0516979810700127,1.2513818504378411,0,0
1206,3.1014691666024947,3.190922287127705,1.0363612819400432,1.2510837225715998,0,0
1207,3.172287874383158,3.1909498351868955,1.0051737463034822,1.2507848929306857,0,0
1208,3.1171310210105005,3.1909773008612667,0.9912110630141058,1.250485365208448,0,0
1209,3.155312981197966,3.1910046842203066,0.9758168606737934,1.25018514310908,0,0
1210,3.1353461274061765,3.19103198533231,0.9714222358670315,1.24988423034783,0,0
1211,3.1399337960748146,3.1910592042643073,0.9738923737196282,1.2495826306512052,0,0
1212,3.149528405924155,3.1910863410820043,0.9841590612675827,1.2492803477571697,0,0
1213,3.1291029990662245,3.191113395849721,1.0000144209052708,1.2489773854153339,0,0
1214,3.1580768341230936,3.191140368630331,1.0257314451801562,1.2486737473871419,0,0
1215,3.1228946504565194,3.191167259485208,1.0496065358047957,1.2483694374460454,0,0
1216,3.16263917150064,3.1911940684741738,1.086015171334913,1.2480644593776777,0,0
1217,3.1189922693436376,3.1912207956554455,1.1132496583132168,1.2477588169800153,0,0
1218,3.1666996093824515,3.191247441085592,1.1535315741640089,1.247452514063536,0,0
1219,3.1146016357897417,3.191274004819483,1.1790221987303786,1.247145554451367,0,0
1220,3.172019251419465,3.1913004869102495,1.2159140427316015,1.2468379419794287,0,0
1221,3.1088568207560052,3.191326887409248,1.2349380902928122,1.2465296804965675,0,0
1222,3.1787059773896753,3.1913532063660175,1.2606525078377864,1.2462207738646867,0,0
1223,3.1021089798812898,3.191379443828247,1.2694065130182717,1.245911225958862,0,0
1224,3.185366001825628,3.191405599841746,1.2749115727099125,1.2456010406674582,0,0
1225,3.0962341853374045,3.191431674450411,1.2717680889713983,1.2452902218922315,0,0
1226,3.189387519161761,3.1914576676962008,1.251982822998938,1.2449787735484272,0,0
1227,3.0931495920695933,3.1914835796191157,1.2390025907296336,1.2446666995648705,0,0
1228,3.1910021253024365,3.1915094102571673,1.1991926028502327,1.244354003884047,0,0
1229,3.0920424974918483,3.1915351596463695,1.1813241574203979,1.244040690462177,0,0
1230,3.190778924453587,3.1915608278207137,1.1368954767471555,1.243726763269282,0,0
1231,3.092845489841377,3.1915864148121558,1.1201985274235382,1.2434122262892437,0,0
1232,3.1883742312816765,3.1916119206506104,1.0822606252081932,1.2430970835198536,0,0
1233,3.0962236615438834,3.1916373453639344,1.0674488861004818,1.242781338972857,0,0
1234,3.180986880757755,3.1916626889779196,1.033272071467199,1.2424649966739865,0,0
1235,3.1065550897205747,3.1916879515162964,1.017592975777122,1.2421480606629902,0,0
1236,3.165994481195579,3.19171313300072,0.9910961115403331,1.2418305349936518,0,0
1237,3.1241966918591353,3.191738233450778,0.9799137721683638,1.2415124237338,0,0
1238,3.149042472316461,3.1917632528839897,0.9717461353912233,1.2411937309653138,0,0
1239,3.1413936929124637,3.1917881913158084,0.9724834992830371,1.2408744607841171,0,0
1240,3.1352425804585238,3.1918130487596312,0.9805845075722526,1.2405546173001691,0,0
1241,3.1534097684546936,3.191837825226805,0.997007825555375,1.2402342046374417,0,0
1242,3.1262640206504293,3.191862520726637,1.0165437648839253,1.2399132269338953,0,0
1243,3.160088177537958,3.191887135266407,1.0470046404056172,1.2395916883414413,0,0
1244,3.121333250173308,3.1919116688513824,1.0727074370202023,1.2392695930259015,0,0
1245,3.164090267466309,3.191936121484833,1.1114664465269763,1.2389469451669561,0,0
1246,3.1174643971082063,3.191960493168052,1.1386388672731496,1.2386237489580894,0,0
1247,3.1685404909374237,3.191984783900373,1.1784830450765207,1.238300008606521,0,0
1248,3.112585598580077,3.1920089936791918,1.2020351751515423,1.2379757283331363,0,0
1249,3.174428976219156,3.1920331224999914,1.2356744140467604,1.237650912372406,0,0
1250,3.1063545490659994,3.192057170356366,1.2511870508226917,1.2373255649722994,0,0
1251,3.181385825690515,3.192081137240048,1.2702801904649972,1.2369996903941898,0,0
1252,3.099619868245447,3.1921050231409356,1.2745025537305097,1.2366732929127549,0,0
1253,3.187277646565713,3.1921288280471223,1.27050560174659,1.2363463768158676,0,0
1254,3.094742747083489,3.1921525519449303,1.2632231410946873,1.2360189464044826,0,0
1255,3.190200476469222,3.192176194818941,1.2346166075180072,1.235691005992513,0,0
1256,3.092533918042641,3.192199756652028,1.219003881793387,1.2353625599067035,0,0
1257,3.191154172411222,3.1922232374253965,1.1753466579104577,1.2350336124864956,0,0
1258,3.092106228075728,3.1922466371186133,1.1574102411923772,1.234704168083885,0,0
1259,3.1901606820464714,3.192269955709652,1.114990195131733,1.2343742310632757,0,0
1260,3.093715730048339,3.1922931931749257,1.0992756868813578,1.2340438058013248,0,0
1261,3.1864805597035173,3.192316349489328,1.0634582424532664,1.2337128966867825,0,0
1262,3.098993927587084,3.1923394246262795,1.0484589939154512,1.2333815081203268,0,0
1263,3.1759699984294447,3.1923624185577584,1.0155324793796543,1.2330496445143913,0,0
1264,3.1127978911296594,3.1923853312543558,1.0004814142909628,1.232717310292987,0,0
1265,3.1594442904026194,3.1924081626853122,0.9805062424633337,1.232384509891519,0,0
1266,3.1311585356513643,3.1924309128185606,0.9732050093873751,1.232051247756598,0,0
1267,3.1432683451338055,3.1924535816207755,0.9717639154074578,1.2317175283458448,0,0
1268,3.146638059852203,3.1924761690574193,0.9781969763545365,1.2313833561276923,0,0
1269,3.131260732060568,3.1924986750927844,0.9912792211789077,1.2310487355811799,0,0
1270,3.156496394431265,3.1925210996900453,1.0135869798316424,1.2307136711957423,0,0
1271,3.124046422457468,3.1925434428112993,1.0359923651266771,1.230378167470997,0,0
1272,3.1617086588178958,3.1925657044176248,1.0703793326630155,1.2300422289165236,0,0
1273,3.1199047416386594,3.19258788446912,1.097254514061401,1.2297058600516397,0,0
1274,3.165635322302553,3.1926099829249566,1.1372824699100155,1.2293690654051732,0,0
1275,3.1157735200743772,3.1926319997434285,1.1636500681074042,1.229031849515228,0,0
1276,3.170598842588069,3.1926539348820007,1.202026152015245,1.2286942169289476,0,0
1277,3.1103638657295503,3.1926757882973598,1.2229954375336807,1.2283561722022744,0,0
1278,3.1770109074128867,3.192697559945462,1.2521947459921157,1.2280177198997035,0,0
1279,3.103757137143086,3.192719249781586,1.263700059844654,1.2276788645940342,0,0
1280,3.183921622952885,3.192740857760379,1.2748364574121702,1.2273396108661179,0,0
1281,3.0974176330021823,3.1927623838359125,1.274497290268233,1.2269999633046011,0,0
1282,3.188704977079727,3.192783827961726,1.2607406275551036,1.2266599265056668,0,0
1283,3.0936659956037036,3.192805190090883,1.2497929850325806,1.226319505072771,0,0
1284,3.190766522751424,3.1928264701760143,1.2137142501070137,1.2259787036163776,0,0
1285,3.0921504420409485,3.1928476681693767,1.1963873631020174,1.2256375267536883,0,0
1286,3.191017440658103,3.192868784022892,1.151523201098664,1.2252959791083735,0,0
1287,3.0924639509492273,3.1928898176882066,1.1342238884188294,1.224954065310295,0,0
1288,3.189209556759829,3.192910769116732,1.0945718381417289,1.2246117899952311,0,0
1289,3.0950298044971234,3.1929316382596995,1.079569536360569,1.2242691578045968,0,0
1290,3.1835310227430504,3.1929524250682064,1.0449326407212527,1.2239261733851619,0,0
1291,3.1031688430251685,3.1929731294932657,1.0294064947931314,1.2235828413887682,0,0
1292,3.1700390723785774,3.1929937514858477,0.9996647820400483,1.2232391664720428,0,0
1293,3.1197006938004024,3.193014290996937,0.9865749915505636,1.2228951532961103,0,0
1294,3.152974658900708,3.1930347479775705,0.9738535881383854,1.2225508065263053,0,0
1295,3.1376449250066027,3.19305512237889,0.9712641415645283,1.2222061308318788,0,0
1296,3.138136017258033,3.1930754141521818,0.9758677493237065,1.2218611308857077,0,0
1297,3.151043122926172,3.1930956232489276,0.9883876884227686,1.2215158113639997,0,0
1298,3.1279862602896387,3.1931157496208455,1.005689474193644,1.2211701769459984,0,0
1299,3.158872858562346,3.1931357932199353,1.0332337936770681,1.220824232313687,0,0
1300,3.1222956484493998,3.1931557539985183,1.0578473476537553,1.2204779821514922,0,0
1301,3.1631661661898023,3.193175631909287,1.0952390520587767,1.2201314311459832,0,0
1302,3.1184491097574405,3.193195426905339,1.1225395596934928,1.2197845839855757,0,0
1303,3.167348816458951,3.193215138940222,1.1627795251377602,1.2194374453602301,0,0
1304,3.1138883538184126,3.193234767967976,1.1876387277145466,1.2190900199611523,0,0
1305,3.172877713583126,3.1932543139431666,1.22347267740834,1.218742312480492,0,0
1306,3.1079573499298974,3.193273776820932,1.2412734758287465,1.218394327611043,0,0
1307,3.179691074465621,3.1932931565570115,1.2647272637126263,1.2180460700459408,0,0
1308,3.1011761059391723,3.193312453107792,1.2718421416066346,1.217697544478362,0,0
1309,3.1861209946081943,3.193331666430337,1.2739399704866508,1.2173487556012221,0,0
1310,3.095635694147948,3.193350796482426,1.2692354863862205,1.2169997081068744,0,0
1311,3.1897176263137954,3.1933698432225874,1.2461046445204689,1.2166504066868087,0,0
1312,3.0928980723030244,3.1933888066101317,1.2320712431628809,1.216300856031351,0,0
1313,3.1910902181437755,3.193407686605186,1.1905478463624921,1.215951060829361,0,0
1314,3.0920319838645924,3.193426483168724,1.1725520197738366,1.2156010257679346,0,0
1315,3.19058770555082,3.193445196262599,1.1287067778819415,1.215250755532102,0,0
1316,3.0931229677110523,3.1934638258495696,1.112379424050007,1.2149002548045291,0,0
1317,3.1877783066565875,3.193482371893333,1.0753198329778477,1.2145495282652206,0,0
1318,3.097092801136938,3.1935008343585523,1.0605071704945663,1.2141985805912199,0,0
1319,3.1792834654679827,3.1935192132108807,1.0266471364371632,1.2138474164563149,0,0
1320,3.108729507745577,3.193537508416993,1.0110529268887125,1.2134960405307402,0,0
1321,3.1636091918470703,3.193555719944604,0.9867856153579532,1.2131444574808838,0,0
1322,3.1267771072682784,3.1935738477624986,0.9769099445904752,1.212792671968992,0,0
1323,3.1468629370834527,3.193591891840548,0.9712787005451025,1.212440688652878,0,0
1324,3.143409118426606,3.193609852149745,0.9740401245820891,1.2120885121856302,0,0
1325,3.1337034807043573,3.1936277286622072,0.9840423931801885,1.2117361472153205,0,0
1326,3.1546282551643503,3.1936455213512147,1.0026743878237288,1.2113835983847188,0,0
1327,3.1253870961088577,3.193663230191216,1.023346741037069,1.2110308703310024,0,0
1328,3.160713684911124,3.193680855157854,1.055342146762453,1.210677967685472,0,0
1329,3.120805022925905,3.1936983962279815,1.0815556010599334,1.2103248950732663,0,0
1330,3.1646395079190577,3.1937158533796786,1.1209044325026436,1.2099716571130799,0,0
1331,3.1168669463840595,3.1937332265922636,1.1478663152170954,1.209618258416881,0,0
1332,3.16926760386246,3.193750515846313,1.1872947705923347,1.2092647035896331,0,0
1333,3.1117961453272525,3.1937677211236726,1.2099739828021638,1.2089109972290162,0,0
1334,3.1753564698071792,3.193784842407472,1.2421324040758734,1.2085571439251508,0,0
1335,3.1054107639557533,3.1938018796821304,1.2562327947377678,1.2082031482603233,0,0
1336,3.1823405870509442,3.1938188329333737,1.2725615690779022,1.2078490148087146,0,0
1337,3.0987723242192087,3.193835702148243,1.275106302203879,1.2074947481361276,0,0
1338,3.187854541867841,3.1938524873151013,1.267535207988964,1.20714035279972,0,0
1339,3.0943058389851896,3.193869188423641,1.2588513228400493,1.2067858333477375,0,0
1340,3.190434172683734,3.193885805464896,1.2273212858932572,1.206431194319247,0,0
1341,3.092365340802582,3.1939023384312417,1.2109627228657167,1.206076440243876,0,0
1342,3.191138163342476,3.193918787316402,1.1665668835907765,1.2057215756415505,0,0
1343,3.0922028514826914,3.1939351521154555,1.1488002367100392,1.2053666050222362,0,0
1344,3.1898557800672798,3.193951432824839,1.107357395745087,1.2050115328856832,0,0
1345,3.0941334940676057,3.193967629442346,1.0919509802961935,1.2046563637211687,0,0
1346,3.185543934123391,3.1939837419671337,1.0566690036207418,1.204301102007247,0,0
1347,3.100348411708119,3.1939997703997194,1.041483082822791,1.2039457522114974,0,0
1348,3.1738841019620216,3.1940157147419854,1.0094443908990038,1.203590318790278,0,0
1349,3.115273306066495,3.1940315749971737,0.9949541446031265,1.2032348061884766,0,0
1350,3.1570522615419656,3.194047351169884,0.9776035912583433,1.2028792188392694,0,0
1351,3.1336026564089594,3.194063043266078,0.9719423694497725,1.2025235611638778,0,0
1352,3.1413118029177167,3.194078651293069,0.9727909575381299,1.20216783757133,0,0
1353,3.14834637339333,3.194094175259521,0.9814200538553147,1.2018120524582223,0,0
1354,3.129981559978227,3.1941096151754444,0.9961417813786811,1.2014562102084854,0,0
1355,3.15744087723078,3.194124971052189,1.0204522190683456,1.20110031519315,0,0
1356,3.123362306138888,3.1941402429024386,1.043735246363953,1.200744371770118,0,0
1357,3.1622498655923437,3.194155430740205,1.0793359436265866,1.2003883842839316,0,0
1358,3.1193819324264207,3.1941705345808207,1.1064561569375142,1.2000323570655493,0,0
1359,3.1662400857123365,3.1941855544409257,1.1466816027547617,1.1996762944321206,0,0
1360,3.1151074595956536,3.194200490338465,1.172577353957146,1.1993202006867647,0,0
1361,3.1714074152285865,3.1942153422926745,1.2101509073249799,1.1989640801183503,0,0
1362,3.1095031587346713,3.1942301103240744,1.2300258903024337,1.198607937001279,0,0
1363,3.1779853239894678,3.1942447944544554,1.2572813730926657,1.1982517755952693,0,0
1364,3.102803426862321,3.194259394706865,1.2672159406523316,1.1978956001451444,0,0
1365,3.184774289011538,3.194273911105601,1.27515156415118,1.1975394148806204,0,0
1366,3.0967127772198566,3.1942883436761953,1.2731817062671504,1.197183224016099,0,0
1367,3.189117117347911,3.1943026924453974,1.2559183577595188,1.1968270317504592,0,0
1368,3.093354857490569,3.194316957441167,1.2437681693400702,1.196470842266855,0,0
1369,3.1909148279722075,3.194331138692654,1.2054257823223353,1.1961146597325119,0,0
1370,3.0920745444188307,3.1943452362301863,1.1877351566450658,1.1957584882985266,0,0
1371,3.1908942211123428,3.194359250085251,1.143023933730947,1.195402332099671,0,0
1372,3.092669032219828,3.1943731802904822,1.1260620264594015,1.1950461952541938,0,0
1373,3.18875489582814,3.194387026879639,1.087421421626177,1.1946900818636281,0,0
1374,3.09567501308935,3.1944007898875935,1.0725579044959799,1.1943339960125998,0,0
1375,3.1821286682817878,3.1944144693503085,1.0381892711949483,1.193977941768638,0,0
1376,3.105058059299907,3.194428065304821,1.0225364519302809,1.193621923181987,0,0
1377,3.167724051619641,3.1944415777892257,0.9945600552724857,1.1932659442854197,0,0
1378,3.1222930138803675,3.1944550068426487,0.9825122840643392,1.1929100090940563,0,0
1379,3.1506849331361337,3.194468352505235,0.9724371518368558,1.1925541216051811,0,0
1380,3.139845615068765,3.194481614818125,0.9717374071974906,1.1921982857980622,0,0
1381,3.136432306198312,3.1944947938234343,0.978389141790417,1.191842505633776,0,0
1382,3.1524479759878887,3.19450788956423,0.9931668860983686,1.1914867850550281,0,0
1383,3.126960587256661,3.194520902084514,1.0117993147403521,1.1911311279859822,0,0
1384,3.1595966130501387,3.194533831429197,1.0410651531730193,1.1907755383320864,0,0
1385,3.1217312738764242,3.1945466776440767,1.0663374214665065,1.1904200199799029,0,0
1386,3.1636959730645215,3.194559440775818,1.1045708582111167,1.1900645767969396,0,0
1387,3.11788853629193,3.1945721208719235,1.131834620236797,1.1897092126314839,0,0
1388,3.1680256728193092,3.1945847179807174,1.171896340697846,1.1893539313124362,0,0
1389,3.1131471855591593,3.1945972321513167,1.1960340532258118,1.1889987366491486,0,0
1390,3.1737631972871263,3.194609663433605,1.2306588076816622,1.1886436324312606,0,0
1391,3.107038821787054,3.194622011878215,1.2471651714402878,1.1882886224285418,0,0
1392,3.1806727192539976,3.194634277536496,1.2681717331095417,1.1879337103907324,0,0
1393,3.1002668471222363,3.194646460460494,1.273623178689202,1.1875789000473855,0,0
1394,3.1868123460690216,3.1946585607029196,1.272227746408138,1.1872241951077134,0,0
1395,3.095098816941587,3.19467057831713,1.2660145986473657,1.1868695992604332,0,0
1396,3.1900088130851927,3.1946825133570944,1.2396684915087677,1.1865151161736154,0,0
1397,3.0926770618873114,3.1946943658773734,1.224682673958736,1.1861607494945317,0,0
1398,3.191141150223954,3.194706135933089,1.181796213021807,1.1858065028495077,0,0
1399,3.092060398349767,3.194717823579895,1.1637948080635288,1.185452379843774,0,0
1400,3.190356543178124,3.194729428873956,1.120719468227004,1.18509838406132,0,0
1401,3.0934462553022555,3.1947409518719128,1.104754311270915,1.1847445190647494,0,0
1402,3.1870758439773303,3.1947523926308556,1.0684586602287707,1.1843907883951361,0,0
1403,3.098123290515998,3.1947637512082987,1.053564410975729,1.1840371955718811,0,0
1404,3.177423512109538,3.1947750276621463,1.020163231765848,1.1836837440925732,0,0
1405,3.1110361864158147,3.1947862220506664,1.004817161299888,1.1833304374328477,0,0
1406,3.1612074088127096,3.194797334432462,0.9829737406258982,1.1829772790462483,0,0
1407,3.1293231066677536,3.194808364866438,0.974538599373135,1.1826242723640887,0,0
1408,3.1447593519172887,3.1948193134117755,0.9713580688441436,1.182271420795318,0,0
1409,3.1453129401852036,3.1948301801278967,0.9762139796626115,1.1819187277263836,0,0
1410,3.1322595925868124,3.1948409650744387,0.988027912391526,1.1815661965210986,0,0
1411,3.15574267610889,3.1948516683112147,1.0088085636918758,1.181213830520507,0,0
1412,3.124587907842964,3.1948622898981944,1.0305150265753298,1.1808616330427535,0,0
1413,3.1612986390799205,3.194872829895464,1.0639328693462298,1.18050960738295,0,0
1414,3.1202852540503287,3.1948832883631937,1.0905638873522956,1.1801577568130475,0,0
1415,3.1652063080472197,3.194893665361613,1.1303571334997753,1.1798060845817058,0,0
1416,3.116245519734969,3.1949039609509704,1.1570112324190465,1.1794545939141654,0,0
1417,3.170024490829606,3.1949141751915042,1.1958846076051617,1.179103288012119,0,0
1418,3.1109795899577954,3.19492430814341,1.217607194031096,1.1787521700535861,0,0
1419,3.1763044297438268,3.1949343598668065,1.248120999550177,1.1784012431927857,0,0
1420,3.104458299000305,3.194944330421702,1.2607459315098404,1.1780505105600123,0,0
1421,3.1832664574767997,3.194954219867958,1.2741384529524007,1.17769997526151,0,0
1422,3.0979715105249697,3.1949640282652623,1.2750132186159704,1.177349640379349,0,0
1423,3.188367281091344,3.1949737556730846,1.2638646041188333,1.1769995089713037,0,0
1424,3.093919995485797,3.194983402150649,1.2538482696702178,1.1766495840707278,0,0
1425,3.190637215962179,3.1949929677568973,1.2196055505445913,1.176299868686434,0,0
1426,3.0922289084706343,3.195002452550451,1.2026364910858747,1.1759503658025714,0,0
1427,3.191082931818014,3.1950118565895793,1.1578503043876134,1.175601078378505,0,0
1428,3.092338931280303,3.19502117993216,1.1403309620266933,1.1752520093486956,0,0
1429,3.189502923352172,3.1950304226356443,1.0999176148408083,1.1749031616225782,0,0
1430,3.0946201240893814,3.195039584757019,1.0847674571002126,1.1745545380844442,0,0
1431,3.184446351274039,3.1950486663527737,1.0498951354785753,1.1742061415933205,0,0
1432,3.101902591164215,3.195057667478856,1.0345046147710533,1.1738579749828515,0,0
1433,3.171696600071923,3.1950665881906404,1.003669861427467,1.17351004106118,0,0
1434,3.1178118408502797,3.195075428542888,0.9899225448197432,1.1731623426108289,0,0
1435,3.1546862243216167,3.1950841885897048,0.975240724486172,1.172814882388583,0,0
1436,3.135967383536143,3.1950928683845077,0.9713181978461414,1.1724676631253712,0,0
1437,3.1394459243958046,3.195101467979983,0.9743649896792561,1.1721206875261485,0,0
1438,3.1499425918873682,3.1951099874280455,0.9852299922822767,1.1717739582697788,0,0
1439,3.1287965716999575,3.195118426779802,1.0014817824463527,1.171427478008917,0,0
1440,3.158296476107639,3.1951267860855066,1.027695651013675,1.1710812493698919,0,0
1441,3.1227311559519344,3.1951350653945227,1.0517750888292456,1.1707352749525883,0,0
1442,3.1627796502664665,3.1951432647552824,1.0884590374461363,1.1703895573303305,0,0
1443,3.118849123603075,3.1951513842152397,1.1157212096788167,1.1700440990497634,0,0
1444,3.1668698647176075,3.1951594238208347,1.1560053062243092,1.1696989026307372,0,0
1445,3.1144143944064613,3.195167383617447,1.1813366690393914,1.169353970566188,0,0
1446,3.1722451333466224,3.195175263649354,1.2179613968740857,1.169009305322021,0,0
1447,3.108619303680418,3.195183063959687,1.236666767390627,1.168664909336993,0,0
1448,3.1789682094104497,3.195190784590386,1.261797343519038,1.1683207850225934,0,0
1449,3.101858742476475,3.195198425582159,1.270117875653529,1.167976934762927,0,0
1450,3.1855730446423305,3.1952059869744303,1.274725458317113,1.1676333609145948,0,0
1451,3.0960687273659873,3.1952134688053015,1.2711616326937734,1.1672900658065763,0,0
1452,3.189479551593705,3.195220871111502,1.2504742146839443,1.1669470517401093,0,0
1453,3.093079529484463,3.1952281939283425,1.237204377396688,1.1666043209885708,0,0
1454,3.1910291266721713,3.195235437289668,1.196904935654932,1.166261875797358,0,0
1455,3.0920359295769244,3.1952426012278075,1.1789899476620016,1.1659197183837675,0,0
1456,3.1907318558359656,3.195249685773534,1.1346957517487255,1.1655778509368744,0,0
1457,3.0929151293741612,3.1952566909560023,1.118096895591774,1.1652362756174117,0,0
1458,3.18822481462421,3.195263616802712,1.080402778115671,1.1648949945576488,0,0
1459,3.0964406527555983,3.195270463339449,1.0655988984029916,1.1645540098612686,0,0
1460,3.1805494550908158,3.1952772305902357,1.031497449357238,1.1642133236032455,0,0
1461,3.107119804410926,3.195283918577283,1.0158263175953663,1.1638729378297217,0,0
1462,3.1653618503841745,3.1952905273209353,0.9899009411524141,1.1635328545578834,0,0
1463,3.1248861247472166,3.1952970568396175,0.9790526922137784,1.1631930757758355,0,0
1464,3.1484550996849907,3.195303507149781,0.9715682108520767,1.1628536034424772,0,0
1465,3.141941176832251,3.1953098782658493,0.9728373753008338,1.1625144394873757,0,0
1466,3.1348234182003885,3.1953161702001647,0.9814531415558678,1.162175585810638,0,0
1467,3.1537445902744623,3.1953223829629285,0.9984692594864583,1.161837044282785,0,0
1468,3.1260225127298895,3.195328516562148,1.018318307857271,1.1614988167446214,0,0
1469,3.1602593762110707,3.195334571003577,1.049198542091683,1.1611609050071074,0,0
1470,3.1211912754116042,3.1953405462906566,1.0750460974496643,1.160823310851228,0,0
1471,3.16423504220446,3.1953464424244573,1.1139764430245591,1.1604860360278608,0,0
1472,3.117307543743022,3.1953522594036188,1.1411024207808698,1.160149082257645,0,0
1473,3.1687312349852057,3.195357997224287,1.180849382885315,1.1598124512308474,0,0
1474,3.1123780588203918,3.1953636558800547,1.2041773977962067,1.1594761446072281,0,0
1475,3.17467379443127,3.195369235361897,1.2374379662294015,1.1591401640159054,0,0
1476,3.106104338851011,3.1953747356581066,1.252580934372261,1.1588045110552176,0,0
1477,3.18164233507097,3.195380156754233,1.27095530537692,1.1584691872925883,0,0
1478,3.099390033681884,3.195385498633011,1.2747308089221563,1.1581341942643846,0,0
1479,3.1874376949529553,3.195390761274298,1.2697842257417111,1.1577995334757778,0,0
1480,3.0946210987632035,3.1953959446550058,1.2621220801473418,1.1574652064006026,0,0
1481,3.1902657458133636,3.195401048749028,1.2327182827893512,1.1571312144812136,0,0
1482,3.0924859916215546,3.1954060735271756,1.2168942877450333,1.1567975591283415,0,0
1483,3.1911537291873286,3.1954110189571012,1.173005457697703,1.1564642417209472,0,0
1484,3.092128107359848,3.19541588500323,1.15510566072068,1.1561312636060757,0,0
1485,3.1900838806204965,3.195420671626683,1.1129379868021265,1.1557986260987065,0,0
1486,3.093820968043847,3.1954253787852065,1.0973098048594656,1.155466330481605,0,0
1487,3.186245899531288,3.195430006433092,1.0616480060942084,1.1551343780051704,0,0
1488,3.099335361691002,3.195434554521103,1.0466029855181125,1.1548027698872823,0,0
1489,3.175425644325978,3.195439022996395,1.0138839652969718,1.1544715073131466,0,0
1490,3.113449546272458,3.195443411802435,0.9989643004797931,1.1541405914351401,0,0
1491,3.1588055574365668,3.195447720878923,0.9796809899414389,1.1538100233726503,0,0
1492,3.1318163905455765,3.1954519501617065,0.9728062417239836,1.1534798042119176,0,0
1493,3.142738646256587,3.1954560995827044,0.9719840007495005,1.1531499350058734,0,0
1494,3.1471039888917183,3.195460169069809,0.9789970604430616,1.1528204167739757,0,0
1495,3.1309108359137574,3.195464158546814,0.9925262054086037,1.1524912505020453,0,0
1496,3.156757033605212,3.1954680679333163,1.0153765286624108,1.152162437142098,0,0
1497,3.123858484796809,3.195471897144633,1.0380238441670286,1.151833977612175,0,0
1498,3.1618544356667626,3.195475646091707,1.07274635066972,1.1515058727961736,0,0
1499,3.1197661896197695,3.1954793146810183,1.0996967667171818,1.1511781235436718,0,0
1500,3.165794037926767,3.1954829028144847,1.1397910191938547,1.1508507306697546,0,0
1501,3.1155987414441966,3.1954864103893716,1.1660420828624987,1.1505236949548359,0,0
1502,3.1708112778901003,3.1954898372981955,1.2042185951321371,1.15019701714448,0,0
1503,3.1101370277250027,3.1954931834286193,1.224903982824637,1.1498706979492181,0,0
1504,3.1772692543236567,3.1954964486633597,1.253603015136747,1.149544738044366,0,0
1505,3.1035027149811025,3.1954996328800784,1.2646948090204566,1.1492191380698362,0,0
1506,3.1841535175466924,3.195502735951283,1.274992419958158,1.1488938986299504,0,0
1507,3.097224148088248,3.1955057577442196,1.2742159719156352,1.1485690202932475,0,0
1508,3.188819954946105,3.195508698120767,1.2595190611963338,1.1482445035922904,0,0
1509,3.093579369840421,3.1955115569373262,1.2482434783823149,1.1479203490234686,0,0
1510,3.1908092243836736,3.1955143340447107,1.2115338573526926,1.1475965570468014,0,0
1511,3.092126672095377,3.19551702928803,1.1940961858461083,1.147273128085735,0,0
1512,3.1909884509155053,3.195519642506582,1.149244695845868,1.1469500625269378,0,0
1513,3.0925146315000283,3.1955221735337305,1.1320316348734145,1.1466273607200956,0,0
1514,3.1890950390295867,3.1955246221967886,1.092653214338964,1.1463050229777,0,0
1515,3.09519115471622,3.1955269883168973,1.077695229146455,1.145983049574837,0,0
1516,3.183175080179442,3.1955292717089043,1.0431338510568289,1.1456614407489707,0,0
1517,3.1036540101308994,3.195531472181239,1.0275658451365117,1.1453401966997248,0,0
1518,3.1694282447668427,3.1955335895357835,0.9982640443652635,1.1450193175886623,0,0
1519,3.1203897395395743,3.1955356235677463,0.9854356624802765,1.1446988035390595,0,0
1520,3.1523596645684258,3.195537574065531,0.9734229122851449,1.1443786546356798,0,0
1521,3.13824089313916,3.1955394408105993,0.9713286837616457,1.1440588709245407,0,0
1522,3.137673085222558,3.1955412235773415,0.9764859448169521,1.143739452412682,0,0
1523,3.151427908034093,3.195542922132932,0.9896076591889345,1.1434203990679257,0,0
1524,3.1277043427243805,3.195544536237197,1.0072751122190788,1.1431017108186379,0,0
1525,3.1590722055552605,3.1955460656424624,1.035288266653407,1.1427833875534816,0,0
1526,3.122142404383794,3.195547510093419,1.0600851333229433,1.1424654291211713,0,0
1527,3.163306690675638,3.1955488693269665,1.0977149862593558,1.1421478353302195,0,0
1528,3.118301668277851,3.19555014307207,1.1250156900194441,1.1418306059486825,0,0
1529,3.1675263139090384,3.195551331049605,1.1652214899393412,1.1415137407039018,0,0
1530,3.1136937136425544,3.195552432972203,1.1898972898091023,1.1411972392822407,0,0
1531,3.1731109485637483,3.195553448544097,1.225424147261599,1.140881101328818,0,0
1532,3.107714490178075,3.1955543774609563,1.2428871027275397,1.1405653264472388,0,0
1533,3.1799531579227733,3.19555521940973,1.2657074267819568,1.1402499141993183,0,0
1534,3.100931297848888,3.1955559740684776,1.2723812219640978,1.1399348641048037,0,0
1535,3.186311462340148,3.1955566411062057,1.273556089651643,1.139620175641093,0,0
1536,3.0954867696412847,3.1955572201826947,1.2684444055390816,1.1393058482429472,0,0
1537,3.189798749989937,3.195557710948325,1.2444435013532005,1.1389918813021989,0,0
1538,3.0928362913201624,3.1955581130439064,1.230146092982572,1.1386782741674584,0,0
1539,3.1911074707715663,3.1955584261004923,1.1882248332728336,1.138365026143812,0,0
1540,3.092035726553673,3.195558649739207,1.1702161805003684,1.1380521364925205,0,0
1541,3.190530093314918,3.195558783571053,1.126559725303694,1.1377396044307078,0,0
1542,3.093204399676546,3.1955588271967303,1.1103303069406818,1.1374274291310493,0,0
1543,3.187602494520102,3.1955587802064422,1.073486167234712,1.1371156097214536,0,0
1544,3.0973505389235947,3.19555864217971,1.05865939477862,1.1368041452847395,0,0
1545,3.1788027418015434,3.195558412685166,1.024904134828352,1.1364930348583087,0,0
1546,3.1093319050273585,3.1955580912803665,1.0093592315779005,1.1361822774338137,0,0
1547,3.1629705110137922,3.1955576775115806,0.985720826485681,1.1358718719568202,0,0
1548,3.127459258280524,3.195557170913593,0.9762162789393223,1.1355618173264652,0,0
1549,3.146295011866077,3.195556571009492,0.9712464352349737,1.1352521123951096,0,0
1550,3.143927087154274,3.1955558773104613,0.9745590076311431,1.134942755967985,0,0
1551,3.133309669438361,3.1955550893155658,0.9850527265821448,1.1346337468028376,0,0
1552,3.15493505563116,3.1955542065115323,1.0042636401413818,1.1343250836095642,0,0
1553,3.1251669776127073,3.195553228372534,1.0252210023112391,1.1340167650498447,0,0
1554,3.1608729399808335,3.195552154359967,1.0576063536982527,1.1337087897367677,0,0
1555,3.120666121528828,3.195550983922218,1.0839403308110496,1.133401156234453,0,0
1556,3.1647885769218362,3.1955497164944444,1.123421654377975,1.1330938630576664,0,0
1557,3.116703865612348,3.195548351498337,1.1503109862214285,1.1327869086714295,0,0
1558,3.1694662430618012,3.195546888341885,1.1896053318766573,1.1324802914906256,0,0
1559,3.1115813058131088,3.1955453264191362,1.2120378455259397,1.1321740098795974,0,0
1560,3.175607048250511,3.1955436651099594,1.2437745555171633,1.1318680621517412,0,0
1561,3.105157759217017,3.1955419037797963,1.2574880123434435,1.1315624465690943,0,0
1562,3.1825903848664807,3.1955400417794144,1.2730511748729465,1.1312571613419171,0,0
1563,3.09855419766577,3.1955380784446565,1.2751499791526957,1.13095220462827,0,0
1564,3.1879972181894716,3.1955360130961843,1.2666251678805187,1.1306475745335829,0,0
1565,3.0941983346000312,3.1955338450392254,1.2575795340779177,1.1303432691102202,0,0
1566,3.1904912266014898,3.195531573563308,1.225305113873287,1.1300392863570417,0,0
1567,3.092325786118051,3.195529197942001,1.208770384899637,1.129735624218953,0,0
1568,3.191127292024754,3.195526717432647,1.1642373418943601,1.1294322805864547,0,0
1569,3.092235232182707,3.195524131276089,1.1465297297088954,1.1291292532951844,0,0
1570,3.189766737251516,3.1955214386964035,1.1053579238940596,1.1288265401254518,0,0
1571,3.094255791725782,3.1955186389006207,1.0900253619075906,1.1285241388017688,0,0
1572,3.1852680167034357,3.1955157310784474,1.054864020014858,1.1282220469923752,0,0
1573,3.1007427085749875,3.195512714401986,1.0396236486428525,1.127920262308756,0,0
1574,3.1733106238651705,3.1440493871573167,1.0078735883518282,1.1197369549458556,0,1
1575,3.1159441547350144,3.191967475300975,0.9935635656604428,1.1195990916991865,0,0
1576,3.156419066349766,3.1919641617595715,0.9769213364125512,1.1192900140649884,0,0
1577,3.134240679801712,3.1919607596486657,0.9717139116637981,1.118981295521308,0,0
1578,3.1408059384182985,3.191957268504835,0.9731566759120792,1.118672934687766,0,0
1579,3.14878235603085,3.1919536878530654,0.9823780148624887,1.1183649301464589,0,0
1580,3.129656838472845,3.191950017206555,0.9975181489288386,1.1180572804417688,0,0
1581,3.1576770672145087,3.191946256066533,1.0223454432342303,1.1177499840801695,0,0
1582,3.1231894867083194,3.191942403922057,1.0458483278660968,1.117443039530029,0,0
1583,3.1623916837335444,3.1919384602498226,1.0817505480873821,1.1171364452214092,0,0
1584,3.119241232283784,3.1919344245139634,1.1089186791370187,1.1168301995458634,0,0
1585,3.166405277277523,3.1919302961658573,1.149173211346726,1.1165243008562276,0,0
1586,3.114925563326301,3.1404568094027145,1.1749276499148285,1.1080604492410435,0,1
1587,3.1716276881925403,3.1883899810626843,1.2122629311981534,1.108115355341213,0,0
1588,3.1092699655592533,3.1883856032995292,1.231833690635428,1.1078019846047749,0,0
1589,3.178246481924468,3.188381152343084,1.2585412170770538,1.107489011237503,0,0
1590,3.102550648522802,3.188376628008475,1.2680497805780804,1.1071764346410473,0,0
1591,3.184992566910848,3.1883720301045706,1.2751107018843142,1.1068642541995886,0,0
1592,3.096535232197344,3.1883673584339065,1.272712378007499,1.106552469279984,0,0
1593,3.1892182183442848,3.1883626127925897,1.2545279372910596,1.1062410792319137,0,0
1594,3.093278222356087,3.188357792970219,1.2420711655693955,1.1059300833880288,0,0
1595,3.1909486720690468,3.188352898749797,1.2031763426346125,1.1056194810640974,0,0
1596,3.092060563092329,3.188347929907643,1.1854126293294105,1.105309271559155,0,0
1597,3.1908548102549354,3.1883428862133094,1.1407883681049753,1.1049994541556523,0,0
1598,3.092730496462346,3.18833776742949,1.1239214356072829,1.1046900281196055,0,0
1599,3.188621732715576,3.188332573311938,1.0855406650792754,1.104380992700745,0,0
1600,3.0958661705181054,3.1883273036093747,1.070700995079698,1.1040723471326679,0,0
1601,3.1817251466805323,3.188321958063409,1.0364005360868271,1.1037640906329858,0,0
1602,3.105591093545103,3.1883165364084434,1.0207305550789894,1.103456222403479,0,0
1603,3.1670988425249136,3.1883110383715927,0.9932742771639692,1.103148741630245,0,0
1604,3.1229843620073066,3.188305463672592,0.981531079818961,1.1028416474838507,0,0
1605,3.150084841099767,3.1882998120237165,0.9721522697357834,1.1025349391194847,0,0
1606,3.1404141644965953,3.1882940831296884,0.9719693018937996,1.1022286156771075,0,0
1607,3.1359945750981537,3.1882882766875955,0.9791522964472495,1.1019226762816032,0,0
1608,3.152803765257976,3.1882823923868013,0.994529032679831,1.1016171200429306,0,0
1609,3.1267023975175348,3.18827642990886,1.0134964162816653,1.1013119460562752,0,0
1610,3.1597785841637696,3.1882703889274335,1.0432026965131302,1.1010071534021995,0,0
1611,3.121585498593125,3.188264269108202,1.0686365200248003,1.100702741146792,0,0
1612,3.1638383869065034,3.1882580701087804,1.1070697798564966,1.1003987083418205,0,0
1613,3.117735917335692,3.1882517915786335,1.1343066345249433,1.1000950540248797,0,0
1614,3.1682107242872064,3.188245433158993,1.1742979084770033,1.0997917772195405,0,0
1615,3.1129450914524095,3.1882389944827714,1.1982285258082668,1.0994888769354996,0,0
1616,3.1740033281486304,3.188232475174478,1.232505310699105,1.099186352168727,0,0
1617,3.1067913824199187,3.18822587485014,1.2486552371556001,1.0988842019016136,0,0
1618,3.1809324837102166,3.1882191931172152,1.2689787465568074,1.0985824251031175,0,0
1619,3.1000298194088214,3.1882124295745147,1.273984620214366,1.09828102072891,0,0
1620,3.186985363019852,3.1882055838121164,1.2716479379536336,1.0979799877215204,0,0
1621,3.0949659664271345,3.18819865541129,1.2650428237833735,1.0976793250104802,0,0
1622,3.1900804295714855,3.188191643944414,1.2378658936516227,1.0973790315124654,0,0
1623,3.092623238950535,3.188184548974899,1.2226451358374333,1.0970791061314389,0,0
1624,3.1911482831310103,3.188177370057106,1.1794563773067048,1.0967795477587912,0,0
1625,3.09207458259138,3.1881701067362704,1.1614722153334023,1.096480355273479,0,0
1626,3.190288079592626,3.18816275854843,1.1186271712928448,1.0961815275421642,0,0
1627,3.093540721191662,3.1881553250203427,1.102754915406868,1.0958830634193506,0,0
1628,3.1868681572380813,3.188147805669416,1.066641153300983,1.0955849617475193,0,0
1629,3.0984276213205004,3.1881402000036303,1.051712748725169,1.0952872213572622,0,0
1630,3.1769041157181164,3.1881325075214733,1.0184683786427844,1.0949898410674155,0,0
1631,3.1116695046200458,3.188124727711857,1.0032180833965876,1.0946928196851895,0,0
1632,3.1605671446248054,3.1881168600540604,0.9820454766930002,1.0943961560062985,0,0
1633,3.129992932564446,3.1881089040176502,0.9740147213593048,1.0940998488150886,0,0
1634,3.144212895520683,3.1881008590624194,0.9714713596453466,1.0938038968846633,0,0
1635,3.14580093046176,3.1880927246383153,0.9768960002774705,1.0935082989770073,0,0
1636,3.131891132188492,3.1880845001853806,0.9891764377414658,1.0932130538431093,0,0
1637,3.1560223733348085,3.1880761851336845,1.0105166278345294,1.0929181602230826,0,0
1638,3.1243872099679613,3.1880677789032603,1.0324823856397263,1.092623616846283,0,0
1639,3.1614490428185955,3.1880592809040493,1.066259445294974,1.0923294224314257,0,0
1640,3.1201472506360077,3.188050690535835,1.0929852868220455,1.0920355756867002,0,0
1641,3.1653606577757003,3.1880420071881885,1.1328725954161132,1.0917420753098817,0,0
1642,3.116075806771343,3.1880332302404106,1.15942859640579,1.0914489199884436,0,0
1643,3.1702310961555766,3.188024359061482,1.1981303527296974,1.0911561083996637,0,0
1644,3.110757700162585,3.18801539301,1.2195844707278187,1.0908636392107323,0,0
1645,3.1765598832942614,3.188006331434138,1.2496318976379712,1.0905715110788552,0,0
1646,3.1042038758392967,3.187997173671588,1.2618539120719383,1.090279722651356,0,0
1647,3.183506872156402,3.1879879190495153,1.2744371203902332,1.0899882725657766,0,0
1648,3.09776702492765,3.187978566884516,1.2748698875839701,1.089697159449973,0,0
1649,3.1884934858440483,3.187969116482568,1.2627721714060036,1.0894063819222128,0,0
1650,3.093825114400211,3.187959567138986,1.2524131696464937,1.0891159385912665,0,0
1651,3.1906861020208557,3.187949918138395,1.217488011429607,1.0888258280565004,0,0
1652,3.0921982569636945,3.187940168754673,1.2003801626207184,1.0885360489079625,0,0
1653,3.1910616025186034,3.187930318250931,1.155546024496333,1.0882465997264719,0,0
1654,3.0923818367891784,3.1879203658794695,1.1381032649617995,1.0879574790837006,0,0
1655,3.189400043416438,3.1879103108817515,1.0979668396106268,1.0876686855422573,0,0
1656,3.0947632058254775,3.1879001524883677,1.0828745673610811,1.0873802176557654,0,0
1657,3.184125134543559,3.1878898899190156,1.0480930801337927,1.0870920739689425,0,0
1658,3.102350054406704,3.1878795223824667,1.0326506415116388,1.0868042530176734,0,0
1659,3.17109959743107,3.1878690490765513,1.0021921680140355,1.0865167533290856,0,0
1660,3.11849544605181,3.187858469188131,0.9886727193132593,1.0862295734216187,0,0
1661,3.15406227375921,3.1878477818930833,0.9747032588585431,1.0859427118050944,0,0
1662,3.1365821552927833,3.1878369863562894,0.9712591706966309,1.0856561669807832,0,0
1663,3.138964656699697,3.1878260817316124,0.9748763992751328,1.0853699374414678,0,0
1664,3.150348911875854,3.1878150671618948,0.9863412117954339,1.085084021671509,0,0
1665,3.1284967282509,3.187803941778944,1.002981299049735,1.084798418146904,0,0
1666,3.1585104456426776,3.187792704703531,1.0296846102107167,1.0845131253353462,0,0
1667,3.1225706680608725,3.1877813550453844,1.0539628153954237,1.084228141696283,0,0
1668,3.1629199414955758,3.1877698919031894,1.0909123271458845,1.083943465680971,0,0
1669,3.1187049336816712,3.187758314364594,1.118194842134869,1.0836590957325294,0,0
1670,3.167042013353864,3.1877466215062094,1.1584714142843966,1.0833750302859935,0,0
1671,3.1142251930862854,3.1877348123936176,1.183637048527585,1.0830912677683626,0,0
1672,3.1724730104756578,3.1877228860813864,1.2199840926444978,1.0828078065986528,0,0
1673,3.108380297756373,3.187710841613077,1.2383656252320827,1.082524645187942,0,0
1674,3.1792305949073705,3.1876986780212655,1.2628991989411755,1.0822417819394168,0,0
1675,3.1016097247554577,3.1876863943275566,1.270783933871394,1.0819592152484196,0,0
1676,3.1857757960298634,3.1876739895426076,1.2744865984620843,1.0816769435024904,0,0
1677,3.0959076851047223,3.187661462666155,1.2705057066890746,1.0813949650814116,0,0
1678,3.1895685221298664,3.1876488126870406,1.2489239854992633,1.0811132783572497,0,0
1679,3.0930117322902038,3.1876360385832405,1.2353710555736925,1.0808318816943965,0,0
1680,3.191053576057429,3.1876231393219014,1.1946059871925676,1.080550773449611,0,0
1681,3.0920320883974597,3.187610113859378,1.176653746377656,1.0802699519720582,0,0
1682,3.1906819965377893,3.1875969611412707,1.1325097074262638,1.0799894156033512,0,0
1683,3.0929878212510094,3.187583680102469,1.1160093941726552,1.0797091626775883,0,0
1684,3.188068873663186,3.1875702696672015,1.0785521711801833,1.079429191521394,0,0
1685,3.0966678776525463,3.187556728749078,1.0637502595416937,1.0791495004539586,0,0
1686,3.180100116301372,3.1875430562511506,1.0297297455513281,1.0788700877870765,0,0
1687,3.1076951960308854,3.1875292510659627,1.0140768985020199,1.0785909518251882,0,0
1688,3.1647271582475285,3.187515312075613,0.9887397816139364,1.0783120908654178,0,0
1689,3.1255741340028784,3.1875012381518144,0.9782358520625487,1.0780335031976163,0,0
1690,3.1478726821166663,3.1874870281559624,0.9714290897631364,1.077755187104402,0,0
1691,3.142480873036727,3.1874726809392016,0.9732353442002573,1.0774771408612036,0,0
1692,3.134411004085134,3.1874581953425007,0.982359782166801,1.0771993627363037,0,0
1693,3.154071879449841,3.187443570196727,0.9999655973410848,1.076921850990883,0,0
1694,3.1257868677860614,3.187428804322726,1.020120058812457,1.076644603879067,0,0
1695,3.1604270862135224,3.187413896531403,1.0514119138017919,1.0763676196479748,0,0
1696,3.121050347970076,3.1873988456238127,1.0773979270680574,1.0760908965377673,0,0
1697,3.164380848996538,3.1873836503912423,1.1164892483165882,1.0758144327816999,0,0
1698,3.1171490784704967,3.1873683096153123,1.143561772312776,1.0755382266061748,0,0
1699,3.168924069095152,3.187352822068066,1.1832017465772493,1.0752622762307997,0,0
1700,3.1121685574471223,3.187337186512075,1.2062995585074456,1.074986579868443,0,0
1701,3.1749202227327245,3.1873214017005402,1.239170139269113,1.074711135725298,0,0
1702,3.1058532656055875,3.187305466377399,1.2539387426093431,1.0744359420009462,0,0
1703,3.1818973177080987,3.187289379277439,1.2715816256560473,1.0741609968884236,0,0
1704,3.099163109741886,3.187273139126406,1.2749102177373137,1.0738862985742939,0,0
1705,3.1875930619045376,3.1872567446411306,1.269012074061806,1.0736118452387196,0,0
1706,3.094503354325754,3.187240194529642,1.2609748964815162,1.073337635055543,0,0
1707,3.1903287957820203,3.187223487491297,1.2307870818802917,1.0730636661923656,0,0
1708,3.0924402491332224,3.187206622216911,1.2147608725475167,1.0727899368106362,0,0
1709,3.19115051669565,3.1871895973888864,1.1706659050039003,1.07251644506574,0,0
1710,3.09215278221202,3.187172411681351,1.1528091581117574,1.0722431891070936,0,0
1711,3.190003936182748,3.1871550637602994,1.1109001066584594,1.0719701670782453,0,0
1712,3.093930447816607,3.1871375522837333,1.0953553061945371,1.0716973771169807,0,0
1713,3.186000729434488,3.1871198759018107,1.0598396050224204,1.07142481735543,0,0
1714,3.099690694574216,3.1871020332569997,1.0447455746019556,1.0711524859201857,0,0
1715,3.174872980642198,3.187084022984228,1.0122545444691102,1.0708803809324232,0,0
1716,3.114106958164571,3.187065843711047,0.9974793139342426,1.0706085005080275,0,0
1717,3.1581679197701455,3.1870474940577904,0.9788935731143392,1.0703368427577247,0,0
1718,3.1324693389610005,3.187028972637743,0.9724528814774439,1.0700654057872232,0,0
1719,3.1422151972892483,3.1870102780573077,0.9722428580953962,1.069794187697359,0,0
1720,3.1475619227618252,3.186991408916183,0.9798395673474817,1.0695231865842458,0,0
1721,3.130567662426453,3.1869723638075382,0.9938082159634054,1.0692524005394377,0,0
1722,3.1570109728265003,3.186953141318194,1.0171944987840584,1.0689818276500922,0,0
1723,3.1236748372774934,3.1869337400288096,1.040077713396819,1.0687114659991457,0,0
1724,3.1619989029633437,3.186914158514071,1.0751268995199776,1.0684413136654936,0,0
1725,3.119627213344291,3.186894395342882,1.1021453286127412,1.0681713687241794,0,0
1726,3.165954423977233,3.1868744490785637,1.1422958991174832,1.0679016292465915,0,0
1727,3.115422089280571,3.186854318279051,1.1684237926938268,1.067632093300667,0,0
1728,3.171025816351887,3.1868340014971017,1.2063904953709377,1.067362758951106,0,0
1729,3.1099084501843586,3.1868134972804962,1.2267864960838482,1.0670936242595914,0,0
1730,3.1775284866238525,3.1867928041722586,1.254972714448247,1.0668246872850198,0,0
1731,3.103248536742066,3.1867719207108656,1.2656474252574588,1.06655594608374,0,0
1732,3.1843819996706095,3.186750845430467,1.2750961769979607,1.0662873987098003,0,0
1733,3.097034819509703,3.1867295768611092,1.273884531871402,1.0660190432152068,0,0
1734,3.1889310697553532,3.1867081135289603,1.2582516946197044,1.0657508776501878,0,0
1735,3.093495538559857,3.186686453956542,1.246653695222613,1.06548290006347,0,0
1736,3.1908496193312765,3.1866645966629634,1.2093331794491962,1.0652151085025643,0,0
1737,3.0921054666642402,3.1866425401641565,1.191794866155278,1.0649475010140592,0,0
1738,3.1909566846424977,3.18662028297312,1.1469768318600628,1.0646800756439272,0,0
1739,3.0925681563632446,3.18659782360016,1.1298528497127762,1.0644128304378382,0,0
1740,3.1889759027348155,3.186575160553145,1.0907453828710005,1.0641457634414853,0,0
1741,3.095359861286011,3.1865522923377525,1.0758264606301826,1.0638788727009196,0,0
1742,3.182806419362503,3.186529217457728,1.041336936577156,1.0636121562628946,0,0
1743,3.1041523830869298,3.186505934415139,1.0257324538662613,1.0633456121752245,0,0
1744,3.1688130937531565,3.1864824417106448,0.9968928563180163,1.0630792384871475,0,0
1745,3.1210799655031445,3.1864587378437577,0.9843376859136281,1.0628130332497048,0,0
1746,3.151748346443695,3.1864348213131137,0.9730310495393082,1.0625469945161283,0,0
1747,3.1388297378024568,3.186410690616747,0.9714379129565662,1.0622811203422375,0,0
1748,3.1372168463153707,3.1863863442523623,0.9771428329592323,1.0620154087868505,0,0
1749,3.151804929425078,3.18636178071762,0.9908662128298111,1.0617498579122027,0,0
1750,3.1274288354670152,3.186336998510414,1.008891101884396,1.061484465784378,0,0
1751,3.1592666291587457,3.1863119961291613,1.0373655596842943,1.061219230473751,0,0
1752,3.1219914160829023,3.1862867720730885,1.0623400480388445,1.0609541500554396,0,0
1753,3.163447552478027,3.1862613248425276,1.1001979310555166,1.0606892226097684,0,0
1754,3.1181529246191304,3.186235652939208,1.1274915658147926,1.0604244462227435,0,0
1755,3.1677057959736508,3.1862097548665567,1.1676535464818132,1.060159818986537,0,0
1756,3.1134970900039547,3.1861836291300007,1.1921395856164727,1.0598953389999861,0,0
1757,3.1733460702201826,3.1861572742372686,1.227348561505575,1.059631004369096,0,0
1758,3.1074703296845385,3.1861306886986984,1.2444686657931072,1.0593668132075615,0,0
1759,3.1802148493145324,3.186103871027552,1.2666422734881382,1.0591027636372938,0,0
1760,3.100688330707721,3.1860768197403195,1.2728734820771748,1.0588388537889597,0,0
1761,3.186497340908095,3.186049533357041,1.2731197805758545,1.058575081802532,0,0
1762,3.095342193260382,3.1860220104016217,1.2676047640540982,1.0583114458278493,0,0
1763,3.189877221516273,3.18599424940215,1.2427435413013268,1.0580479440251869,0,0
1764,3.092776640921132,3.1859662488912264,1.2281895076326352,1.0577845745658365,0,0
1765,3.1911220587451776,3.1859380074062806,1.1858955798571469,1.0575213356326982,0,0
1766,3.092042241189413,3.1859095234899004,1.1678824946169493,1.05725822542088,0,0
1767,3.190469632128273,3.1858807956901654,1.1244271534363728,1.0569952421383084,0,0
1768,3.0932891547978385,3.1858518225609713,1.108294793257805,1.056732384006349,0,0
1769,3.187418746299155,3.185822602662366,1.0716575671526556,1.0564696492604346,0,0
1770,3.097620156538886,3.185793134560886,1.0568110398872457,1.0562070361507045,0,0
1771,3.1783112242623033,3.185763416829886,1.0231722780806156,1.0559445429426513,0,0
1772,3.109943206035497,3.1857334480498842,1.00768868788521,1.0556821679177766,0,0
1773,3.162330982389298,3.1857032268088954,0.9846918727936709,1.0554199093742551,0,0
1774,3.128138601866653,3.1856727517027763,0.9755676726132015,1.0551577656276083,0,0
1775,3.145732625971014,3.1856420213355627,0.9712529377358339,1.0548957350113843,0,0
1776,3.1444370995163156,3.185611034319816,0.975121543497002,1.0546338158778452,0,0
1777,3.1329226113068565,3.185579789276963,0.9861002548998722,1.0543720065986628,0,0
1778,3.15523453330388,3.1855482848376444,1.0058854168431162,1.0541103055656214,0,0
1779,3.1249522412325015,3.1855165196420554,1.0271206987658266,1.0538487111913257,0,0
1780,3.1610295414025864,3.1854844923402954,1.0598879651627848,1.0535872219099167,0,0
1781,3.1205276595248677,3.1854522015927107,1.0863357536993048,1.0533258361777929,0,0
1782,3.1649389663365883,3.1854196460702426,1.125939279571981,1.0530645524743367,0,0
1783,3.1165390535870743,3.1853868244547727,1.152749205627082,1.052803369302646,0,0
1784,3.1696670008337073,3.1853537354394716,1.1918995171643052,1.0525422851902717,0,0
1785,3.1113645595992963,3.185320377729139,1.2140794521496774,1.0522812986899588,0,0
1786,3.1758590193293266,3.185286750040555,1.2453827240054398,1.0520204083803901,0,0
1787,3.104904230648811,3.185252851102824,1.2587048444301836,1.0517596128669369,0,0
1788,3.182837943323298,3.1852186796577158,1.2734904064624133,1.051498910782409,0,0
1789,3.0983395297828227,3.1851842344600136,1.2751440405649284,1.05123830078781,0,0
1790,3.18813539749231,3.185149514277853,1.2656658894270065,1.0509777815730936,0,0
1791,3.094094346463031,3.1851145178930644,1.2562634820504555,1.0507173518579214,0,0
1792,3.1905461190933955,3.1850792441015146,1.223260255838289,1.0504570103924233,0,0
1793,3.09228854747531,3.185043691713441,1.2065591491874708,1.0501967559579575,0,0
1794,3.191113635624552,3.1850078595537923,1.1619132952674716,1.0499365873678694,0,0
1795,3.092270411753473,3.1849717464625606,1.144269875616184,1.049676503468255,0,0
1796,3.1896741960731876,3.1849353512951164,1.1033718918987174,1.0494165031387162,0,0
1797,3.094383213854465,3.1848986729225355,1.088109246499691,1.0491565852931222,0,0
1798,3.1849803632442124,3.1848617102319294,1.0530598759602732,1.048896748880364,0,0
1799,3.101151243529094,3.1848244621267714,1.0377645262501767,1.0486369928851087,0,0
1800,3.172730341226872,3.1847869275272163,1.006326153411105,1.0483773163285492,0,0
1801,3.1166190168622165,3.1847491053704187,0.9922092118275032,1.0481177182691535,0,0
1802,3.155787983705076,3.184710994610858,0.9762775112247889,1.0478581978034063,0,0
1803,3.134872815128675,3.184672594220638,0.9715306780646215,1.0475987540665475,0,0
1804,3.1403065651994293,3.1846339031898077,0.9735611921932348,1.0473393862333067,0,0
1805,3.1492104073550293,3.1845949205266613,0.9833772931332733,1.0470800935186295,0,0
1806,3.129338779448975,3.184555645258039,0.9989279442711583,1.0468208751784005,0,0
1807,3.1579071018772567,3.1845160764296296,1.0242649113623592,1.046561730510155,0,0
1808,3.123020227813466,3.184476213106258,1.047981984259694,1.046302658853789,0,0
1809,3.1625328710476865,3.1844360543721764,1.0841763309387036,1.0460436595922549,0,0
1810,3.1190997219016254,3.1843955993313493,1.1113850422318035,1.0457847321522538,0,0
1811,3.166572279331419,3.1843548471077323,1.1516588624433735,1.0455258760049155,0,0
1812,3.1147417373514164,3.1843137968455437,1.1772654515275336,1.0452670906664703,0,0
1813,3.1718500140327137,3.184272447709537,1.2143520364673994,1.0450083756989081,0,0
1814,3.1090351670736154,3.184230798885263,1.233613284734118,1.0447497307106302,0,0
1815,3.1785081349664908,3.184188849579327,1.2597599044936234,1.0444911553570868,0,0
1816,3.102298656105243,3.184146599019641,1.2688395770281822,1.0442326493414027,0,0
1817,3.185206875436966,3.1841040464556722,1.2750171573030284,1.0439742124149916,0,0
1818,3.0963620516544186,3.18406119115868,1.272193159504306,1.043715844378157,0,0
1819,3.189315918744524,3.1840180324219545,1.2530940384241238,1.0434575450806776,0,0
1820,3.0932040361566657,3.183974569561039,1.240336695735249,1.0431993144223821,0,0
1821,3.190980065691664,3.1839308019139536,1.2009118104026395,1.0429411523537042,0,0
1822,3.0920492535796646,3.18388672884141,1.1830847878755764,1.042683058876228,0,0
1823,3.1908126233332013,3.183842349727019,1.1385654568228771,1.0424250340432122,0,0
1824,3.0927948941164374,3.1837976639774896,1.121794951243045,1.0421670779601033,0,0
1825,3.1884829483037116,3.183752671022822,1.0836687194080077,1.0419091907850269,0,0
1826,3.0960663052729416,3.1837073703164953,1.0688471581528127,1.0416513727292658,0,0
1827,3.181309164831314,3.1836617613356464,1.0346161435067691,1.0413936240577177,0,0
1828,3.1061359964643747,3.1836158435812387,1.018937508762309,1.0411359450893378,0,0
1829,3.1664706402642118,3.183569616578227,0.9920208287870279,1.040878336197558,0,0
1830,3.1236753601610996,3.1835230798757146,0.9805931403398962,1.0406207978106936,0,0
1831,3.1494892011549696,3.1834762330470974,0.9719062154391941,1.0403633304123239,0,0
1832,3.1409751435783435,3.1834290756902064,0.9722455519914313,1.0401059345416588,0,0
1833,3.1355635786511176,3.18338160742744,0.979953848060497,1.0398486107938807,0,0
1834,3.15315191081843,3.183333827905884,0.9959277340072763,1.0395913598204694,0,0
1835,3.1264503452176906,3.1832857367974303,1.0152220482629237,1.0393341823295035,0,0
1836,3.159956448977649,3.1317767583287726,1.0453611506215768,1.0299039663112601,0,1
1837,3.1214412616436444,3.1796500543104815,1.0709505253944351,1.030403139618185,0,0
1838,3.1639815709797987,3.1796011158797746,1.1095732877495257,1.0301434628690687,0,0
1839,3.117581799085586,3.1795519243718715,1.1367761076413125,1.0298840384155101,0,0
1840,3.1683978294221995,3.1795024796834146,1.1766872414498553,1.029624867701049,0,0
1841,3.1127410156138455,3.1794527817273806,1.200404546483401,1.029365952201064,0,0
1842,3.1742452005948025,3.1794028304330824,1.2343222954686963,1.029107293422733,0,0
1843,3.1065428742307737,3.1793526257461733,1.2501109369957442,1.028848892904978,0,0
1844,3.181191225278493,3.1793021676286366,1.269738334506718,1.0285907522184021,0,0
1845,3.099795259769353,3.179251456058779,1.2742979734000446,1.0283328729652161,0,0
1846,3.187153671151634,3.179200491031216,1.2710164877422454,1.0280752567791513,0,0
1847,3.09483725166892,3.1791492725568546,1.2640237675137753,1.0278179053253633,0,0
1848,3.190149694568756,3.1790978006628667,1.2360277101964479,1.0275608203003253,0,0
1849,3.0925715403810607,3.179046075392666,1.220580378523037,1.0273040034317114,0,0
1850,3.191152677290187,3.178994096805873,1.177115015997618,1.027047456478265,0,0
1851,3.0920915580452255,3.178941864978283,1.159155405586963,1.0267911812296642,0,0
1852,3.190216636940893,3.1788893800018223,1.1165494946276435,1.026535179506368,0,0
1853,3.09363895627339,3.178836641984508,1.1007680228333918,1.0262794531594601,0,0
1854,3.1866510258382448,3.1787836510503937,1.0648266940411517,1.0260240040704764,0,0
1855,3.098745182884262,3.1787304073395237,1.0498595187221476,1.0257688341512268,0,0
1856,3.176375314003737,3.1786769110078748,1.0167892695475542,1.0255139453436026,0,0
1857,3.112309901480002,3.1786231622272925,1.0016475980634318,1.0252593396193794,0,0
1858,3.159927179740913,3.1785691611854325,0.9811543684281294,1.0250050189800048,0,0
1859,3.130658685394939,3.1785149080856887,0.9735362370518931,1.0247509854563805,0,0
1860,3.1436724357758297,3.178460403147124,0.9716234090208645,1.0244972411086322,0,0
1861,3.1462809115919526,3.1784056466043946,0.97762105712188,1.0242437880258726,0,0
1862,3.1315294153977846,3.178350638707671,0.9903610160219759,1.0239906283259539,0,0
1863,3.1562950596216726,3.1782953797225573,1.012254814940922,1.023737764155211,0,0
1864,3.1241912985261724,3.178239869930002,1.0344734280686982,1.0234851976881967,0,0
1865,3.1615975903650266,3.1781841096262142,1.0686012312645636,1.0232329311274089,0,0
1866,3.1200091580726426,3.178128099122567,1.0954148462680573,1.0229809667030074,0,0
1867,3.1655165493755675,3.1780718387455065,1.135386093519127,1.0227293066725252,0,0
1868,3.115904272576426,3.1780153288364494,1.1618372773158283,1.0224779533205677,0,0
1869,3.1704398218120136,3.177958569751683,1.2003573121471975,1.022226908958511,0,0
1870,3.110533989564573,3.1779015618622637,1.221537308668324,1.0219761759241839,0,0
1871,3.176816460049434,3.1778443055539065,1.2511061647287491,1.02172575658155,0,0
1872,3.1039493434895697,3.177786801226876,1.2629212885397882,1.0214756533203784,0,0
1873,3.1837443487336814,3.177729049295877,1.274684207678353,1.021225868555909,0,0
1874,3.097566447592458,3.177671050189934,1.2746765127988982,1.0209764047285113,0,0
1875,3.1886155212594827,3.17761280435228,1.2616323826998952,1.0207272643033343,0,0
1876,3.093733326594309,3.177554312240231,1.2509359820792583,1.0204784497699555,0,0
1877,3.1907327695637515,3.177495574325073,1.2153464938088685,1.0202299636420173,0,0
1878,3.092170070420641,3.1774365910919236,1.1981100057948721,1.0199818084568626,0,0
1879,3.191037490932846,3.1773773630396214,1.1532504584911507,1.0197339867751625,0,0
1880,3.092427556245479,3.177317890680586,1.1358881085852004,1.0194865011805394,0,0
1881,3.1892931088618055,3.1772581745406963,1.096028124036529,1.019239354279185,0,0
1882,3.094912594166073,3.177198215159151,1.0809889765526672,1.0189925486994738,0,0
1883,3.183791402544274,3.177138013088341,1.0462919681670124,1.01874608709157,0,0
1884,3.1028113937200588,3.177077568893713,1.0308004437239437,1.018499972127034,0,0
1885,3.170497247967759,3.1770168831536303,1.0007416168085055,1.0182542064984208,0,0
1886,3.1191814016087176,3.176955956459238,0.9874623720769811,1.0180087929188768,0,0
1887,3.1534413698781933,3.176894789414321,0.9742045194223466,1.017763734121733,0,0
1888,3.137190252991472,3.176833382635163,0.9712450698211204,1.0175190328600923,0,0
1889,3.1384900229804047,3.1767717367504087,0.9754265893064771,1.0172746919064182,0,0
1890,3.1507473918356923,3.1767098524009163,0.9874922994593747,1.0170307140521158,0,0
1891,3.128203430824712,3.176647730239616,1.0045124956675384,1.016787102107113,0,0
1892,3.1587189331560594,3.176585370931365,1.0316977997450558,1.0165438588994395,0,0
1893,3.122412985234714,3.1765227751527996,1.0561691875116863,1.0163009872748008,0,0
1894,3.1630601939966474,3.1764599435921936,1.0933743997090748,1.0160584900961531,0,0
1895,3.1185596243197473,3.1763968769493047,1.1206699273286198,1.0158163702432759,0,0
1896,3.1672160818841344,3.1763335759352365,1.1609292927136872,1.0155746306123412,0,0
1897,3.1140340234103356,3.1762700412722786,1.1859227583429992,1.015333274115483,0,0
1898,3.1727028573448313,3.17620627369377,1.2219814959907898,1.0150923036803672,0,0
1899,3.108139849474428,3.17614227394394,1.2400340718990808,1.0148517222497557,0,0
1900,3.179492997595507,3.1760780427777675,1.263957433186272,1.0146115327810756,0,0
1901,3.1013620897021306,3.176013580960827,1.271404260772926,1.014371738245984,0,0
1902,3.1859741600402622,3.175948889269142,1.2741950317906532,1.0141323416299342,0,0
1903,3.0957510557594516,3.175883968489033,1.2698005156484276,1.0138933459317405,0,0
1904,3.18965454773666,3.175818819416971,1.2473328478022412,1.013654754163146,0,0
1905,3.092946151275983,3.175753442859429,1.2335035500156675,1.0134165693483865,0,0
1906,3.1910754400211148,3.175687839632728,1.1922971230180561,1.013178794523759,0,0
1907,3.092030989097465,3.1756220105628956,1.174316703474867,1.0129414327371873,0,0
1908,3.190629336217269,3.1755559564855136,1.1303376234021973,1.0127044870477917,0,0
1909,3.093063623680932,3.175489678245569,1.1139359435550238,1.012467960525458,0,0
1910,3.187906049817137,3.1754231766973082,1.0767082232001004,1.0122318562504071,0,0
1911,3.096905789525925,3.175356452704093,1.0619023936665055,1.0119961773127668,0,0
1912,3.1796391259996866,3.175289507138249,1.0279700208342666,1.0117609268121466,0,0
1913,3.10828080412724,3.175222340880922,1.0123463173716372,1.0115261078572109,0,0
1914,3.1640907342689695,3.1751549548219344,0.9876131703246482,1.0112917235652572,0,0
1915,3.1262603413750365,3.1750873498596377,0.977463524035601,1.0110577770617943,0,0
1916,3.1472953870590703,3.1750195269007726,0.9713287614627256,1.0108242714801232,0,0
1917,3.143012723294476,3.174951486860324,0.9736773008845728,1.0105912099609202,0,0
1918,3.1340053407525494,3.174883230661377,0.9833042458040392,1.0103585956518237,0,0
1919,3.1543916840126074,3.1748147592349802,1.0014962156302563,1.0101264317070198,0,0
1920,3.125556969756918,3.174746073520003,1.0219485423745858,1.009894721286836,0,0
1921,3.1605915318617,3.1746771744629974,1.0536442180889634,1.0096634675573324,0,0
1922,3.120910298637167,3.1746080630180598,1.079762276492245,1.0094326736898995,0,0
1923,3.1645277719638627,3.174538740146692,1.119004219187431,1.0092023428608567,0,0
1924,3.116988966044692,3.1744692068176694,1.1460163213120844,1.0089724782510552,0,0
1925,3.169119003321701,3.1743994640069015,1.1855394991556147,1.008743083045483,0,0
1926,3.111957105967877,3.174329512697302,1.2084010724737617,1.0085141604328747,0,0
1927,3.175168207746165,3.174259353878656,1.2408702465709645,1.0082857136053227,0,0
1928,3.105601412676638,3.1741889885474865,1.2552598557318655,1.0080577457578939,0,0
1929,3.182150585292508,3.1741184177069255,1.272158696689066,1.0078302600882476,0,0
1930,3.098939249876564,3.1740476423665864,1.2750405442704587,1.0076032597962599,0,0
1931,3.187743780648908,3.1739766635424354,1.268189517956675,1.007376748083648,0,0
1932,3.0943894170773567,3.173905482256668,1.2597820543236864,1.0071507281536032,0,0
1933,3.190389655058166,3.1738340995375776,1.228824064893793,1.006925203210422,0,0
1934,3.09239672161711,3.173762516419442,1.2126049207051073,1.006700176459146,0,0
1935,3.1911445281775883,3.1736907339423923,1.1683290814097202,1.0064756511052027,0,0
1936,3.092180253329733,3.1736187531522995,1.1505214833891046,1.0062516303540512,0,0
1937,3.1899207706898953,3.1735465751006493,1.1088763710868312,1.0060281174108328,0,0
1938,3.094044376176212,3.173474200844428,1.093411727064447,1.0058051154800238,0,0
1939,3.18574469028882,3.173401631446007,1.0580326872421129,1.0055826277650939,0,0
1940,3.100060084485745,3.1733288679730247,1.0428870432840278,1.005360657468167,0,0
1941,3.174312409785679,3.173255911498274,1.0106453958423454,1.0051392077896906,0,0
1942,3.114769655152969,3.1731827630995935,0.9960276288490486,1.0049182819281013,0,0
1943,3.1575316561286635,3.173109423859753,0.9781441847875322,1.0046978830795035,0,0
1944,3.1331171012619827,3.173035894866345,0.9721448979683324,1.0044780144373469,0,0
1945,3.141698073620327,3.17296217721168,0.9725404948784736,1.0042586791921078,0,0
1946,3.148011874440243,3.1728882719926794,0.9807242346373082,1.0040398805309794,0,0
1947,3.1302311997701175,3.1728141803107675,0.9951248468147453,1.0038216216375615,0,0
1948,3.157258343559486,3.1727399032717742,1.0190402931770082,1.0036039056915556,0,0
1949,3.1234952903446014,3.172665441985828,1.0421534972582267,1.0033867358684678,0,0
1950,3.1621422493815445,3.1725907975672585,1.077520358681934,1.0031701153393107,0,0
1951,3.119487702170319,3.1725159711344992,1.1045995351217655,1.0029540472703138,0,0
1952,3.1661165213006464,3.1724409638099864,1.1447964968941908,1.0027385348226348,0,0
1953,3.1152435469874225,3.1723657767200684,1.1707946123813608,1.0025235811520792,0,0
1954,3.171242447679198,3.1722904109949055,1.208541218228723,1.00230918940882,0,0
1955,3.109678166218348,3.1722148677683832,1.2286423994973614,1.0020953627371247,0,0
1956,3.1777885083086868,3.1721391481780152,1.2563031466858827,1.0018821042750856,0,0
1957,3.1029947403263787,3.172063253364859,1.2665573791277793,1.0016694171543534,0,0
1958,3.184606909498769,3.171987184473424,1.2751475584710052,1.0014573044998765,0,0
1959,3.0968497178968772,3.1719109426515835,1.2735029933396655,1.0012457694296435,0,0
1960,3.1890384416132136,3.1718345290504946,1.2569391239870227,1.0010348150544315,0,0
1961,3.0934144010263904,3.1717579448245075,1.2450243427968661,1.0008244444775558,0,0
1962,3.1908876704535185,3.171681191131087,1.207113588612126,1.0006146607946265,0,0
1963,3.092086857868727,3.1716042691307287,1.1894847172309113,1.0004054670933074,0,0
1964,3.1909221433447024,3.1715271799868816,1.1447202147664777,1.0001968664530807,0,0
1965,3.0926245428614116,3.171449924865868,1.1276877729475812,0.999988861945014,0,0
1966,3.188851907550943,3.171372504936804,1.088847840620131,0.9997814566315328,0,0
1967,3.095536338039095,3.17129492137153,1.0739625748189068,0.999574653566196,0,0
1968,3.1824250495001745,3.171217175344527,1.0395424229988424,0.9993684557934759,0,0
1969,3.104663647383841,3.1711392680328507,1.02390773562084,0.9991628663485425,0,0
1970,3.168193980700032,3.171061200616059,0.9955520143719244,0.9989578882570511,0,0
1971,3.121770956967777,3.1709829742761357,0.9832816408942141,0.9987535245349346,0,0
1972,3.1511409207228183,3.1709045901974258,0.9726780126986599,0.9985497781881982,0,0
1973,3.139411321875889,3.17082604956657,0.9715917416696678,0.9983466522127201,0,0
1974,3.136767315149887,3.170747353572427,0.9778383578585057,0.9981441495940538,0,0
1975,3.152174216778768,3.1706685034060214,0.992162838524172,0.997942273307236,0,0
1976,3.1271596764848923,3.170589500260468,1.0105369576926795,0.9977410263165969,0,0
1977,3.159456342114526,3.1705103453309147,1.039465166241831,0.997540411575575,0,0
1978,3.121842488096661,3.17043103981448,1.0646115176215265,0.9973404320265363,0,0
1979,3.163588875761326,3.1703515849101875,1.1026872414043793,0.997141090600594,0,0
1980,3.1180028208019706,3.1702719818189116,1.1299665745147975,0.9969423902174358,0,0
1981,3.167887283180607,3.170192231743315,1.1700750801516249,0.9967443337851523,0,0
1982,3.1132984806712827,3.170112335887794,1.1943650343236711,0.9965469242000694,0,0
1983,3.1735830435919072,3.1700322954584172,1.2292452720278473,0.9963501643465845,0,0
1984,3.107224925400036,3.1699521116628766,1.2460175570561813,0.9961540570970059,0,0
1985,3.180475988314529,3.169871785710427,1.267531217545739,0.9959586053113955,0,0
1986,3.1004473723905073,3.169791318811835,1.27331855921078,0.995763811837415,0,0
1987,3.186678580669819,3.1697107121793295,1.2726312070817265,0.9955696795101759,0,0
1988,3.0952019216714413,3.169629967026545,1.266716867438152,0.9953762111520917,0,0
1989,3.189953133424861,3.1695490845684735,1.241005577734662,0.995183409572734,0,0
1990,3.0927191077606118,3.1694680660214174,1.2262025581495564,0.994991277568692,0,0
1991,3.191133958456774,3.169386912602936,1.1835613795546787,0.9947998179234349,0,0
1992,3.0920515349912048,3.1693056255318024,1.1655519820025313,0.9946090334071772,0,0
1993,3.1904062958141437,3.1692242060279554,1.1223091623533747,0.9944189267767477,0,0
1994,3.0933773323306277,3.1691426553124518,1.1062726424420826,0.9942295007754607,0,0
1995,3.187226663237174,3.1690609746074223,1.06983346951317,0.9940407581329909,0,0
1996,3.097902052755003,3.1689791651360295,1.0549617289891036,0.9938527015652512,0,0
1997,3.177809263567332,3.1688972281224252,1.021452774793071,0.9936653337742732,0,0
1998,3.110562925487681,3.1688151647917002,1.0060428047234433,0.9934786574480907,0,0
1999,3.1616909181237496,3.168732976369853,0.9836991532421494,0.9932926752606259,0,0
2000,3.128814788048086,3.1686506640837417,0.9749642569084898,0.993107389871579,0,0
2001,3.14517591388593,3.1685682291610475,0.9712982022868882,0.9929228039263194,0,0
2002,3.1449391316246746,3.168485672830234,0.9757275889357606,0.9927389200557813,0,0
2003,3.1325423053821964,3.168402996320508,0.9871847055107184,0.992555740876361,0,0
2004,3.1555267598050327,3.1683202008617832,1.007539074774916,0.9923732689898164,0,0
2005,3.1247427388061855,3.1682372876846405,1.0290453630073475,0.9921915069831705,0,0
2006,3.161183706375653,3.1681542580202957,1.0621864089091269,0.9920104574286166,0,0
2007,3.1203894881585588,3.168071113100556,1.0887411974340404,0.991830122883426,0,0
2008,3.165090741070319,3.167987854157795,1.1284566732439194,0.9916505058898593,0,0
2009,3.1163724838853626,3.1679044824249076,1.1551803771312101,0.9914716089750786,0,0
2010,3.1698698803682404,3.1678209991352855,1.1941766841717614,0.9912934346510637,0,0
2011,3.1111459266233115,3.167737405522775,1.216098219972745,0.9911159854145296,0,0
2012,3.1761123168162206,3.1676537028216507,1.2469562066327688,0.9909392637468476,0,0
2013,3.1046502810986305,3.1675698922665805,1.2598826880996952,0.990763272113968,0,0
2014,3.1830830728908523,3.1674859750925926,1.2738789044713406,0.9905880129663447,0,0
2015,3.09812845140228,3.167401952535046,1.2750883375395352,0.9904134887388636,0,0
2016,3.188269154597521,3.1673178258296004,1.2646578435377938,0.9902397018507717,0,0
2017,3.0939937630457046,3.167233596212185,1.2549037149313012,0.9900666547056104,0,0
2018,3.190598844486017,3.1671492649189674,1.2211879198461482,0.9898943496911485,0,0
2019,3.092253664586949,3.1670648331863274,1.2043303606117364,0.9897227891793202,0,0
2020,3.191097193621715,3.1669803022508254,1.1595956652481954,0.989551975526163,0,0
2021,3.09230839230646,3.1668956733491727,1.1420212461587005,0.9893819110717595,0,0
2022,3.1895780302089656,3.16681094771821,1.1013989764434768,0.9892125981401798,0,0
2023,3.094516045735016,3.1667261265948725,1.0862020747538688,0.9890440390394278,0,0
2024,3.184680715156196,3.166641211216167,1.0512564777430213,0.988876236061388,0,0
2025,3.1015739876510455,3.166556202819143,1.0359064738249475,0.9887091914817748,0,0
2026,3.172143648570538,3.1664711026408683,1.004803144712692,0.9885429075600853,0,0
2027,3.1172974416234456,3.1663859119184004,0.990892030913559,0.988377386539552,0,0
2028,3.155159270688742,3.166300631888761,0.9756722195573146,0.9882126306470984,0,0
2029,3.135498833509762,3.166215263788916,0.9713925959253398,0.9880486420932972,0,0
2030,3.139813729736679,3.1661298088557395,0.9740045089852453,0.9878854230723298,0,0
2031,3.1496305498350488,3.1660442683260013,0.9844175371456352,0.9877229757619481,0,0
2032,3.1290273583861534,3.165958643436332,1.0003707128753523,0.9875613023234375,0,0
2033,3.1581311489089523,3.165872935423206,1.0262100729258354,0.9874004049015833,0,0
2034,3.1228543292017754,3.1657871455229127,1.0501357152093296,0.9872402856246375,0,0
2035,3.162673593999808,3.165701274971535,1.0866126573530581,0.9870809466042882,0,0
2036,3.1189573117305316,3.1656153250049264,1.1138546024186045,0.9869223899356311,0,0
2037,3.166741123649112,3.1655292968586832,1.15413795092557,0.9867646176971421,0,0
2038,3.114555969566792,3.1654431917681296,1.1795901787905787,0.9866076319506526,0,0
2039,3.1720743739017756,3.1653570109682856,1.2164175922404203,0.9864514347413265,0,0
2040,3.1087988036819705,3.16527075569385,1.235364089737534,0.9862960280976377,0,0
2041,3.1787701647880806,3.165184427179178,1.2609367645283924,0.9861414140313521,0,0
2042,3.102047604065809,3.165098026658253,1.2695848581263718,0.9859875945375078,0,0
2043,3.1854170883322577,3.165011555364673,1.2748708789469738,0.9858345715944009,0,0
2044,3.0961932642307333,3.1649250145316206,1.2716241789118599,0.9856823471635696,0,0
2045,3.189410343280976,3.1648384053918446,1.2516173189170376,0.9855309231897833,0,0
2046,3.093132224469889,3.1647517291776395,1.2385655843518242,0.9853803016010303,0,0
2047,3.1910089707549987,3.1646649871208203,1.1986335743287058,0.9852304843085096,0,0
2048,3.0920406381307495,3.164578180452701,1.1807528629393926,0.9850814732066231,0,0
2049,3.190767657040945,3.164491310404079,1.136355616163196,0.9849332701729707,0,0
2050,3.0928622620316943,3.164404378205204,1.1196826242772786,0.9847858770683455,0,0
2051,3.18833823027591,3.164317385085764,1.0818050221593727,0.9846392957367319,0,0
2052,3.096275871426893,3.1642303322748604,1.066995751047282,0.9844935280053052,0,0
2053,3.180880889445916,3.1641432210009897,1.032836962656039,0.9843485756844328,0,0
2054,3.1066923511656808,3.164056052492016,1.0171588943460348,0.9842044405676762,0,0
2055,3.165839787203048,3.1639688279751574,0.9908003547668703,0.9840611244317967,0,0
2056,3.1243656135811393,3.1638815486769594,0.9796988590962563,0.9839186290367608,0,0
2057,3.1488982027017074,3.1637942158232732,0.9716989817861585,0.9837769561257473,0,0
2058,3.1415284632968388,3.163706830639241,0.9725660656017203,0.9836361074251585,0,0
2059,3.1351393229709075,3.1636193943492663,0.9807936737864383,0.9834960846446295,0,0
2060,3.153492449931427,3.163531908176997,0.9973624041570834,0.983356889477041,0,0
2061,3.1262043383448685,3.1634443733453037,1.0169757286718228,0.9832185235985353,0,0
2062,3.1601304309997693,3.1633567910762586,1.0475399985297231,0.98308098866853,0,0
2063,3.1212983808370622,3.1632691625911113,1.0732788164668245,0.982944286329737,0,0
2064,3.1641256255711028,3.163181489110272,1.1120807361644,0.9828084182081805,0,0
2065,3.1174261378529864,3.1630937718532857,1.1392424355977666,0.982673385913219,0,0
2066,3.16858700287298,3.1630060120388124,1.1790637112988804,0.982539191037566,0,0
2067,3.1125349634082773,3.1629182108846052,1.2025615312926587,0.9824058351573159,0,0
2068,3.1744887694560586,3.1628303696074895,1.2361090919761182,0.9822733198319674,0,0
2069,3.1062933680640215,3.1627424894233376,1.2515316512023693,0.9821416466044521,0,0
2070,3.181448764234657,3.1626545715470513,1.2704499810701892,0.9820108170011626,0,0
2071,3.0995633315759883,3.1625666171925384,1.2745629453670653,0.9818808325319822,0,0
2072,3.1873172692927163,3.162478627572687,1.2703336827393368,0.9817516946903181,0,0
2073,3.0947125950119148,3.162390603899348,1.2629578295936066,0.9816234049531332,0,0
2074,3.190216665079594,3.162302547383311,1.2341548892224978,0.9814959647809822,0,0
2075,3.092521982654024,3.162214459234279,1.2184896088570067,0.9813693756180477,0,0
2076,3.1911543194603635,3.1621263406608517,1.1747733119421149,0.9812436388921785,0,0
2077,3.092111326914429,3.1620381928704955,1.156845249544144,0.9811187560149279,0,0
2078,3.190142163614562,3.161950017069525,1.1144863694356113,0.9809947283815975,0,0
2079,3.0937411163572235,3.1618618144630797,1.098793255254278,0.9808715573712776,0,0
2080,3.1864240536304966,3.161773586255098,1.0630148070927437,0.9807492443468924,0,0
2081,3.099076254660396,3.1616853336482986,1.0480046820882027,0.9806277906552461,0,0
2082,3.1758375007890742,3.16159705784415,1.0151271326312694,0.9805071976270697,0,0
2083,3.1129568939732586,3.1615087600428513,1.0001070375572036,0.9803874665770708,0,0
2084,3.159287807727841,3.1614204414433082,0.9803006891251983,0.9802685988039825,0,0
2085,3.131320052449022,3.1613321032431068,0.9731031703243739,0.9801505955906176,0,0
2086,3.1431380725253533,3.1612437466384904,0.9718142201958068,0.9800334582039202,0,0
2087,3.1467528844355592,3.1611553728243336,0.978388945234657,0.9799171878950218,0,0
2088,3.1311744363263663,3.1610669829941185,0.991581291441632,0.979801785899298,0,0
2089,3.1565608392799636,3.1609785783399107,1.014022498773247,0.9796872534364257,0,0
2090,3.123999998346543,3.160890160052332,1.0364876865374653,0.9795735917104441,0,0
2091,3.161744484423867,3.1608017293205344,1.07095762357654,0.9794608019098148,0,0
2092,3.1198708495632395,3.16071328733218,1.0978518914140651,0.9793488852074848,0,0
2093,3.1656740324360046,3.160624835273404,1.1378970056786943,0.9792378427609513,0,0
2094,3.1157308969912343,3.1605363743288013,1.1642366848632717,0.9791276757123265,0,0
2095,3.17065066343298,3.1604479056813912,1.2025648465802934,0.9790183851884056,0,0
2096,3.1103084859447674,3.1603594305125946,1.2234651290231016,0.9789099723007348,0,0
2097,3.1770740779923954,3.160270950002206,1.252543095067985,0.9788024381456829,0,0
2098,3.103694825430583,3.160182465328367,1.2639474947834037,0.9786957838045109,0,0
2099,3.1839787099750407,3.160093977667538,1.2748794616346486,0.9785900103434476,0,0
2100,3.0973698772964156,3.16000548819447,1.2744330421743608,0.9784851188137621,0,0
2101,3.188733493432732,3.1599169980821813,1.2604457873212913,0.9783811102518419,0,0
2102,3.0936445209017447,3.159828508501924,1.2494173420235954,0.9782779856792693,0,0
2103,3.19077718975977,3.1597400206231563,1.2131823200356426,0.9781757461029007,0,0
2104,3.092144386596121,3.1596515356135177,1.19582736713951,0.978074392514948,0,0
2105,3.191010599180537,3.159563054638795,1.1509643494820816,0.9779739258930594,0,0
2106,3.092476098151613,3.1594745788628997,1.1336858748254008,0.9778743472004044,0,0
2107,3.1891819312776613,3.1593861094478317,1.0941010301217602,0.977775657385757,0,0
2108,3.0950686535253786,3.159297647553654,1.079110056343323,0.9776778573835839,0,0
2109,3.1834450432285344,3.15920919433846,1.0444920501914723,0.9775809481141305,0,0
2110,3.103286401825742,3.159120750958347,1.0289552061312452,0.9774849304835117,0,0
2111,3.1698899278811212,3.1590323185673834,0.9993191177338175,0.9773898053838017,0,0
2112,3.1198692780700683,3.1589438983175753,0.9862922318303274,0.9772955736931261,0,0
2113,3.1528237467939726,3.158855491358841,0.9737445479036924,0.9772022362757555,0,0
2114,3.1377915011798954,3.158767098838979,0.9712758089599708,0.9771097939822004,0,0
2115,3.138022048353637,3.1586787219036303,0.9760155376836092,0.9770182476493069,0,0
2116,3.15113805864387,3.158590361696253,0.9886828100812478,0.9769275981003549,0,0
2117,3.127916635757886,3.15850201935809,1.0060748926852847,0.9768378461451567,0,0
2118,3.158922136091133,3.158413696028134,1.0337347036420856,0.9767489925801571,0,0
2119,3.122257906724371,3.1583253928430928,1.0583936655729043,0.9766610381885351,0,0
2120,3.163200550029067,3.1582371109373653,1.095844612908007,0.9765739837403075,0,0
2121,3.1184131251268155,3.1581488514429985,1.1231458418337652,0.9764878299924313,0,0
2122,3.167392095213312,3.15806061548966,1.1633783343177895,0.976402577688911,0,0
2123,3.113840878462194,3.157972404204603,1.1881932194414007,0.9763182275609048,0,0
2124,3.1729346460196175,3.1578842187126317,1.2239529701808978,0.976234780326832,0,0
2125,3.1078980078230956,3.15779606013607,1.2416715113634427,0.9761522366924831,0,0
2126,3.1797552746033184,3.157707929594722,1.2649714183298602,0.9760705973511296,0,0
2127,3.101116002428512,3.1576198282058425,1.271978446180278,0.9759898629836365,0,0
2128,3.1861680526152796,3.1575317570840995,1.273850830132653,0.9759100342585745,0,0
2129,3.095598825351555,3.1574437173415397,1.269046291612636,0.9758311118323343,0,0
2130,3.1897377403166196,3.1573557100875527,1.245701537474355,0.9757530963492422,0,0
2131,3.0928827469081193,3.1572677364288366,1.2316028239872254,0.9756759884416757,0,0
2132,3.1910946874951187,3.157179797469363,1.189979693729697,0.9755997887301822,0,0
2133,3.0920326444692843,3.157091894310337,1.171979936274037,0.9755244978235961,0,0
2134,3.1905738610950833,3.157004028050166,1.1281797306183954,0.9754501163191599,0,0
2135,3.0931426043705534,3.156916199784419,1.1118764191769697,0.9753766448026445,0,0
2136,3.187735970617824,3.1568284106057924,1.0748703522889251,0.9753040838484704,0,0
2137,3.09715483351466,3.1567406616040743,1.0600547647282685,0.9752324340198314,0,0
2138,3.1791667742655094,3.1566529538661023,1.0262193886401885,0.9751616958688181,0,0
2139,3.1088761581881332,3.156565288475734,1.0106361604094303,0.9750918699365421,0,0
2140,3.163452903353637,3.1564776665138012,0.9865216068491359,0.975022956753263,0,0
2141,3.12694437537313,3.1563900890580783,0.9767359399889037,0.9749549568385142,0,0
2142,3.1467233734901385,3.156302557183242,0.9712672157448595,0.9748878707012302,0,0
2143,3.1435366794217323,3.1562150719608346,0.9741631324915963,0.9748216988398758,0,0
2144,3.133606429866609,3.156127634459224,0.9842863253971359,0.9747564417425748,0,0
2145,3.154704057256788,3.1560402457435663,1.0030604818917515,0.974692099887241,0,0
2146,3.1253326937971107,3.1559529068757683,1.0238032856753891,0.9746286737417076,0,0
2147,3.160752936430105,3.1558656189144476,1.0558949085541416,0.9745661637638598,0,0
2148,3.1207709634016734,3.1557783829148947,1.0821384882645935,0.9745045704017676,0,0
2149,3.1646758897606033,3.155691199929033,1.1215207140909451,0.9744438940938175,0,0
2150,3.1168271738599977,3.155604071005381,1.148465468274934,0.9743841352688477,0,0
2151,3.169316045962155,3.1555169971890114,1.18786200135976,0.9743252943462816,0,0
2152,3.1117437181586456,3.1554299795215157,1.2104813550877325,0.9742673717362628,0,0
2153,3.175417692894507,3.155343019040958,1.2425375962184846,0.9742103678397912,0,0
2154,3.105348868374343,3.1552561167818456,1.2565436564146215,0.9741542830488588,0,0
2155,3.1824019479249483,3.1551692737750785,1.2726860879829274,0.974099117746586,0,0
2156,3.0987186025210938,3.1550824910479185,1.2751215747187028,0.9740448723073591,0,0
2157,3.1878898962419355,3.1549957696239432,1.2673169571724832,0.9739915470969678,0,0
2158,3.094279185017781,3.154909110523011,1.2585440405076895,0.9739391424727427,0,0
2159,3.190448342416254,3.154822514761221,1.2268303329337809,0.9738876587836943,0,0
2160,3.0923554436515253,3.1547359833508692,1.2104277383595323,0.9738370963706507,0,0
2161,3.191135758857128,3.154649517300411,1.1659960281271224,0.9737874555663973,0,0
2162,3.092210521369795,3.154563117614425,1.1482433405457082,0.9737387366958155,0,0
2163,3.1898342946593417,3.1544767852935656,1.1068665571742842,0.9736909400760215,0,0
2164,3.0941629800780306,3.154390521334531,1.091478575838349,0.9736440660165078,0,0
2165,3.185477444264739,3.1543043267300184,1.056226959429333,0.9735981148192804,0,0
2166,3.100443641102938,3.1542182024686856,1.0410277993387682,0.973553086779,0,0
2167,3.173744333784145,3.1541321495351116,1.0090576709735657,0.9735089821831215,0,0
2168,3.1154371707929953,3.154046168909756,0.99461035945262,0.9734658013120335,0,0
2169,3.156897039615229,3.153960261568922,0.9774329915804216,0.9734235444391987,0,0
2170,3.133759410814317,3.153874428484713,0.9718822458577641,0.9733822118312928,0,0
2171,3.14118734232497,3.1537886706249973,0.9728769187384402,0.9733418037483449,0,0
2172,3.1484538601442993,3.153702988953363,0.9816507771084485,0.9733023204438759,0,0
2173,3.129901433305237,3.153617384429088,0.9964756766644305,0.9732637621650386,0,0
2174,3.1574992872227874,3.1535318580070886,1.0209133272028887,0.9732261291527565,0,0
2175,3.123319650565515,3.1534464106378928,1.0442507151539546,0.9731894216418615,0,0
2176,3.162284657970144,3.153361043267593,1.0799261029237712,0.973153639861234,0,0
2177,3.119347551212401,3.1532757568378114,1.107058726656137,0.9731187840339388,0,0
2178,3.166280368041218,3.15319055228566,1.1472922025491752,0.9730848543773643,0,0
2179,3.1150630991615773,3.1531054305437025,1.1731539584002033,0.9730518511033579,0,0
2180,3.1714611593523903,3.153020392539917,1.2106701307625576,0.9730197744183643,0,0
2181,3.109446210837895,3.1529354391976576,1.2304711147439533,0.9729886245235595,0,0
2182,3.1780492177696265,3.152850571435616,1.2575936199938176,0.9729584016149877,0,0
2183,3.10274146847924,3.1527657901677846,1.2674241559023058,0.9729291058836947,0,0
2184,3.1848280951217736,3.15268109630342,1.2751464253564686,0.9729007375158627,0,0
2185,3.0966689029839496,3.152596490747008,1.2730714073525908,0.9728732966929424,0,0
2186,3.1891421935530873,3.15251197439822,1.2555819614568768,0.972846783591787,0,0
2187,3.093335862285994,3.1524275481518855,1.2433561572684564,0.9728211983847813,0,0
2188,3.190923339308983,3.1523432128979487,1.2048764672086896,0.9727965412399747,0,0
2189,3.092070875320497,3.1522589695214394,1.1871670340103289,0.9727728123212089,0,0
2190,3.190884827722249,3.152174818902432,1.1424753997229693,0.9727500117882473,0,0
2191,3.0926838125821354,3.1520907619160137,1.125536593408041,0.9727281397969029,0,0
2192,3.1887227937187372,3.15200679943225,1.08696006520161,0.9727071964991637,0,0
2193,3.0957210132463175,3.151922932316148,1.0721029124312995,0.9726871820433189,0,0
2194,3.1820310236867217,3.1518391614276253,1.0377509336707835,0.9726680965740826,0,0
2195,3.1051874561602446,3.151755487621474,1.0220931663851833,0.9726499402327169,0,0
2196,3.167571261723261,3.151671911747332,0.9942422740574203,0.9726327131571524,0,0
2197,3.122462304437638,3.1515884346496446,0.9822680548859247,0.9726164154821104,0,0
2198,3.150537596776242,3.151505057167636,0.9723638072287389,0.9726010473392195,0,0
2199,3.1399855216203947,3.151421780135278,0.9717900821275911,0.9725866088571344,0,0
2200,3.1363245035019816,3.1513386043812566,0.9785724480043505,0.9725731001616515,0,0
2201,3.1525358011961746,3.151255530728944,0.9934970033851852,0.9725605213758228,0,0
2202,3.126896796245667,3.1511725599963634,1.0122121940401303,0.9725488726200693,0,0
2203,3.1596415611727373,3.151089692996166,1.04158657949609,0.9725381540122913,0,0
2204,3.1216954278995943,3.151006930535598,1.0668989549941095,0.972528365667979,0,0
2205,3.1637307781924235,3.150924273416473,1.1051822716972326,0.9725195077003191,0,0
2206,3.117851302959861,3.1508417224351413,1.132440106474728,0.9725115802203017,0,0
2207,3.168070794509388,3.1507592783824667,1.1724854728459748,0.9725045833368238,0,0
2208,3.113097885312218,3.150676942043798,1.1965730542274196,0.9724985171567919,0,0
2209,3.1738218310816695,3.1505947141989394,1.2311136253793498,0.9724933817852226,0,0
2210,3.1069783376143754,3.15051259562213,1.2475331645518015,0.9724891773253407,0,0
2211,3.1807364087775336,3.1504305870820164,1.2683736898911007,0.972485903878676,0,0
2212,3.100208590550249,3.150348689341628,1.2737161085219204,0.9724835615451576,0,0
2213,3.186855144852867,3.1502669031583515,1.2720905662795725,0.9724821504232061,0,0
2214,3.095065901635017,3.150185229283913,1.2657810470203943,0.9724816706098247,0,0
2215,3.1900265695691297,3.1501036684643497,1.239230456885075,0.9724821222006862,0,0
2216,3.0926636873355418,3.150022221439992,1.2241863538772237,0.97248350529022,0,0
2217,3.191143149133533,3.1499408889454394,1.1812234997787425,0.9724858199716948,0,0
2218,3.0920636135325346,3.149859671709544,1.1632256245965493,0.9724890663373011,0,0
2219,3.190340052481107,3.149778570455387,1.1202058059773614,0.9724932444782296,0,0
2220,3.093469045044049,3.149697585900261,1.1042635748912297,0.9724983544847483,0,0
2221,3.187025842411714,3.1496167187556527,1.0680133266132343,0.972504396446277,0,0
2222,3.0981966006748336,3.1495359697272263,1.0531111619051354,0.9725113704514589,0,0
2223,3.1772972260944017,3.1494553395148017,1.0197468503801104,0.972519276588231,0,0
2224,3.111190576629113,3.149374828812346,1.004423050404226,0.9725281149438899,0,0
2225,3.1610506255903466,3.149294438307951,0.9827430318465998,0.9725378856051583,0,0
2226,3.1294874758425735,3.1492141686838244,0.9744061309691652,0.9725485886582451,0,0
2227,3.1446250009124253,3.1491340206162737,0.9713822254602251,0.9725602241889061,0,0
2228,3.145433167133723,3.1490539947756933,0.976376986437781,0.9725727922825005,0,0
2229,3.1321687496629664,3.1489740918265525,0.988305782502735,0.972586293024045,0,0
2230,3.1558118147101624,3.148894312427386,1.009223971974544,0.9726007264982658,0,0
2231,3.124538314300574,3.148814657230781,1.0309945287000908,0.9726160927896476,0,0
2232,3.161335648864059,3.1487351268833703,1.064501103585899,0.9726323919824789,0,0
2233,3.120251464445236,3.1486557220258216,1.0911559871880772,0.9726496241608968,0,0
2234,3.1652439615562145,3.1485764432928285,1.130973203656476,0.9726677894089272,0,0
2235,3.1162041319671943,3.148497291313108,1.1576039058356706,0.972686887810522,0,0
2236,3.170074882907207,3.1484182667093923,1.1964361907098477,0.9727069194495959,0,0
2237,3.110925428986002,3.1483393700984212,1.2180935673291242,0.9727278844100575,0,0
2238,3.176366870612307,3.1482606020909376,1.248494298211964,0.9727497827758396,0,0
2239,3.104396018892709,3.148181963291691,1.2610209484361081,0.9727726146309251,0,0
2240,3.1833255859757865,3.148103454299424,1.2742163368636612,0.9727963800593725,0,0
2241,3.09792108566403,3.1480250757068813,1.27498274610905,0.972821079145335,0,0
2242,3.1883985738446703,3.1479468281008,1.2636015240598446,0.9728467119730798,0,0
2243,3.0938964713563295,3.1478687120619164,1.253500803303949,0.9728732786270032,0,0
2244,3.190649389652419,3.1477907281649613,1.2190893488058048,0.9729007791916431,0,0
2245,3.0922211775176276,3.147712876978666,1.2020853702130012,0.9729292137516874,0,0
2246,3.1910779665698725,3.147635159065762,1.1572853273069137,0.9729585823919822,0,0
2247,3.092349177111424,3.1475575749829887,1.139784363363949,0.9729888851975346,0,0
2248,3.1894780980559267,3.1474801252810907,1.099438820984773,0.973020122253513,0,0
2249,3.094654594221366,3.147402810504834,1.0843032661441157,0.973052293645245,0,0
2250,3.1843688492780555,3.1473256311929987,1.049453816643491,0.9730853994582135,0,0
2251,3.1020108621715003,3.1472485878783982,1.0340503721934005,0.973119439778047,0,0
2252,3.171550936100728,3.147171681087882,1.0033055828522814,0.9731544146905099,0,0
2253,3.117978983993375,3.1470949113423443,0.9896129110529704,0.9731903242814872,0,0
2254,3.1545331783950274,3.1470182791567347,0.9751055460677983,0.9732271686369693,0,0
2255,3.136118520219892,3.1469417850400703,0.9712995867117514,0.9732649478430313,0,0
2256,3.1393274720143443,3.1468654294954455,0.9744866245495449,0.9733036619858104,0,0
2257,3.1500428074334414,3.146789213020044,0.9854983704924335,0.9733433111514805,0,0
2258,3.1287225463318062,3.1467131361051557,1.0018459913480207,0.9733838954262246,0,0
2259,3.1583493847693034,3.1466371992361886,1.0281803885349765,0.973425414896202,0,0
2260,3.1226915895325873,3.146561402892683,1.0523090111754787,0.9734678696475154,0,0
2261,3.162814012736605,3.1464857475483297,1.0890588900162137,0.9735112597661737,0,0
2262,3.118813917545348,3.1464102336709874,1.1163267217235782,0.9735555853380516,0,0
2263,3.166911840014825,3.1463348617226976,1.1566098721470972,0.9736008464488481,0,0
2264,3.114368249139911,3.146259632159706,1.1819012524136803,0.9736470431840404,0,0
2265,3.1723007465849125,3.146184545432481,1.218458967171754,0.9736941756288353,0,0
2266,3.108560917885452,3.146109601985735,1.2370855199671213,0.9737422438681195,0,0
2267,3.1790324466306967,3.1460348022584452,1.2620711362097579,0.973791247986405,0,0
2268,3.1017976503738196,3.145960146683875,1.2702851681307301,0.9738411880677731,0,0
2269,3.185623089870847,3.145885635689597,1.2746718477999506,0.9738920641958155,0,0
2270,3.096028887112768,3.1458112696975182,1.2710055923108072,0.9739438764535725,0,0
2271,3.189501614949286,3.145737049123905,1.2500984548729757,0.9739966249234682,0,0
2272,3.093062721643895,3.1456629743794053,1.23675869110026,0.9740503096872448,0,0
2273,3.191035350468313,3.145589045869078,1.1963430179324133,0.9741049308258921,0,0
2274,3.092034736336771,3.1455152639924187,1.1784180575350014,0.9741604884195758,0,0
2275,3.1907199059013203,3.1454416291433867,1.134159212436263,0.9742169825475633,0,0
2276,3.0929326440408027,3.145368141710437,1.1175844572187257,0.9742744132881459,0,0
2277,3.1881872484441787,3.145294802076544,1.0799490014179198,0.9743327807185604,0,0
2278,3.0964953262198,3.145221610619238,1.0651461486779914,0.9743920849149068,0,0
2279,3.180440524275303,3.1451485677106312,1.0310639396543244,0.9744523259520639,0,0
2280,3.1072597220696596,3.14507567371745,1.01539630908392,0.9745135039036035,0,0
2281,3.165206620957404,3.1450029290010697,0.9896134603392186,0.9745756188417003,0,0
2282,3.1250547332037812,3.144930333917545,0.9788485840228491,0.9746386708370427,0,0
2283,3.1483120274111407,3.1448578888176457,0.9715305594300176,0.9747026599587381,0,0
2284,3.142074046309095,3.144785594046889,0.9729307473226102,0.9747675862742174,0,0
2285,3.1347218127259766,3.144713449945577,0.9816716295917837,0.9748334498491389,0,0
2286,3.1538254231649643,3.1446414568488295,0.9988324415329299,0.9749002507472873,0,0
2287,3.1259642762542548,3.144569615086622,1.0187569777314336,0.9749679890304724,0,0
2288,3.160300754686636,3.144497924983824,1.0497387167650991,0.975036664758426,0,0
2289,3.121156678432957,3.1444263868602342,1.075620760983282,0.9751062779886953,0,0
2290,3.164270644931014,3.144355001030622,1.1145914799484706,0.9751768287765369,0,0
2291,3.1172688932144914,3.144283767804758,1.1417050158122761,0.9752483171748055,0,0
2292,3.168778257659374,3.1442126874874674,1.181426686228592,0.9753207432338444,0,0
2293,3.1123269423971216,3.144141760378657,1.2046988957473206,0.9753941070013721,0,0
2294,3.174733986672576,3.1440709867733623,1.237865024000833,0.9754684085223676,0,0
2295,3.1060429390873048,3.144000366961786,1.2529167589285235,0.9755436478389539,0,0
2296,3.1817049170761575,3.1439299012293422,1.271113191690249,0.9756198249902807,0,0
2297,3.0993341952620113,3.1438595898566972,1.2747792632754384,0.975696940012405,0,0
2298,3.1874761689925664,3.143789433119809,1.2695998413434324,0.9757749929381699,0,0
2299,3.09459191119379,3.143719431289977,1.2618454336052423,0.9758539837970822,0,0
2300,3.190281387798953,3.1436495846338777,1.2322484188330518,0.9759339126151891,0,0
2301,3.0924745883355356,3.143579893413616,1.2163740646485464,0.9760147794149531,0,0
2302,3.191153198908605,3.1435103578867643,1.1724324130235917,0.9760965842151251,0,0
2303,3.092133890629085,3.1434409783064083,1.1545425751872656,0.9761793270306176,0,0
2304,3.1900645992418304,3.1433717549211964,1.1124376842269255,0.9762630078723757,0,0
2305,3.093847374912592,3.1433026879753783,1.0968302018120786,0.9763476267472468,0,0
2306,3.186186854252282,3.1432337777088564,1.0612050555471573,0.9764331836578507,0,0
2307,3.099421074757398,3.1431650243572307,1.0461483108639649,0.976519678602447,0,0
2308,3.1752910748837184,3.1430964281518428,1.0134831833075983,0.9766071115748023,0,0
2309,3.1136100025526865,3.143027989319826,0.998597678488771,0.9766954825640565,0,0
2310,3.158649316882921,3.142959708084154,0.9794846815418565,0.9767847915545886,0,0
2311,3.131976732507255,3.1428915846636793,0.9727155228182719,0.976875038525881,0,0
2312,3.1426098965343994,3.142823619273195,0.9720437983964905,0.9769662234523834,0,0
2313,3.147216854818486,3.14275581212347,0.9791994398076453,0.9770583463033765,0,0
2314,3.130826187209078,3.1426881634213046,0.9928368886774529,0.9771514070428344,0,0
2315,3.156819826326309,3.142620673369576,1.0158190625298866,0.9772454056292872,0,0
2316,3.1238131284339006,3.142553342167288,1.0385246916532869,0.9773403420156812,0,0
2317,3.161889922885089,3.14248617000962,1.0733280117592896,0.9774362161492423,0,0
2318,3.119732204206233,3.142419157087975,1.1002957506094517,0.9775330279713352,0,0
2319,3.165833153140465,3.1423523035900267,1.140404713322797,0.9776307774173251,0,0
2320,3.11555566121781,3.1422856096997767,1.1666262306111204,0.9777294644164368,0,0
2321,3.170863614536094,3.1422190755975943,1.2047523184322995,0.9778290888916159,0,0
2322,3.1100812190486002,3.1421527014602675,1.2253673536635776,0.9779296507593884,0,0
2323,3.177332650277686,3.142086487461062,1.2539419849181583,0.9780311499297204,0,0
2324,3.1034404505166617,3.142020433769757,1.2649319772338758,0.978133586305878,0,0
2325,3.1842097841837833,3.1419545405527045,1.2750226588079863,0.9782369597842877,0,0
2326,3.0971774029724752,3.1418888079728746,1.274139450648361,0.9783412702543958,0,0
2327,3.18884751451071,3.1418232361899086,1.259212952328109,0.978446517598529,0,0
2328,3.0935585889683446,3.141757825360161,1.2478579096056557,0.9785527016917542,0,0
2329,3.1908193299207173,3.1416925756367604,1.2109968342157855,0.97865982240174,0,0
2330,3.0921212414849983,3.1416274871696497,1.1935335841820738,0.9787678795886168,0,0
2331,3.1909809294209417,3.1415625601056387,1.1486883910784147,0.9788768731048384,0,0
2332,3.0925274737519586,3.1414977945884544,1.131496894105734,0.9789868027950442,0,0
2333,3.1890663038430596,3.141433190758788,1.0921850942538671,0.9790976684959207,0,0
2334,3.0952317675839396,3.1413687487543487,1.0772371656226989,0.9792094700360648,0,0
2335,3.1830859880875035,3.1413044687099045,1.0426936764454826,0.9793222072358471,0,0
2336,3.103774829635024,3.1412403507573408,1.027116206713353,0.9794358799072758,0,0
2337,3.16927800796838,3.1411763950257003,0.9979255395626505,0.9795504878538613,0,0
2338,3.120558651417612,3.1411126016412396,0.9851629717313425,0.9796660308704823,0,0
2339,3.1522096322485127,3.1410489707274696,0.9733233739780442,0.9797825087432515,0,0
2340,3.1383857385115856,3.1409855024052096,0.9713513010530772,0.9798999212493829,0,0
2341,3.1375607536387142,3.1409221967926335,0.9766432116370094,0.9800182681570605,0,0
2342,3.1515209400917676,3.140859054005315,0.9899122740306066,0.9801375492253065,0,0
2343,3.1276362931307617,3.1407960741562797,1.00766800729178,0.980257764203852,0,0
2344,3.1591202581494326,3.140733257356047,1.0357948110990909,0.9803789128330076,0,0
2345,3.1221052332021753,3.1406706037126813,1.06063569775366,0.9805009948435365,0,0
2346,3.163341145275613,3.140608113331835,1.0983223232797417,0.9806240099565273,0,0
2347,3.118265370393386,3.1405457863167974,1.1256219666464031,0.9807479578832692,0,0
2348,3.1675700766235746,3.14048362276854,1.165817929681006,0.9808728383251276,0,0
2349,3.1136457529315567,3.14042162278576,1.1904478523117525,0.9809986509734211,0,0
2350,3.173168346052814,3.1403597864649293,1.2258978749943659,0.9811253955093014,0,0
2351,3.107654824484785,3.1402981139003336,1.2432773432635644,0.9812530716036316,0,0
2352,3.180017276555867,3.1402366051841235,1.2659405405719855,0.9813816789168694,0,0
2353,3.1008716295962095,3.1401752604063518,1.2725060968734823,0.9815112170989495,0,0
2354,3.186357401949825,3.140114079655023,1.2734540986632688,0.9816416857891677,0,0
2355,3.09545096895674,3.1400530630161314,1.2682432936412593,0.9817730846160678,0,0
2356,3.1898182056065125,3.139992210573709,1.244030816303335,0.9819054131973296,0,0
2357,3.0928214893385344,3.1399315224098605,1.2296698798475154,0.9820386711396578,0,0
2358,3.1911112900054808,3.139870998604812,1.1876550317806613,0.9821728580386736,0,0
2359,3.0920370651178697,3.1398106392369485,1.1696445279771854,0.9823079734788079,0,0
2360,3.1905155534172707,3.139750444382855,1.1260362119320448,0.9824440170331964,0,0
2361,3.093224841538897,3.1396904141173594,1.1098306529946018,0.9825809882635754,0,0
2362,3.187558251817484,3.139630548513567,1.0730379796171088,0.9827188867201819,0,0
2363,3.0974154420514863,3.139570847642902,1.0582068858050684,0.9828577119416525,0,0
2364,3.1786833762157536,3.13951131157515,1.024479005417995,0.9829974634549278,0,0
2365,3.1094807803042794,3.1394519403784877,1.0089479924021822,0.9831381407751555,0,0
2366,3.162813985821805,3.139392734119531,0.9854655535767797,0.983279743405598,0,0
2367,3.1276258717917975,3.1393336928633597,0.9760532933523942,0.9834222708375404,0,0
2368,3.14615679167527,3.1392748166735642,0.9712444435602167,0.9835657225502024,0,0
2369,3.14405270263887,3.139216105612274,0.974692716667398,0.9837100980106502,0,0
2370,3.1332142721685536,3.1391575597401946,0.9853057900706849,0.9838553966737129,0,0
2371,3.1550090584882056,3.1390991791166485,1.0046577573796676,0.9840016179818993,0,0
2372,3.125113906394148,3.1390409637995944,1.0256838181605392,0.9841487613653175,0,0
2373,3.160911521505845,3.1389829138456746,1.058163429468472,0.9842968262415982,0,0
2374,3.1206321836530506,3.1389250293102386,1.0845258982387118,0.9844458120158175,0,0
2375,3.164825275819114,3.1388673102473796,1.1240380935680936,0.9845957180804251,0,0
2376,3.116663671734287,3.1388097567099607,1.1509086147744705,0.9847465438151728,0,0
2377,3.1695152035052367,3.1387523687496492,1.1901686122677106,0.9848982885870464,0,0
2378,3.111528410055923,3.138695146416945,1.2125398222255346,0.9850509517501999,0,0
2379,3.175668618252385,3.1386380897612085,1.244171491601372,0.9852045326458918,0,0
2380,3.105095726158861,3.1385811988306878,1.2577895312665484,0.9853590306024248,0,0
2381,3.182651215013891,3.138524473672551,1.273163394097363,0.985514444935087,0,0
2382,3.098501310352392,3.1384679143329044,1.275153118164366,0.9856707749460967,0,0
2383,3.1880314650736508,3.1384115208568275,1.2663948185928422,0.9858280199245484,0,0
2384,3.094172551792898,3.1383552932883902,1.2572613642065644,0.9859861791463638,0,0
2385,3.1905048671887677,3.1382992316706826,1.2248070273074771,0.9861452518742427,0,0
2386,3.0923164524359037,3.1382433360458344,1.2082306493500046,0.9863052373576185,0,0
2387,3.1911242057149933,3.1381876064550425,1.1636677442828287,0.9864661348326157,0,0
2388,3.0922435872403553,3.138132042938586,1.1459753864436057,0.9866279435220099,0,0
2389,3.1897444061427507,3.1380766455358526,1.104870404159558,0.9867906626351913,0,0
2390,3.0942865072780794,3.1380214142853595,1.089555334791504,0.9869542913681308,0,0
2391,3.1851986789232085,3.137966349224765,1.0544221944225012,0.9871188289033479,0,0
2392,3.1008414241765316,3.1379114503908987,1.0391683781942005,0.9872842744098821,0,0
2393,3.1731691528811132,3.1378567178197705,1.0074924902295386,0.9874506270432686,0,0
2394,3.116109044168146,3.1378021515465893,0.993228559516406,0.9876178859455138,0,0
2395,3.156264337602208,3.137747751605781,0.9767601356997505,0.9877860502450758,0,0
2396,3.134396014406559,3.1376935180310013,0.9716648677561958,0.9879551190568481,0,0
2397,3.1406830625767745,3.137639450855153,0.9732521365368786,0.9881250914821441,0,0
2398,3.1488878987799542,3.1375855501103964,0.9826188860003796,0.9882959666086871,0,0
2399,3.129578345183623,3.1375318158281638,0.9978602706423433,0.9884677435106008,0,0
2400,3.1577339550378434,3.13747824803917,1.0228130288589867,0.9886404212484049,0,0
2401,3.123147721375902,3.137424846773422,1.0463688803098685,0.9888139988690117,0,0
2402,3.162426305923906,3.137371612060233,1.082343503002959,0.9889884754057271,0,0
2403,3.119206661251068,3.137318543928227,1.1095222491554142,0.9891638498782546,0,0
2404,3.166445999861962,3.1372656424053496,1.149782408417588,0.9893401212927007,0,0
2405,3.114880731580651,3.1372129075188746,1.1755012487328156,0.9895172886415854,0,0
2406,3.171681936588295,3.137160339295407,1.2127766012392969,0.9896953509038535,0,0
2407,3.1092126209692754,3.137107937760895,1.2322720624070733,0.9898743070448915,0,0
2408,3.1783105075312825,3.1370557029406285,1.2588434491099578,0.9900541560165452,0,0
2409,3.102488868502889,3.1370036348592447,1.2682472560695908,0.9902348967571414,0,0
2410,3.1850454133217254,3.1369517335407324,1.275092670083361,0.9904165281915123,0,0
2411,3.0964924233580184,3.13689999900843,1.2725898529042068,0.9905990492310236,0,0
2412,3.1892424503191634,3.13684843128503,1.2541808352369048,0.9907824587736049,0,0
2413,3.0932598341172777,3.136797030392575,1.2416499053767975,0.9909667557037831,0,0
2414,3.190956586966752,3.136745796352461,1.2026232035194744,0.9911519388927197,0,0
2415,3.092057545997175,3.136694729185432,1.184843090311998,0.9913380071982498,0,0
2416,3.190844737336049,3.136643828911577,1.1402428913710878,0.9915249594649254,0,0
2417,3.0927459920244083,3.136593095550328,1.12339944923136,0.991712794524061,0,0
2418,3.1885882820790514,3.1365425291204545,1.0850815174199262,0.9919015111937827,0,0
2419,3.095914327140919,3.1364921296400587,1.0702468154404263,0.9920911082790798,0,0
2420,3.1816244378249987,3.1364418971265633,1.0359631859337342,0.9922815845718597,0,0
2421,3.10572343390621,3.1363918315967125,1.0202902711377184,0.9924729388510058,0,0
2422,3.1669452878251327,3.136341933066557,0.9929643502870158,0.9926651698824389,0,0
2423,3.1231536036665184,3.1362922015514463,0.9812974053143639,0.9928582764191803,0,0
2424,3.149938576936766,3.1362426370660184,0.9720884327937328,0.9930522572014191,0,0
2425,3.140552226295211,3.136193239624189,0.9720328458000423,0.9932471109565826,0,0
2426,3.135888420758937,3.136144009239139,0.9793450145879455,0.9934428363994076,0,0
2427,3.1528897155792364,3.1360949459232983,0.9948681538063815,0.9936394322320184,0,0
2428,3.1266401173335283,3.1360460496883378,1.0139163260602058,0.9938368971440034,0,0
2429,3.1598225062570235,3.135997320545149,1.043729290425043,0.9940352298124981,0,0
2430,3.1215500463561554,3.1359487585038273,1.069201760341658,0.9942344289022693,0,0
2431,3.163873371024811,3.1359003635736613,1.1076823760217416,0.9944344930658023,0,0
2432,3.1176983211188527,3.1358521357631104,1.134911554470531,0.9946354209433916,0,0
2433,3.1682563473861287,3.135804075079785,1.1748841027676802,0.994837211163234,0,0
2434,3.1128953055901074,3.1357561815304305,1.1987630627265489,0.9950398623415241,0,0
2435,3.1740623924009754,3.1357084551209056,1.2329529623244013,0.995243373082554,0,0
2436,3.1067306302158926,3.1356608958561574,1.249014872822918,0.9954477419788139,0,0
2437,3.1809959391607534,3.135613503740206,1.2691691397961482,0.9956529676110979,0,0
2438,3.0999721519211803,3.1355662787761145,1.2740658035319337,0.9958590485486093,0,0
2439,3.187027009630809,3.135519220965971,1.2714980883031528,0.9960659833490716,0,0
2440,3.094934070520156,3.1354723303108565,1.2647976594384018,0.9962737705588409,0,0
2441,3.1900976044607323,3.135425606810827,1.2374190601983681,0.9964824087130205,0,0
2442,3.092610383398803,3.135379050464883,1.222142041216266,0.9966918963355791,0,0
2443,3.1911496128110044,3.1353326612709416,1.1788831793498156,0.996902231939471,0,0
2444,3.0920784809605473,3.135286439225808,1.1609043650929272,0.9971134140267589,0,0
2445,3.1902708637883523,3.1352403843251504,1.1181170928946351,0.9973254410887396,0,0
2446,3.0935644203488764,3.1351944965634657,1.102267273662896,0.9975383116060714,0,0
2447,3.1868158801059074,3.135148775934051,1.066196611691427,0.9977520240489052,0,0
2448,3.098504143152605,3.1351032224289725,1.0512591250880479,0.9979665768770161,0,0
2449,3.1767754907175125,3.13505783603903,1.0180557382708417,0.9981819685399397,0,0
2450,3.111825672883143,3.1350126167537318,1.0028308474448817,0.9983981974771091,0,0
2451,3.1604104072682095,3.134967564561249,0.9818238386801484,0.9986152621179942,0,0
2452,3.1301563339384515,3.1349226794483926,0.9738933643000297,0.9988331608822442,0,0
2453,3.1440800030963967,3.134877961400574,0.9715050062996777,0.9990518921798316,0,0
2454,3.145919196548176,3.1348334104017646,0.9770695625942246,0.9992714544111981,0,0
2455,3.1318019409212616,3.134789026434466,0.9894631673650147,0.9994918459674043,0,0
2456,3.1560897861459494,3.1347448094796717,1.0109394702052146,0.9997130652302784,0,0
2457,3.1243388042612565,3.1347007595168237,1.0329677298740398,0.9999351105725696,0,0
2458,3.1614855791182084,3.134656876523781,1.0668314591927393,1.0001579803581033,0,0
2459,3.1201134512441087,3.134613160476776,1.0935794471006783,1.0003816729419353,0,0
2460,3.1653986840399013,3.1345696113503756,1.1334882424350021,1.0006061866705123,0,0
2461,3.1160339750078823,3.1345262291174425,1.16001919840144,1.0008315198818303,0,0
2462,3.1702820076965246,3.13448301374909,1.1986773952520684,1.0010576709055965,0,0
2463,3.110703090898513,3.134439965214646,1.2200649136453068,1.001284638063394,0,0
2464,3.176622606516284,3.1343970834816055,1.2499962923434018,1.001512419668844,0,0
2465,3.1041415578753835,3.134354368515593,1.2621190398801394,1.001741014027776,0,0
2466,3.18356529789785,3.1343118202803137,1.2745023996598432,1.0019704194383923,0,0
2467,3.0977175473763374,3.1342694387375167,1.2748271678956893,1.00220063419144,0,0
2468,3.188523748273598,3.134227223846942,1.2624974462309648,1.0024316565703801,0,0
2469,3.0938023580614478,3.134185175566285,1.2520553405568844,1.0026634848515614,0,0
2470,3.190697734917389,3.1341432938511455,1.2169658175174989,1.0028961173043922,0,0
2471,3.0921911259982067,3.1341015786549833,1.199825530976296,1.0031295521915158,0,0
2472,3.191055955831807,3.1340600299290737,1.1549831096958898,1.0033637877689858,0,0
2473,3.0923927709725985,3.1340186476224603,1.1375596988562646,1.0035988222864431,0,0
2474,3.1893742417754596,3.1339774316819082,1.0974910376430782,1.0038346539872938,0,0
2475,3.094799187553098,3.1339363820518593,1.082412220879724,1.0040712811088863,0,0
2476,3.184044580795836,3.1338954986743808,1.0476519744417583,1.0043087018826928,0,0
2477,3.102461739824633,3.1338547814891196,1.032197219272138,1.0045469145344879,0,0
2478,3.1709525891963843,3.1338142304332557,1.001834448993956,1.0047859172845297,0,0
2479,3.118663204691503,3.1337738454414548,0.9883726815568717,1.005025708347742,0,0
2480,3.1539099518424325,3.133733626445816,0.9745775581477583,1.0052662859338952,0,0
2481,3.136731674791875,3.1336935733758273,0.9712515678691191,1.0055076482477894,0,0
2482,3.138847826101997,3.1336536861583153,0.9750075312445674,1.0057497934894366,0,0
2483,3.150447205319272,3.1336139647173966,0.986619391724349,1.0059927198542442,0,0
2484,3.1284243094228708,3.133574408974429,1.003353309065912,1.0062364255331981,0,0
2485,3.158561994119648,3.1335350188479616,1.0301753286943873,1.0064809087130469,0,0
2486,3.122531807087929,3.133495794253688,1.0545013524368927,1.0067261675764831,0,0
2487,3.162954280976063,3.1334567351043936,1.0915143895380979,1.0069722003023296,0,0
2488,3.11866946029173,3.1334178413099125,1.118800767783684,1.007219005065721,0,0
2489,3.1670844563534755,3.133379112777071,1.1590740211833803,1.007466580038287,0,0
2490,3.114178566581172,3.133340549409643,1.1841980934826393,1.007714923388336,0,0
2491,3.172529108462006,3.133302151108302,1.2204755286833988,1.0079640332810373,0,0
2492,3.108321554402631,3.133263917770568,1.2387769863685585,1.008213907878603,0,0
2493,3.1792948491898816,3.133225849290762,1.2631623695604086,1.0084645453404701,0,0
2494,3.1015489560463734,3.1331879455599565,1.2709400676552656,1.0087159438234812,0,0
2495,3.185824775410057,3.133150206465927,1.2744200775967782,1.0089681014820648,0,0
2496,3.095868926064932,3.133112631893104,1.2703375835581665,1.0092210164684152,0,0
2497,3.1895898537674063,3.1330752217225233,1.2485381423295785,1.0094746869326707,0,0
2498,3.092995471271561,3.133037975831782,1.2349169122752675,1.0097291110230924,0,0
2499,3.19105916980619,3.133000894094986,1.1940415158347089,1.0099842868862396,0,0
2500,3.0920315652117716,3.1329639763827077,1.1760815450904276,1.0102402126671473,0,0
2501,3.1906693618393347,3.1329272225619342,1.131976562382655,1.010496886509499,0,0
2502,3.0930060918216538,3.132890632496027,1.1155004053111055,1.0107543065558011,0,0
2503,3.1880296558930845,3.132854206044667,1.0781000787765318,1.0110124709475545,0,0
2504,3.096725126202724,3.1328179430638214,1.0632977509482877,1.0112713778254252,0,0
2505,3.179988307224518,3.132781843405685,1.0292980893148846,1.0115310253294132,0,0
2506,3.1078376582429583,3.1327459069186454,1.0136513550657347,1.0117914115990203,0,0
2507,3.1645714744863223,3.1327101334472336,0.98846071187714,1.0120525347734157,0,0
2508,3.1257423359783387,3.132674522832082,0.9780426192787379,1.0123143929915999,0,0
2509,3.147730848953062,3.1326390749098816,0.9714009379145396,1.012576984392567,0,0
2510,3.142611826384987,3.1326037895133383,0.9733394968184494,1.012840307115465,0,0
2511,3.13431105136566,3.1325686664711316,0.9825875492102775,1.0131043592997553,0,0
2512,3.154150875068794,3.1325337056078744,1.0003372311396463,1.0133691390853667,0,0
2513,3.1257300495368603,3.1324989067440696,1.0205653181386045,1.013634644612852,0,0
2514,3.160467644687533,3.1324642696960723,1.0519567742252842,1.0139008740235378,0,0
2515,3.1210159814482448,3.132429794276051,1.077975716501312,1.0141678254596769,0,0
2516,3.1644167174603646,3.132395480291946,1.117104874900963,1.0144354970645928,0,0
2517,3.1171100277824224,3.132361327547437,1.1441632469031249,1.0147038869828269,0,0
2518,3.168971605129514,3.1323273358419,1.1837755313094191,1.0149729933602794,0,0
2519,3.112116962380586,3.1322935049703755,1.2068160550714606,1.0152428143443504,0,0
2520,3.1749808011973015,3.132259834723532,1.2395894092868642,1.0155133480840763,0,0
2521,3.105791667040356,3.132226324887631,1.2542656394285165,1.0157845927302658,0,0
2522,3.1819594972597294,3.1321929752444952,1.27172749418565,1.0160565464356295,0,0
2523,3.0991080075679407,3.1321597855714725,1.274946675043588,1.0163292073549115,0,0
2524,3.187630394276116,3.13212675564141,1.2688153124718613,1.0166025736450137,0,0
2525,3.094475108122475,3.132093885222615,1.2606870264574344,1.0168766434651202,0,0
2526,3.190343899101233,3.132061174078835,1.2303093280241273,1.0171514149768168,0,0
2527,3.092429385172237,3.1320286219692215,1.2142350116029408,1.0174268863442086,0,0
2528,3.1911493072392516,3.131996228648306,1.1700934300882637,1.0177030557340347,0,0
2529,3.0921592501015405,3.131963993865971,1.1522481665335054,1.0179799213157779,0,0
2530,3.1899838737508315,3.131931917367426,1.1104032859526696,1.0182574812617735,0,0
2531,3.0939579240622876,3.1318999988931835,1.0948784208215272,1.0185357337473133,0,0
2532,3.1859390552734226,3.1318682381790346,1.0593970480843526,1.0188146769507473,0,0
2533,3.0997798367720706,3.1318366349560254,1.0442905947616847,1.0190943090535816,0,0
2534,3.1747364378780136,3.1318051889504392,1.0118586182066203,1.0193746282405722,0,0
2535,3.114268751936296,3.131773899883773,0.9971207396912546,1.0196556326998172,0,0
2536,3.158011990098288,3.1317427674727214,0.9787065593760874,1.0199373206228435,0,0
2537,3.1326284364402426,3.1317117914291566,0.972373276717718,1.0202196902046916,0,0
2538,3.142087989700929,3.1316809714601135,0.9723121503553308,1.020502739643996,0,0
2539,3.1476728328785426,3.131650307267774,0.9800522949966253,1.0207864671430624,0,0
2540,3.1304846580944705,3.1316197985494525,0.9941274143220589,1.021070870907941,0,0
2541,3.1570721446859467,3.1315894449975836,1.0176439002800943,1.021355949148497,0,0
2542,3.123630502647625,3.1315592462997106,1.0405839709209177,1.0216417000784759,0,0
2543,3.162034098498111,3.1315292021384757,1.0757117793194533,1.0219281219155674,0,0
2544,3.1195931069651235,3.1314993121916093,1.1027457558764104,1.0222152128814628,0,0
2545,3.165993954535258,3.1314695761319236,1.1429086012802303,1.0225029712019122,0,0
2546,3.115378547735412,3.1314399936273047,1.1690053279770731,1.0227913951067746,0,0
2547,3.171078666482034,3.1314105643407104,1.2069190918880268,1.023080482830066,0,0
2548,3.1098522205479147,3.131381287930163,1.227243404809283,1.023370232610004,0,0
2549,3.1775920849483863,3.131352164048748,1.255302133780649,1.0236606426890487,0,0
2550,3.103186352829638,3.131323192344613,1.2658741957866024,1.0239517113139374,0,0
2551,3.1844374061005056,3.131294372460969,1.2751136059886732,1.02424343673572,0,0
2552,3.0969891032691734,3.131265704036089,1.2737957405499598,1.0245358172097874,0,0
2553,3.1889577016048434,3.1312371867033115,1.2579344615991477,1.024828850995896,0,0
2554,3.0934754263721884,3.1312088200910466,1.246258371262376,1.025122536358191,0,0
2555,3.1908591544698717,3.1311806038227807,1.2087913980706078,1.0254168715652237,0,0
2556,3.0921006689758954,3.1311525375170803,1.1912299818569694,1.0257118548899662,0,0
2557,3.1909484835566353,3.131124620787603,1.146423226889274,1.0260074846098217,0,0
2558,3.0925816975449076,3.131096853243106,1.1293214452893021,1.0263037590066326,0,0
2559,3.1889460007889903,3.1310692344874567,1.0902798294409934,1.0266006763666828,0,0
2560,3.095402337867808,3.131041764119645,1.0753696535023982,1.0268982349806979,0,0
2561,3.1827142128552097,3.131014441733796,1.040897297442183,1.027196433143842,0,0
2562,3.104276389474481,3.130987266919185,1.0252848057289319,1.0274952691557093,0,0
2563,3.1686618536263924,3.1309602392602542,0.9965617098384041,1.0277947413203137,0,0
2564,3.121249102958204,3.130933358336628,0.9840752107677605,1.0280948479460752,0,0
2565,3.1515992474678023,3.1309066237231336,0.972941017058021,1.0283955873457997,0,0
2566,3.138972817543761,3.13088003498982,0.9714714587385637,1.0286969578366605,0,0
2567,3.137106155918707,3.130853591701977,0.9773095659036326,1.0289989577401712,0,0
2568,3.1518960649752956,3.1308272934201633,0.9911801978806881,1.0293015853821592,0,0
2569,3.127362346293457,3.130801139700226,1.009291354723295,1.029604839092733,0,0
2570,3.159313508493318,3.1307751300933226,1.0378776145067392,1.0299087172062484,0,0
2571,3.1219547673442514,3.130749264145956,1.0628947195831304,1.0302132180612698,0,0
2572,3.163482108845077,3.1307235413999925,1.1008068863710656,1.0305183400005293,0,0
2573,3.118116298892417,3.130697961392697,1.1280976866404626,1.0308240813708829,0,0
2574,3.16775004781813,3.1306725236567607,1.16824746660015,1.0311304405232622,0,0
2575,3.1134486432218043,3.13064722772033,1.1926860767590606,1.0314374158126245,0,0
2576,3.1734039244426397,3.130622073107043,1.2278155659691512,1.0317450055978996,0,0
2577,3.1074103540544,3.13059705933606,1.2448509628553175,1.0320532082419325,0,0
2578,3.1802788477436663,3.1305721859220994,1.2668642013646505,1.0323620221114254,0,0
2579,3.100629138801714,3.1305474523754717,1.2729868368735375,1.032671445576875,0,0
2580,3.1865421487825607,3.1305228582021187,1.273004975979458,1.0329814770125083,0,0
2581,3.095307451018107,3.130498402903651,1.2673918074229868,1.033292114796214,0,0
2582,3.189896042164456,3.130474085977383,1.242321474500971,1.0336033573094745,0,0
2583,3.092762358241002,3.1304499069163807,1.227705759196863,1.0339152029372911,0,0
2584,3.19112522181965,3.130425865209497,1.185324448471935,1.0342276500681105,0,0
2585,3.0920442596444695,3.130401960341415,1.1673115262282174,1.034540697093747,0,0
2586,3.190454390869915,3.1303781917926927,1.1239072027683572,1.0348543424093026,0,0
2587,3.0933104249776306,3.1303545590398065,1.1077984350369685,1.035168584413085,0,0
2588,3.1873724998514787,3.130331061555195,1.071210533539952,1.035483421506523,0,0
2589,3.097688030177974,3.1303076988073086,1.0563583288990628,1.0357988520940806,0,0
2590,3.1781892685422424,3.1302844702606527,1.0227500609379339,1.0361148745831692,0,0
2591,3.1100941875582624,3.1302613753758393,1.0072833489155861,1.036431487384056,0,0
2592,3.1621742973661924,3.1302384136096326,0.9844454364525562,1.0367486889097728,0,0
2593,3.1283044742946786,3.1302155844150032,0.9754157412933973,1.03706647757602,0,0
2594,3.145595782955796,3.130192887241172,0.9712604375737142,1.0373848518010746,0,0
2595,3.1445607629067,3.1301703215336705,0.9752659198136698,1.0377038100056883,0,0
2596,3.1328288674706926,3.1301478867343833,0.9863623850879605,1.038023350612992,0,0
2597,3.1553067537624577,3.1301255822816123,1.0062873998050796,1.0383434720483928,0,0
2598,3.124900465577982,3.130103407610118,1.0275896712518195,1.0386641727394739,0,0
2599,3.1610675063874574,3.130081362151186,1.0604492156542578,1.0389854511158894,0,0
2600,3.120493806345691,3.1300594453326744,1.0869238370537402,1.0393073056092623,0,0
2601,3.1649759986113004,3.1300376565790717,1.1265557206501842,1.0396297346530756,0,0
2602,3.116498431701466,3.1300159953115565,1.153345163546287,1.0399527366825685,0,0
2603,3.169716480579449,3.1299944609480512,1.1924586899373852,1.0402763101346262,0,0
2604,3.1113111999326777,3.12997305290328,1.2145758904972617,1.0406004534476723,0,0
2605,3.175920920375878,3.1299517705888316,1.2457712321863073,1.0409251650615585,0,0
2606,3.104842084793906,3.129930613413212,1.2589968723164109,1.041250443417455,0,0
2607,3.1828981962103193,3.1299095807819097,1.2735902355252107,1.0415762869577383,0,0
2608,3.098287509564051,3.1298886720974526,1.275135007346897,1.0419026941258807,0,0
2609,3.188168554285713,3.1298678867594703,1.2654235547669441,1.042229663366336,0,0
2610,3.0940694077027193,3.1298472241647546,1.2559345568045013,1.042557193124429,0,0
2611,3.19055922988149,3.1298266837073214,1.2227553281009111,1.042885281846241,0,0
2612,3.0922797869131493,3.1298062647784715,1.2060149910960842,1.043213927978496,0,0
2613,3.1911098672497267,3.1297859667668555,1.1613451853415395,1.0435431299684486,0,0
2614,3.0922794524108905,3.129765789058535,1.1437182297913546,1.0438728862637683,0,0
2615,3.1896509896916467,3.1297457310370453,1.1028876150054112,1.0442031953124264,0,0
2616,3.09441522680679,3.1297257920834602,1.0876414618345118,1.0445340555625833,0,0
2617,3.1849081111252047,3.129705971576456,1.0526182384941816,1.0448654654624712,0,0
2618,3.1012534429131335,3.129686268892374,1.037309442912975,1.045197423460285,0,0
2619,3.172587264402003,3.129666683405285,1.0059509397261313,1.0455299280040646,0,0
2620,3.116784820078705,3.129647214487059,0.991883222319171,1.0458629775415849,0,0
2621,3.155633811632844,3.1296278615074207,0.9761257367883605,1.0461965705202405,0,0
2622,3.1350266725908518,3.1296086238340206,0.9714926966782477,1.046530705386935,0,0
2623,3.1401852861193063,3.1295895008325036,0.9736661532017931,1.0468653805879684,0,0
2624,3.1493140114471623,3.1295704918665663,0.9836282283695091,1.0472005945689258,0,0
2625,3.129261913923982,3.129551596298027,0.9992781820286593,1.047536345774567,0,0
2626,3.157962507753519,3.129532813486892,1.0247388385938865,1.0478726326487164,0,0
2627,3.12297930382915,3.1295141427914186,1.0485074986425622,1.0482094536341535,0,0
2628,3.162567364387364,3.1294955835681844,1.0847719262870787,1.0485468071725048,0,0
2629,3.119064938623641,3.129477135172149,1.1119894543668123,1.0488846917041366,0,0
2630,3.166613450143799,3.1294587969567242,1.1522665085408619,1.0492231056680477,0,0
2631,3.114696431216037,3.1294405682738358,1.177835902619698,1.0495620475017646,0,0
2632,3.1719047623024004,3.1294224484739925,1.2148599986375126,1.0499015156412372,0,0
2633,3.1089774354951523,3.1294044369063516,1.2340446613475435,1.0502415085207342,0,0
2634,3.1785722640131717,3.1293865329187827,1.2600519565592412,1.050582024572743,0,0
2635,3.102237091919496,3.1293687358579345,1.2690261957418842,1.0509230622278671,0,0
2636,3.185258730292283,3.1293510450693023,1.274986216913877,1.0512646199147269,0,0
2637,3.096320316281927,3.1293334598972904,1.2720584370041539,1.0516066960598625,0,0
2638,3.189339337123112,3.1293159796852805,1.2527363900493418,1.0519492890876356,0,0
2639,3.0931862358815216,3.1292986037756947,1.239906386141681,1.0522923974201346,0,0
2640,3.190987374734352,3.129281331510061,1.2003551875873981,1.0526360194770805,0,0
2641,3.0920468941843544,3.129264162229082,1.1825141362499763,1.0529801536757357,0,0
2642,3.190801870254736,3.1292470952726923,1.1380231439284703,1.0533247984308107,0,0
2643,3.0928111132998812,3.129230129980131,1.121276428538931,1.0536699521543775,0,0
2644,3.188448074369673,3.129213265690001,1.0832116438229258,1.054015613255781,0,0
2645,3.096116729054484,3.1291965017403345,1.0683936323241459,1.0543617801415526,0,0
2646,3.181205428968165,3.1291798374686586,1.034179986030395,1.054708451215327,0,0
2647,3.1062711801635263,3.1291632722120557,1.018500611538271,1.0550556248777607,0,0
2648,3.166316405035994,3.1291468053072298,0.9917189177562665,1.0554032995264488,0,0
2649,3.1238444557506173,3.1291304360905694,0.9803701211537375,1.0557514735558495,0,0
2650,3.149344056264298,3.129114163898207,0.9718518846749399,1.0561001453572052,0,0
2651,3.14111133771947,3.129097988066087,0.9723199426294289,1.0564493133184685,0,0
2652,3.135459074314195,3.129081907930022,0.9801559499433764,1.0567989758242293,0,0
2653,3.153235995105297,3.129065922825761,0.996275717071346,1.0571491312556442,0,0
2654,3.1263895541189672,3.1290500320890438,1.0156488703095927,1.0574997779903663,0,0
2655,3.1599993996387057,3.1290342350556686,1.045892786070959,1.0578509144024797,0,0
2656,3.1214061581429173,3.1290185310615484,1.071519321495089,1.0582025388624332,0,0
2657,3.164016759211352,3.129002919442776,1.1101869084513432,1.0585546497369795,0,0
2658,3.1175438289723036,3.128987399535676,1.137380313260772,1.058907245389112,0,0
2659,3.168443957665271,3.1289719706768744,1.1772703443719044,1.0592603241780079,0,0
2660,3.1126907452496497,3.1289566322033497,1.2009344763938592,1.0596138844589704,0,0
2661,3.174304684507495,3.128941383452497,1.2347626175420021,1.0599679245833764,0,0
2662,3.1064818709562245,3.1289262237621824,1.2504620636276096,1.0603224428986213,0,0
2663,3.1812544030362013,3.128911152470805,1.269917035971396,1.0606774377480708,0,0
2664,3.0997382215996385,3.1288961689173505,1.2743673366740746,1.0610329074710125,0,0
2665,3.1871941641167663,3.1288812724414505,1.2708540358859388,1.0613888504026103,0,0
2666,3.094806356890165,3.128866462383438,1.263767086101264,1.0617452648738601,0,0
2667,3.190166302766072,3.128851738084407,1.2355723064217987,1.0621021492115499,0,0
2668,3.0925592072526746,3.1288370988862617,1.2200708018494382,1.0624595017382181,0,0
2669,3.1911533342583547,3.1288225441317774,1.1765416260682071,1.0628173207721194,0,0
2670,3.092096140225129,3.1288080731646524,1.1585891056565258,1.063175604627188,0,0
2671,3.1901986841541152,3.1287936853295655,1.1160429872405548,1.0635343516130056,0,0
2672,3.0936636014206815,3.1287793799722237,1.100283386201913,1.063893560034771,0,0
2673,3.1865963754566073,3.128765156439421,1.0643828248628107,1.0642532281932722,0,0
2674,3.098824988445918,3.128751014079091,1.0494055011597458,1.06461335438486,0,0
2675,3.1762444458557404,3.1287369522403545,1.0163806717275372,1.0649739369014244,0,0
2676,3.1124677292516103,3.1287229702735764,1.0012675682674175,1.0653349740303737,0,0
2677,3.159770560610897,3.1287090675304126,0.9809418709972472,1.0656964640546134,0,0
2678,3.1308210413713753,3.1286952433638664,0.973425999387691,1.0660584052525313,0,0
2679,3.1435410272267,3.1286814971283334,0.9716665462979035,1.0664207958979806,0,0
2680,3.146397216531445,3.128667828179653,0.9778051265599162,1.0667836342602677,0,0
2681,3.1314418745035226,3.128654235875158,0.9906565199190899,1.0671469186041422,0,0
2682,3.156360771301801,3.1286407195737245,1.0126849372819133,1.0675106471897873,0,0
2683,3.124144038337251,3.128627278635817,1.0349645001237147,1.0678748182728144,0,0
2684,3.1616337032393615,3.1286139124235377,1.069176877676011,1.0682394301042575,0,0
2685,3.119975317301352,3.1286006203006758,1.0960109017103357,1.0686044809305726,0,0
2686,3.165554960866931,3.1285874016327484,1.1360011647361488,1.068969968993637,0,0
2687,3.115861991749961,3.128574255787053,1.1624256631880723,1.069335892530751,0,0
2688,3.170491251940709,3.1285611821327097,1.2008996574132182,1.069702249774642,0,0
2689,3.1104789386264096,3.128548180040704,1.2220116793964364,1.0700690389534715,0,0
2690,3.176879445974077,3.1285352488839364,1.251461482549736,1.0704362582908422,0,0
2691,3.1038870174008864,3.128522388037263,1.2631763875034374,1.0708039060058085,0,0
2692,3.1838020278592416,3.1285095968775387,1.2747368175942355,1.0711719803128894,0,0
2693,3.0975179424207266,3.128496874783662,1.2746215307002533,1.0715404794220817,0,0
2694,3.1886447787271135,3.128484221136615,1.2613461452130865,1.0719094015388764,0,0
2695,3.0937113106283003,3.128471635319508,1.2505679435038166,1.0722787448642759,0,0
2696,3.1907438550170775,3.128459116717617,1.2148186292791656,1.0726485075948162,0,0
2697,3.092163548827679,3.128446664718428,1.1975521937126443,1.073018687922586,0,0
2698,3.1910311633071395,3.128434278711676,1.1526897924676887,1.0733892840352524,0,0
2699,3.092439180635663,3.128421958089381,1.135347673305342,1.0737602941160838,0,0
2700,3.1892662864099393,3.1284097022458948,1.0955552091981318,1.0741317163439807,0,0
2701,3.094950174873349,3.128397510577931,1.0805283220243704,1.074503548893502,0,0
2702,3.1837077656467656,3.1283853824846113,1.0458511278631788,1.074875789934896,0,0
2703,3.102926446822648,3.1283733173674952,1.0303481227293545,1.0752484376341342,0,0
2704,3.1703489880798634,3.1283613146306215,1.0003906839337648,1.075621490152945,0,0
2705,3.1193496700831562,3.128349373680546,0.9871721139701262,1.0759949456488482,0,0
2706,3.1532898298778025,3.1283374939263715,0.974088307849417,1.0763688022751947,0,0
2707,3.137338111033353,3.1283256747797896,0.9712484542939677,1.0767430581812036,0,0
2708,3.1383748207445787,3.128313915655113,0.9755672138560705,1.0771177115120045,0,0
2709,3.150843769673751,3.1283022159693075,0.9877801743846404,1.0774927604086781,0,0
2710,3.1281326083977667,3.1282905751420302,1.0048921897300573,1.0778682030083018,0,0
2711,3.1587691691728974,3.1282789925956602,1.0321943722701923,1.0782440374439926,0,0
2712,3.122374780455425,3.12826746775533,1.0567122082234022,1.0786202618449554,0,0
2713,3.1630945459273825,3.128256000048962,1.0939785147991516,1.0789968743365315,0,0
2714,3.1185238659190326,3.1282445889072967,1.121276113495587,1.0793738730402456,0,0
2715,3.16725899883739,3.1282332337639254,1.1615297920856127,1.0797512560738591,0,0
2716,3.1139869138303697,3.1282219340553197,1.186480123126311,1.0801290215514214,0,0
2717,3.172759433469455,3.1282106892208628,1.2224666421435533,1.0805071675833227,0,0
2718,3.1080807603189324,3.12819949870288,1.2404378960465723,1.080885692276349,0,0
2719,3.1795572345646614,3.1281883619466644,1.2642098267391209,1.0812645937337382,0,0
2720,3.101301684639864,3.128177278400512,1.2715491338751976,1.0816438700552373,0,0
2721,3.1860220518757334,3.1281662475157432,1.2741156150897577,1.0820235193371597,0,0
2722,3.0957133755364636,3.128155268746733,1.2696203640690076,1.0824035396724452,0,0
2723,3.189675175567738,3.128144341550939,1.246937099194758,1.0827839291507206,0,0
2724,3.092930426501351,3.128133465388928,1.2330411819854794,1.0831646858583603,0,0
2725,3.191080395886297,3.128122639724401,1.1917304302332572,1.0835458078785496,0,0
2726,3.0920311393099857,3.1281118640242203,1.173744467681679,1.083927293291347,0,0
2727,3.1906160137187087,3.1281011377584336,1.1298079336532916,1.0843091401737504,0,0
2728,3.093082665817704,3.128090460400299,1.1134303778064076,1.0846913465997596,0,0
2729,3.187865090465422,3.12807983142631,1.07625767253872,1.0850739106404452,0,0
2730,3.096965723081842,3.128069250316217,1.0614499909226505,1.0854568303640135,0,0
2731,3.179524507187215,3.128058716553054,1.0275404861927546,1.0858401038358754,0,0
2732,3.108425696508976,3.1280482296231575,1.0119256289227188,1.0862237291187145,0,0
2733,3.1639346761507228,3.128037789016194,0.9873426374585456,1.0866077042725555,0,0
2734,3.1264280452641855,3.128027394225177,0.9772812270947049,1.0869920273548364,0,0
2735,3.147154832724953,3.128017044746487,0.9713101066172126,1.0873766964204756,0,0
2736,3.143141747811525,3.128006740079902,0.9737922072476608,1.0877617095219467,0,0
2737,3.1339070412825993,3.1279964797286035,0.9835412433402112,1.088147064709347,0,0
2738,3.1544688548940485,3.1279862631992112,1.0018761470474598,1.088532760030472,0,0
2739,3.125501539974335,3.12797609000179,1.0224002751418944,1.0889187935308873,0,0
2740,3.1606313251257614,3.127965959649879,1.0541936313208398,1.0893051632540018,0,0
2741,3.120876121924177,3.1279558716605007,1.0803430315387959,1.0896918672411418,0,0
2742,3.164563925920124,3.1279458255541877,1.1196202781763145,1.090078903531624,0,0
2743,3.1169495069777944,3.1279358208549937,1.1466165285730199,1.0904662701628318,0,0
2744,3.169167054912297,3.1279258570905153,1.1861096089379148,1.090853965170288,0,0
2745,3.1119050354214886,3.127915933791904,1.2089124244770026,1.0912419865877316,0,0
2746,3.1752291588820127,3.127906050493888,1.2412815598865679,1.0916303324471919,0,0
2747,3.105539636466505,3.127896206734782,1.2555776733749817,1.0920190007790642,0,0
2748,3.1822123160061646,3.1278864020565074,1.272292439760216,1.0924079896121863,0,0
2749,3.0988849207860056,3.127876636004603,1.2750649501056783,1.092797296973914,0,0
2750,3.1877799813085503,3.1278669081282438,1.2679804744701515,1.093186920890196,0,0
2751,3.0943620877200133,3.127857217980251,1.2594830779434305,1.0935768593856516,0,0
2752,3.1904042252088374,3.127847565117106,1.2283386869775033,1.093967110483646,0,0
2753,3.0923864051563412,3.127837949098966,1.2120737398742936,1.0943576722063661,0,0
2754,3.1911426381992123,3.127828369489675,1.1677574349983226,1.0947485425748975,0,0
2755,3.0921874059931933,3.127818825856773,1.1499627624408169,1.0951397196093,0,0
2756,3.1898999063911666,3.1278093177715136,1.1083829812487933,1.0955312013286829,0,0
2757,3.094072975479529,3.127799844808871,1.0929374414929498,1.0959229857512827,0,0
2758,3.185680302398483,3.127790406547548,1.057590446377992,1.0963150708945364,0,0
2759,3.100152687224742,3.127781002569995,1.0424318463763322,1.096707454775159,0,0
2760,3.1741739922316072,3.1277716324624123,1.010254609961686,1.0971001354092174,0,0
2761,3.1149326717088823,3.1277622958147604,0.9956773807491166,1.0974931108122066,0,0
2762,3.157376104733269,3.1277529922207736,0.9779665088624787,1.097886378999123,0,0
2763,3.1332748877527288,3.127743721277962,0.9720763975062301,1.09827993798454,0,0
2764,3.1415724253434036,3.1277344825876248,0.9726192836377142,1.098673785782682,0,0
2765,3.148120832440282,3.127725275754855,0.980947242875522,1.099067920407497,0,0
2766,3.1301498365009337,3.1277161003885467,0.9954524584536879,1.0994623398727308,0,0
2767,3.157317928267671,3.127706956101404,1.0194964179883235,1.0998570421919998,0,0
2768,3.123451930414945,3.1276978425099444,1.0426650476530943,1.1002520253788628,0,0
2769,3.1621771985824694,3.1276887592345077,1.0781083045074766,1.1006472874468936,0,0
2770,3.1194534486147916,3.1276797058992556,1.1052012437655188,1.1010428264097514,0,0
2771,3.166156476783785,3.1276706821321842,1.1454080574930152,1.1014386402812522,0,0
2772,3.1151995402425676,3.127661687565123,1.171373392169837,1.1018347270754385,0,0
2773,3.1712958084352145,3.127652721833741,1.2090645328503264,1.1022310848066494,0,0
2774,3.109621524018604,3.1276437845775504,1.2290927045731994,1.102627711489589,0,0
2775,3.1778522846528934,3.1276348754399077,1.2566228456207498,1.1030246051393946,0,0
2776,3.102932671480074,3.127625994068019,1.2667736245579624,1.1034217637717043,0,0
2777,3.1846614177632584,3.1276171401129425,1.2751521406768647,1.1038191854027237,0,0
2778,3.0968050461759815,3.127608313229585,1.2734019418802909,1.1042168680492919,0,0
2779,3.18906417564834,3.12759951307671,1.256610915229841,1.1046148097289465,0,0
2780,3.0933949337006976,3.127590739316935,1.2446194411702662,1.1050130084599885,0,0
2781,3.1908966258689317,3.127581991616733,1.2065673866958446,1.105411462261545,0,0
2782,3.0920827005909466,3.127573269646431,1.1889178691723281,1.1058101691536322,0,0
2783,3.190913262925951,3.1275645730802117,1.144169450195426,1.1062091271572179,0,0
2784,3.0926387878404284,3.1275559015961094,1.1271597558204838,1.1066083342942807,0,0
2785,3.1888207770421477,3.1275472548760135,1.088384727625422,1.1070077885878715,0,0
2786,3.0955807819526355,3.127538632605663,1.0735068628000715,1.1074074880621716,0,0
2787,3.182329737551662,3.1275300344746433,1.039103463058161,1.1078074307425505,0,0
2788,3.104790758573832,3.127521460176388,1.0234624339716334,1.1082076146556226,0,0
2789,3.16804182492181,3.127512909408171,0.9952284149846741,1.1086080378293042,0,0
2790,3.12194021924989,3.1275043818711055,0.9830295152135407,1.1090086982928664,0,0
2791,3.1509928069950184,3.127495877270141,0.9725974879987723,1.1094095940769912,0,0
2792,3.139552604464585,3.1274873953140543,0.9716361944899936,1.109810723213821,0,0
2793,3.136658269068031,3.1274789357154495,0.9780145409276559,1.1102120837370129,0,0
2794,3.1522634632924595,3.1274704981907493,0.9924860652972627,1.1106136736817869,0,0
2795,3.1270947314149553,3.1274620824601906,1.0109444493703368,1.1110154910849757,0,0
2796,3.1595021009232673,3.1274536882478174,1.0399826074437997,1.1114175339850731,0,0
2797,3.1218063143712746,3.127445315281476,1.0651701537209237,1.1118198004222792,0,0
2798,3.163623563304686,3.127436963292803,1.1032976569774708,1.1122222884385475,0,0
2799,3.1179658536716666,3.1274286320172244,1.13057239001492,1.1126249960776273,0,0
2800,3.167932028945333,3.1274203211939415,1.1706663296342927,1.1130279213851075,0,0
2801,3.1132495475571833,3.127412030565924,1.1949073117574467,1.113431062408458,0,0
2802,3.173641345587637,3.127403759879902,1.2297053937352567,1.1138344171970693,0,0
2803,3.107164654276773,3.127395508886355,1.2463917611557171,1.1142379838022918,0,0
2804,3.1805398263816325,3.1273872773395066,1.2677418185358593,1.1146417602774732,0,0
2805,3.100388697928606,3.127379064997305,1.2734203077867667,1.115045744677994,0,0
2806,3.1867222466110596,3.1273708716214177,1.27250363407081,1.1154499350613032,0,0
2807,3.0951682257327846,3.1273626969772224,1.2664921448331212,1.1158543294869498,0,0
2808,3.18997134046688,3.12735454083379,1.2405743332557806,1.1162589260166162,0,0
2809,3.092705342482183,3.127346402963873,1.2257115425385552,1.1166637227141474,0,0
2810,3.1911364600235252,3.127338283143897,1.1829892311154064,1.11706871764558,0,0
2811,3.092054234845724,3.1273301811539427,1.164981941738704,1.1174739088791694,0,0
2812,3.190390345941868,3.1273220967777333,1.121792791828729,1.1178792944854163,0,0
2813,3.0933994571473864,3.1273140298026187,1.1057795150293457,1.11828487253709,0,0
2814,3.187178314647839,3.127305980019567,1.0693874541637725,1.1186906411092505,0,0
2815,3.09797299081295,3.1272979472231413,1.0545087350120115,1.1190965982792713,0,0
2816,3.1776848060990126,3.1272899312114877,1.0210337687586903,1.1195027421268577,0,0
2817,3.1107158941406237,3.1272819317863196,1.0056437294509901,1.1199090707340642,0,0
2818,3.161534148977079,3.1272739487529013,0.9834616457938417,1.1203155821853121,0,0
2819,3.128979835044413,3.1272659819200257,0.9748234070097374,1.1207222745674033,0,0
2820,3.1450404795799813,3.127258031100004,0.9713151925743908,1.121129145969532,0,0
2821,3.1450608382477427,3.127250096108643,0.9758825953488325,1.121536194483299,0,0
2822,3.132450214593934,3.127242176765224,0.9874558320738444,1.1219434182027175,0,0
2823,3.155597216590076,3.1272342728924927,1.007948766062934,1.1223508152242243,0,0
2824,3.1246922212220327,3.1272263843166286,1.0295203778724094,1.1227583836466828,0,0
2825,3.1612211075286414,3.1272185108672303,1.0627516926022702,1.1231661215713902,0,0
2826,3.1203556841286972,3.127210652377297,1.0893316316567692,1.1235740271020775,0,0
2827,3.1651281219224927,3.127202808683201,1.1290729612282195,1.1239820983449125,0,0
2828,3.1163314278161316,3.127194979624671,1.1557745186171904,1.124390333408497,0,0
2829,3.169919879902327,3.1271871650447665,1.1947315920521557,1.1247987304038647,0,0
2830,3.111092108260698,3.1271793647898574,1.2165889774452594,1.1252072874444767,0,0
2831,3.1761745321098442,3.1271715787095986,1.2473361144131085,1.1256160026462145,0,0
2832,3.1045880484623534,3.1271638066569083,1.2601650784890392,1.1260248741273722,0,0
2833,3.1831427023678507,3.12715604848794,1.2739662595159145,1.126433900008645,0,0
2834,3.098077329165834,3.127148304062061,1.27506709940648,1.126843078413118,0,0
2835,3.1883012411011085,3.1271405732418245,1.2644036423655571,1.1272524074662524,0,0
2836,3.0939696407584,3.127132855892946,1.2545641719374514,1.1276618852958682,0,0
2837,3.1906114229162696,3.1271251518842718,1.2206764521526683,1.1280715100321266,0,0
2838,3.0922454869499774,3.127117461087757,1.203782110380423,1.1284812798075108,0,0
2839,3.191092743228132,3.1271097833784363,1.1590292616766986,1.1288911927568022,0,0
2840,3.092318119243228,3.1271021186343915,1.1414724302192822,1.129301247017058,0,0
2841,3.1895539153327923,3.1270944667367266,1.1009178580912178,1.1297114407275848,0,0
2842,3.094549429230026,3.1270868275695385,1.0857363922836232,1.1301217720299084,0,0
2843,3.1846054906610033,3.1270792010198853,1.0508150181833136,1.130532239067747,0,0
2844,3.101679656098387,3.127071586977752,1.035451782116247,1.1309428399869754,0,0
2845,3.171999061870188,3.127063985336027,1.0044340689411986,1.131353572935593,0,0
2846,3.1174640491217738,3.1270563959904627,0.9905752809929717,1.131764436063685,0,0
2847,3.1550057173302437,3.1270488188396466,0.9755298938272055,1.132175427523385,0,0
2848,3.1356511599387993,3.127041253784966,0.9713656582940701,1.1325865454688333,0,0
2849,3.1396940577866546,3.127033700730575,0.9741189704111156,1.1329977880561337,0,0
2850,3.1497322210119685,3.12702615958336,0.984678446624965,1.133409153443308,0,0
2851,3.1289521139641003,3.1270186302529037,1.000728953968458,1.1338206397902473,0,0
2852,3.1581851152546228,3.127011112651448,1.026690208704689,1.1342322452586626,0,0
2853,3.122814197339293,3.12700360669386,1.0506660676582176,1.1346439680120322,0,0
2854,3.1627079982903337,3.1269961122975913,1.0872107372978592,1.1350558062155458,0,0
2855,3.1189222950977804,3.1269886293826428,1.1144596999263394,1.1354677580360486,0,0
2856,3.1667827501608223,3.126981157871524,1.1547438979841613,1.1358798216419796,0,0
2857,3.1145101862692823,3.1269736976892113,1.1801573402618564,1.136291995203311,0,0
2858,3.1721296170711715,3.1269662487631145,1.21691969202243,1.1367042768914823,0,0
2859,3.1087406953236303,3.1269588110230244,1.235788328069792,1.1371166648793332,0,0
2860,3.17883436732688,3.126951384401084,1.2612184738304708,1.1375291573410327,0,0
2861,3.101986294086055,3.126943968831734,1.269760506971114,1.1379417524520081,0,0
2862,3.185467922300091,3.1269365642516767,1.2748270223015938,1.1383544483888686,0,0
2863,3.096152607592201,3.1269291705998263,1.2714772946546857,1.138767243329327,0,0
2864,3.1894329783878708,3.1269217878172686,1.2512492880179271,1.1391801354521192,0,0
2865,3.0931149952515695,3.12691441584721,1.2381264325440733,1.1395931229369203,0,0
2866,3.191015664794963,3.126907054634934,1.1980738071993355,1.1400062039642584,0,0
2867,3.0920389414756158,3.126899704127751,1.1801813959025231,1.1404193767154245,0,0
2868,3.190756222678388,3.126892364274948,1.1358165614068407,1.1408326393723804,0,0
2869,3.092879214891486,3.1268850350277435,1.1191675702928763,1.1412459901176628,0,0
2870,3.1883018538102674,3.1268777163392305,1.0813498793767091,1.1416594271342855,0,0
2871,3.0963286741741176,3.126870408164329,1.066542724077931,1.142072948605636,0,0
2872,3.180774173145315,3.126863110459729,1.0324022227080496,1.142486552715372,0,0
2873,3.1068302731456225,3.1268558231838424,1.0167257739008924,1.142900237647312,0,0
2874,3.1656849545482406,3.1268485462967397,0.9905066113990535,1.1433140015853245,0,0
2875,3.1245344672995294,3.1268412797600997,0.9794865845655242,1.143727842713212,0,0
2876,3.148754222291309,3.0753660558394933,0.9716541550697161,1.133235597320457,0,1
2877,3.14166276978431,3.1232939734134786,0.9726512799881416,1.136748765691281,0,0
2878,3.135036469903239,3.1232867407612854,0.981005126147133,1.1371580197538018,0,0
2879,3.1535746777865064,3.1232795204135417,0.9977191032203108,1.137567353472391,0,0
2880,3.126145012492618,3.123272312390012,1.017409345292498,1.1379767651479853,0,0
2881,3.160172465129714,3.1232651167130037,1.0480765479908263,1.1383862530840856,0,0
2882,3.121263582128117,3.1232579334073343,1.0738510145368103,1.1387958155867124,0,0
2883,3.1641610415449004,3.1232507625003088,1.1126952233671743,1.1392054509643603,0,0
2884,3.1173877836523602,3.123243604021688,1.1398457792255554,1.1396151575279518,0,0
2885,3.1686336396002983,3.123236458003665,1.1796435684647737,1.1400249335907897,0,0
2886,3.112484210188638,3.1232293244808296,1.2030867111209587,1.140434777468509,0,0
2887,3.1745486615320906,3.1232222034901462,1.2365419194918936,1.1408446874790288,0,0
2888,3.106232131714624,3.1232150950709205,1.2518741168389798,1.1412546619424997,0,0
2889,3.181511619690326,3.123207999264776,1.2706168676529517,1.1416646991812565,0,0
2890,3.09950696230756,3.123200916115619,1.2746204199120001,1.1420747975197625,0,0
2891,3.1873566102718165,3.1231938456696127,1.2701587037645652,1.1424849552845597,0,0
2892,3.0946826811591195,3.123186787975147,1.262689732646756,1.1428951708042137,0,0
2893,3.1902327189749813,3.1231797430828094,1.2336911533253145,1.1433054424092597,0,0
2894,3.092510176945556,3.123172711045356,1.217973850462198,1.1437157684321466,0,0
2895,3.1911543008629244,3.1231656919176793,1.1742000144187876,1.1441261472071822,0,0
2896,3.0921165933170855,3.123158685756779,1.1562807066576746,1.144536577070474,0,0
2897,3.1901234599083037,3.1231516926217324,1.1139834096661505,1.144947056359874,0,0
2898,3.0937667482972535,3.1231447125736644,1.0983115260786194,1.1453575834149172,0,0
2899,3.186366934334668,3.123137745675718,1.0625714995437154,1.1457681565767643,0,0
2900,3.099159406206778,3.123130791993018,1.0475502777028654,1.1461787741881404,0,0
2901,3.1757044867725632,3.1231238515926463,1.0147228763863256,1.1465894345932741,0,0
2902,3.1131162634791245,3.1231169245436092,0.9997345317389742,1.1470001361378352,0,0
2903,3.159131377907803,3.1231100109168075,0.9800973944851572,1.147410877168873,0,0
2904,3.131481288186803,3.123103110784998,0.9730040544062134,1.1478216560347512,0,0
2905,3.1430081709081166,3.1230962242227727,0.9718668492062433,1.1482324710850857,0,0
2906,3.146867229221011,3.1230893513065197,0.9785834686315006,1.1486433206706783,0,0
2907,3.1310885440885197,3.1230824921143943,0.9918854794653446,1.1490542031434505,0,0
2908,3.156624876839365,3.1230756467262863,1.014459749123828,1.149465116856378,0,0
2909,3.1239538398710054,3.1230688152237875,1.0369843717099956,1.1498760601634237,0,0
2910,3.161780222785442,3.1230619976901597,1.0715367536235356,1.1502870314194682,0,0
2911,3.1198369372649766,3.123055194210305,1.0984496772773,1.1506980289802424,0,0
2912,3.1657128407671107,3.1230484048707274,1.1385113493085457,1.1511090512022577,0,0
2913,3.1156881623768142,3.123041629759507,1.164822710358342,1.1515200964427357,0,0
2914,3.170702610759425,3.12303486896626,1.2031023383095398,1.1519311630595368,0,0
2915,3.1102530004358844,3.1230281225821117,1.2239332859513061,1.1523422494110895,0,0
2916,3.177137305812328,3.1230213906996607,1.2528891634579848,1.1527533538563177,0,0
2917,3.1036325222755816,3.1230146734129445,1.2641924281602073,1.1531644747545677,0,0
2918,3.1840355998969465,3.1230079708174077,1.274919344714774,1.1535756104655333,0,0
2919,3.0973223672079535,3.123001283009868,1.2743657890148854,1.1539867593491837,0,0
2920,3.1887617728793374,3.1229946100884813,1.260148174769539,1.1543979197656864,0,0
2921,3.093623218473983,3.1229879521527093,1.249039253235325,1.154809090075332,0,0
2922,3.190787720084962,3.1229813093032845,1.2126491121439698,1.1552202686384578,0,0
2923,3.0921384833666736,3.1229746816421744,1.1952667030934003,1.15563145381537,0,0
2924,3.1910035911521657,3.1229680692725488,1.1504061066674747,1.1560426439662665,0,0
2925,3.09248841522939,3.1229614722987473,1.133148656043943,1.1564538374511577,0,0
2926,3.189154039099295,3.1229548908262363,1.0936308911785935,1.1568650326297876,0,0
2927,3.0951079254253933,3.1229483249615835,1.0786509378628635,1.1572762278615532,0,0
2928,3.183358302343251,3.122941774812416,1.0440515517721483,1.1576874215054247,0,0
2929,3.1034047653694934,3.1229352404873896,1.0285042910845363,1.158098611919863,0,0
2930,3.1697405076321616,3.1229287220961477,0.9989751875384801,1.1585097974627385,0,0
2931,3.1200379520587145,3.12292221974929,0.9860119232834385,1.1589209764912474,0,0
2932,3.1526730450679437,3.1229157335583344,0.9736378337790418,1.1593321473618292,0,0
2933,3.137937656960567,3.1229092636356826,0.9712901594648475,1.1597433084300817,0,0
2934,3.137908479952653,3.1229028100945797,0.9761656478464179,1.1601544580506764,0,0
2935,3.1512325275952335,3.122896373049082,0.9889802672504064,1.1605655945772726,0,0
2936,3.1278473981058297,3.122889952614017,1.0064621528212052,1.1609767163624316,0,0
2937,3.1589711089765498,3.1228835489049462,1.034237004732945,1.1613878217575289,0,0
2938,3.1222203091780067,3.1228771620381317,1.058941035987182,1.1617989091126664,0,0
2939,3.1632349482410134,3.122870792130493,1.0964506232456468,1.1622099767765846,0,0
2940,3.118377065200748,3.122864439299574,1.1237521365645489,1.1626210230965721,0,0
2941,3.1674354919689534,3.1228581036635013,1.1639765771732493,1.163032046418377,0,0
2942,3.113793284354543,3.122851785340947,1.1887467622095989,1.1634430450861144,0,0
2943,3.1729916930612436,3.122845484451092,1.224431670039186,1.1638540174421763,0,0
2944,3.1078385852634365,3.1228392011135853,1.2420676519262654,1.1642649618271372,0,0
2945,3.1798194582802233,3.122832935448502,1.2652128831754685,1.164675876579664,0,0
2946,3.1010560017006568,3.1228266875763135,1.2721119607415243,1.165086760036419,0,0
2947,3.186214838179019,3.1228204576178356,1.2737585402614895,1.1654976105319659,0,0
2948,3.09556221884371,3.122814245694195,1.2688541725327265,1.1659084263986754,0,0
2949,3.1897576908419096,3.1228080519267905,1.2452960674662141,1.166319205966627,0,0
2950,3.0928675501770386,3.122801876437249,1.2311324730297941,1.1667299475635122,0,0
2951,3.1910989982580067,3.1227957193473848,1.189411107571086,1.1671406495145376,0,0
2952,3.092033470872158,3.1227895807791612,1.1714079344126906,1.1675513101423227,0,0
2953,3.190559846838347,3.1227834608546456,1.127653545358955,1.1679619277668034,0,0
2954,3.0931624362138934,3.1227773596959696,1.1113742393565607,1.1683725007051275,0,0
2955,3.1876931766001633,3.122771277425285,1.0744212012066945,1.168783027271556,0,0
2956,3.097217559312267,3.1227652141647244,1.0596023436978605,1.1691935057773577,0,0
2957,3.179049420693495,3.1227591700363533,1.0257922551512995,1.1696039345307065,0,0
2958,3.1090233643088783,3.1227531451621324,1.0102207123886866,1.1700143118365762,0,0
2959,3.1632965497351635,3.1227471396638684,0.9862597274820212,1.1704246359966346,0,0
2960,3.127111491303605,3.122741153663173,0.9765646297247931,1.170834905309136,0,0
2961,3.1465841355928874,3.122735187281417,0.9712580555558937,1.171245118068814,0,0
2962,3.1436637647679455,3.1227292406396874,0.9742887635852854,1.1716552725667713,0,0
2963,3.133509783912247,3.1227233138587387,0.9845324991027684,1.1720653670903698,0,0
2964,3.1547794173375614,3.1227174070589476,1.0034485550039138,1.172475399923119,0,0
2965,3.125278620584806,3.1227115203602698,1.0242613764631237,1.1728853693445636,0,0
2966,3.1607920189206538,3.122705653882189,1.05644873939297,1.1732952736301687,0,0
2967,3.1207369371548155,3.122699807743672,1.0827220468681682,1.173705111051205,0,0
2968,3.164712347662526,3.1226939820631174,1.1221370487010542,1.1741148798746324,0,0
2969,3.1167872988081284,3.1226881769583144,1.1490642615769562,1.1745245783629823,0,0
2970,3.1693646148669696,3.1226823925463822,1.1884282793888943,1.1749342047742373,0,0
2971,3.111691175850695,3.122676628943733,1.210987419449824,1.1753437573617116,0,0
2972,3.1754790023443342,3.122670886266013,1.242940782670375,1.175753234373929,0,0
2973,3.1052869369208516,3.1226651646280543,1.2568522442695482,1.1761626340544982,0,0
2974,3.1824631831620995,3.1226594641438257,1.2728076039708862,1.1765719546419888,0,0
2975,3.098665082009532,3.122653784926376,1.2751338801901224,1.1769811943698039,0,0
2976,3.1879249779700056,3.122648127087786,1.2670957338597624,1.177390351466052,0,0
2977,3.094252746829817,3.1226424907391124,1.2582340803868381,1.177799424153417,0,0
2978,3.190462382535152,3.122636875990333,1.2263376067390683,1.178208410649027,0,0
2979,3.092345683591592,3.1226312829502967,1.2098915603099873,1.1786173091643197,0,0
2980,3.1911331874640467,3.122625711726659,1.165425458814418,1.1790261179049077,0,0
2981,3.092218358994756,3.122620162425837,1.1476870554610257,1.179434835070442,0,0
2982,3.189812604723418,3.1226146351529422,1.1063765377962274,1.179843458854472,0,0
2983,3.094192761158688,3.122609130011728,1.091006765647546,1.180251987444304,0,0
2984,3.1854102636418147,3.1226036471045298,1.0557849726166058,1.18066041902086,0,0
2985,3.1005397236652725,3.122598186532206,1.040572504630251,1.1810687517585297,0,0
2986,3.173604139654511,3.1225927483940765,1.0086723028146332,1.1814769838250252,0,0
2987,3.1156012967552216,3.12258733278786,0.9942687011142506,1.1818851133812307,0,0
2988,3.156741932497388,3.122581939809615,0.9772646904756853,1.1822931385810498,0,0
2989,3.133915823061173,3.1225765695536722,0.9718248366581338,1.1827010575712522,0,0
2990,3.1410632685617124,3.122571222112576,0.9729652057905224,1.183108868491316,0,0
2991,3.148560870428309,3.1225658975770116,0.9818839925388134,1.1835165694732686,0,0
2992,3.1298217070411396,3.1225605960357457,0.9968115962925416,1.1839241586415241,0,0
2993,3.157557320909227,3.1225553175755523,1.0213760341036102,1.1843316341127201,0,0
2994,3.123277217467148,3.1225500622811495,1.0447674398454827,1.184738993995548,0,0
2995,3.1623194047734544,3.1225448302351264,1.0805169610481968,1.1851462363905838,0,0
2996,3.119313125666233,3.122539621517873,1.1076615560050243,1.1855533593901157,0,0
2997,3.166320757403085,3.122534436207508,1.147902472602596,1.185960361077965,0,0
2998,3.115018623625358,3.122529274379803,1.173729840053504,1.186367239529309,0,0
2999,3.171515027325269,3.1225241361081104,1.211188008710825,1.1867739928104968,0,0
3000,3.1093891649382233,3.1225190214632863,1.2309146744222976,1.1871806189788625,0,0
3001,3.1781131463696948,3.1225139305136103,1.2579034300859353,1.187587116082537,0,0
3002,3.1026795503574967,3.1225088633247093,1.2676297525016624,1.1879934821602542,0,0
3003,3.184881669321186,3.122503819959474,1.2751381315155415,1.1883997152411527,0,0
3004,3.096625288718066,3.1224988004779797,1.272958112508863,1.188805813344576,0,0
3005,3.1891670602072213,3.122493804937399,1.255242929288069,1.1892117744798678,0,0
3006,3.093317017563964,3.122488833391916,1.2429418628233055,1.1896175966461622,0,0
3007,3.190931705484657,3.122483885892644,1.204326184295992,1.190023277832171,0,0
3008,3.0920673653056743,3.1224789624875293,1.1865985361478482,1.1904288160159668,0,0
3009,3.190875267981607,3.122474063221265,1.1419276037844266,1.1908342091647597,0,0
3010,3.0926987673668886,3.1224691881351987,1.1250120020645864,1.1912394552346715,0,0
3011,3.188690368080333,3.122464337267232,1.086499262075673,1.1916445521705037,0,0
3012,3.095767531282179,3.12245951065173,1.0716481340955102,1.1920494979055019,0,0
3013,3.1819326258758474,3.122454708319417,1.0373128200507495,1.1924542903611133,0,0
3014,3.1053175827132837,3.122449930297283,1.0216505805675677,1.19285892744674,0,0
3015,3.1674182767054266,3.122445176608471,0.9939264005529774,1.193263407059488,0,0
3016,3.1226315920776373,3.070964993235904,0.9820264001362693,1.18300415212061,0,1
3017,3.1503905184979346,3.118908804994056,0.9722927907079952,1.186587039950479,0,0
3018,3.1401249787553347,3.1189041331501115,0.9718454204037982,1.1869865261258274,0,0
3019,3.136217104238181,3.1188994916903194,0.9787580611143722,1.1873858641589987,0,0
3020,3.152623166546365,3.118894880758306,0.993829338185611,1.1877850522246922,0,0
3021,3.1268333770662156,3.1188903004966044,1.0126268057375793,1.188184088492198,0,0
3022,3.1596862530434797,3.1188857510466277,1.042109282713615,1.1885829711253324,0,0
3023,3.1216596825464453,3.118881232548636,1.0674614099478796,1.188981698282369,0,0
3024,3.1637656247420938,3.118876745141712,1.1057939893907525,1.1893802681159744,0,0
3025,3.1178139818383155,3.1188722889637273,1.1330454677618935,1.189778678773138,0,0
3026,3.1681160386053353,3.118867864151317,1.173073899789255,1.1901769283951058,0,0
3027,3.11304846608545,3.1188634708398477,1.197110975381376,1.1905750151173133,0,0
3028,3.173880571236905,3.1188591091633904,1.2315667034628148,1.1909729370693165,0,0
3029,3.106917786298544,3.1188547792546886,1.2478991252902685,1.1913706923747232,0,0
3030,3.1808000449604297,3.1188504812451314,1.2685728274088712,1.191768279151125,0,0
3031,3.100150474470284,3.118846215264719,1.273806169220188,1.1921656955100288,0,0
3032,3.186897661828844,3.11884198144204,1.271950278163866,1.1925629395567872,0,0
3033,3.0950332375114793,3.118837779904233,1.265544643446342,1.1929600093905277,0,0
3034,3.190044182135267,3.1188336107769636,1.2387902472128378,1.193356903104085,0,0
3035,3.092650439639707,3.11882947418439,1.2236883484258778,1.1937536187839293,0,0
3036,3.191144984536365,3.1188253702491338,1.1806506403551047,1.194150154510096,0,0
3037,3.092066995925197,3.118821299092249,1.162656746958385,1.194546508356115,0,0
3038,3.19032338523265,3.118817260833192,1.1196930218571468,1.1949426783889394,0,0
3039,3.093492054297942,3.1188132555897905,1.10377360406795,1.1953386626688725,0,0
3040,3.1869752927666464,3.1188092834782104,1.0675681983919807,1.195734459249497,0,0
3041,3.098270690069079,3.118805344612928,1.0526578242663736,1.1961300661776026,0,0
3042,3.1771703586087057,3.118801439106697,1.0193313570490257,1.1965254814931114,0,0
3043,3.1113454131974065,3.1187975670705157,1.0040305915522025,1.196920703229006,0,0
3044,3.160893846840828,3.118793728613598,0.9825145372080011,1.1973157294112533,0,0
3045,3.1296516153639247,3.1187899238433388,0.9742763821513084,1.1977105580587337,0,0
3046,3.1444910045870635,3.118786152865283,0.9714087057328289,1.1981051871831612,0,0
3047,3.145552914057783,3.1187824157830946,0.976542582017948,1.1984996147890128,0,0
3048,3.1320783112525166,3.118778712698522,0.988585829509475,1.1988938388734487,0,0
3049,3.1558805285881277,3.118775043711365,1.0096412148757383,1.1992878574262373,0,0
3050,3.124489015431385,3.118771408919448,1.0314754718445032,1.1996816684296783,0,0
3051,3.161372538026685,3.118767808418575,1.0650702767952207,1.200075269858524,0,0
3052,3.120217675442723,3.1187642423025093,1.0917486068305904,1.2004686596799015,0,0
3053,3.165281705133951,3.1187607106629325,1.1315891843674428,1.2008618358532324,0,0
3054,3.1161626359730548,3.1187572135894115,1.1581960854567457,1.201254796330156,0,0
3055,3.1701254022313017,3.118753751169367,1.1969866765354829,1.2016475390544463,0,0
3056,3.1108711576626384,3.1187503234880367,1.2185785016693587,1.2020400619619311,0,0
3057,3.176429382373042,3.1187469306284434,1.2488654326961321,1.2024323629804121,0,0
3058,3.1043337268397124,3.1187435726713564,1.2612935570359103,1.2028244400295813,0,0
3059,3.1833845465162582,3.118740249695262,1.2742911408391724,1.2032162910209372,0,0
3060,3.0978708903151317,3.1187369617763245,1.274949276583142,1.2036079138577027,0,0
3061,3.1884296120684543,3.1187337089883513,1.2633355806142712,1.2039993064347383,0,0
3062,3.0938731377798336,3.1187304914027565,1.253150785727841,1.2043904666384588,0,0
3063,3.190661431476542,3.11872730908853,1.218571650472042,1.2047813923467445,0,0
3064,3.09221359258945,3.118724162112193,1.2015333591066457,1.205172081428857,0,0
3065,3.191072834426727,3.1187210505377685,1.1567208372970947,1.2055625317453482,0,0
3066,3.092359591346954,3.1187179744267417,1.139238497472973,1.2059527411479738,0,0
3067,3.189453037573917,3.1187149338380196,1.0989607690216319,1.2063427074796016,0,0
3068,3.0946894266662355,3.1187119288279006,1.0838395407105044,1.2067324285741226,0,0
3069,3.1842906035074705,3.118708959450031,1.0490125464577185,1.207121902256358,0,0
3070,3.1021199729381856,3.1187060257553707,1.0335963058856121,1.2075111263419673,0,0
3071,3.1714049343482604,3.11870312779215,1.002942888925228,1.2079000986373543,0,0
3072,3.1181462876858093,3.118700265605837,0.9893056091814922,1.2082888169395727,0,0
3073,3.1543803043093948,3.1186974392390923,0.9749726870671075,1.20867727903623,0,0
3074,3.136269265210251,3.118694648731734,0.9712836729313876,1.209065482705391,0,0
3075,3.139209416060814,3.118691894120696,0.974610585129805,1.2094534257154808,0,0
3076,3.150142551755438,3.118689175439988,0.9857691582353121,1.2098411058251841,0,0
3077,3.128648915193752,3.1186864927206557,1.0022121211497619,1.210228520783347,0,0
3078,3.1584019560649828,3.1186838459907364,1.028666602351444,1.2106156683288738,0,0
3079,3.122652200408537,3.1186812352752242,1.0528440754109043,1.2110025461906264,0,0
3080,3.162848366214449,3.118678660596022,1.0896592981774793,1.2113891520873195,0,0
3081,3.118778647729157,3.118676121971902,1.116932349259804,1.2117754837274157,0,0
3082,3.1669539292307967,3.1186736194184626,1.157213972102926,1.2121615388090203,0,0
3083,3.114321986229457,3.1186711529480853,1.182464982492531,1.2125473150197725,0,0
3084,3.172356479094351,3.1186687225698897,1.2189550498210528,1.212932810036737,0,0
3085,3.1085024434865254,3.118666328289695,1.2375024761173274,1.2133180215262946,0,0
3086,3.179096691119383,3.1186639701099677,1.2623423425379967,1.2137029471440295,0,0
3087,3.1017366337628633,3.118661648029782,1.270449738000778,1.2140875845346168,0,0
3088,3.185672876284561,3.118659362044774,1.2746150752225418,1.2144719313317085,0,0
3089,3.0959893116727835,3.118657112147092,1.2708465887541556,1.2148559851578167,0,0
3090,3.1895234964937593,3.1186548983253544,1.2497202099657512,1.2152397436241966,0,0
3091,3.0930460488014266,3.118652720564601,1.2363109131044554,1.2156232043307273,0,0
3092,3.1910414207501776,3.1186505788462444,1.1957804440323194,1.216006364865792,0,0
3093,3.092033706822084,3.118648473148024,1.1778460652118492,1.2163892228061541,0,0
3094,3.1907077885348074,3.118646403443956,1.1336234979389408,1.2167717757168364,0,0
3095,3.0929503424708784,3.1186443697042847,1.1170728653182427,1.2171540211509915,0,0
3096,3.188149285998415,3.118642371895433,1.07949565029364,1.2175359566497785,0,0
3097,3.0965506199397246,3.1186404099799483,1.0646934710203653,1.2179175797422315,0,0
3098,3.180330882749258,3.11863848391646,1.0306308596986624,1.21829888794513,0,0
3099,3.1074002732134463,3.1186365936596183,1.0149673576581528,1.2186798787628657,0,0
3100,3.165051272830231,3.1186347391600484,0.9893280268852127,1.2190605496873086,0,0
3101,3.125223250689528,3.1186329203642917,0.978647132600113,1.2194408981976712,0,0
3102,3.148169254755087,3.118631137214761,0.9714952342652585,1.2198209217603684,0,0
3103,3.142206447921088,3.118629389649677,0.973026761404037,1.2202006178288796,0,0
3104,3.1346206118775526,3.1186276776030177,0.9818923938096976,1.2205799838436042,0,0
3105,3.1539058051013424,3.1186260010044626,0.999197707158037,1.220959017231719,0,0
3106,3.1259063896726644,3.1186243597793344,1.0191972718218811,1.2213377154070317,0,0
3107,3.160341927302284,3.1186227538485447,1.0502800509379415,1.2217160757698313,0,0
3108,3.1211221417093697,3.1186211831285324,1.0761962046180154,1.2220940957067383,0,0
3109,3.164306310825546,3.1186196475312067,1.1152066758135577,1.2224717725905523,0,0
3110,3.11723014550009,3.118618146963889,1.1423073500922851,1.2228491037800946,0,0
3111,3.16882540580589,3.118616681329248,1.1820031424467963,1.2232260866200542,0,0
3112,3.11227570851346,3.118615250525243,1.2052191823247844,1.2236027184408242,0,0
3113,3.174794274693081,3.1186138544450586,1.23829019045324,1.2239789965583427,0,0
3114,3.105981488755789,3.1186124929770433,1.2532504115194631,1.224354918273927,0,0
3115,3.1817674048051114,3.1186111660046447,1.2712681456673556,1.2247304808741053,0,0
3116,3.0992785336439077,3.118609873406345,1.2748247854202914,1.2251056816304489,0,0
3117,3.187514362726233,3.1186086150555936,1.2694124179016786,1.2254805177993988,0,0
3118,3.0945629563179247,3.118607390820744,1.2615660284133348,1.2258549866220911,0,0
3119,3.1902968972495445,3.118606200564981,1.2317765989658753,1.2262290853241795,0,0
3120,3.0924633163975876,3.118605044146254,1.2158524319936743,1.2266028111156548,0,0
3121,3.1911525024808647,3.11860392141721,1.1718594834030682,1.2269761611906616,0,0
3122,3.092139841515724,3.118602832225117,1.1539799854260264,1.2273491327273125,0,0
3123,3.190045128392345,3.118601776411797,1.1119382383966976,1.2277217228874997,0,0
3124,3.093874038926735,3.118600753813551,1.0963512747273327,1.2280939288167019,0,0
3125,3.186127173402088,3.118599764261082,1.0607622093156275,1.2284657476437912,0,0
3126,3.099507623915809,3.118598807579423,1.0456935550010857,1.2288371764808337,0,0
3127,3.175156013151152,3.1185978835878605,1.01308356358863,1.229208212422889,0,0
3128,3.113770796997418,3.1185969920998553,0.9982330004937856,1.2295788525478062,0,0
3129,3.158493146145068,3.118596132922962,0.9792906446448661,1.2299490939160167,0,0
3130,3.132136776072096,3.118595305858752,0.972627525976297,1.230318933570322,0,0
3131,3.142481522712167,3.1185945107027297,0.9721059206723625,1.2306883685356815,0,0
3132,3.147329241558088,3.118593747244249,0.9794043589545771,1.2310573958189945,0,0
3133,3.1307419414057462,3.118593015266431,0.9931496661136353,1.231426012408877,0,0
3134,3.1568822191875405,3.1185923145460777,1.0162632914736756,1.231794215275441,0,0
3135,3.1237680265431913,3.1185916448535838,1.0390268745785398,1.2321620013700636,0,0
3136,3.1619253344164306,3.1185910059528488,1.0739104750176096,1.2325293676251552,0,0
3137,3.1196981916732356,3.1185903976011873,1.1008951029604706,1.2328963109539253,0,0
3138,3.165872369131409,3.118589819549238,1.141018178432425,1.2332628282501426,0,0
3139,3.1155124684099866,3.118589271540871,1.1672097519314153,1.2336289163878906,0,0
3140,3.1709160771458467,3.118588753313091,1.2052848007774344,1.2339945722213226,0,0
3141,3.1100253065470524,3.1185882645959424,1.2258291553033254,1.2343597925844083,0,0
3142,3.177396097960312,3.118587805112412,1.254278632010405,1.2347245742906798,0,0
3143,3.103378202649371,3.1185873745783326,1.2651666115004905,1.2350889141329717,0,0
3144,3.184265843808655,3.1185869727022744,1.2750497649296166,1.2354528088831582,0,0
3145,3.0971309081910445,3.1185865991854484,1.2740599244538013,1.235816255291884,0,0
3146,3.1888748441955577,3.118586253721601,1.2589041061505497,1.2361792500882927,0,0
3147,3.0935379741049065,3.1185859359969066,1.247469936197462,1.2365417899797497,0,0
3148,3.1908292966372827,3.118585645689858,1.2104586149188745,1.2369038716515612,0,0
3149,3.0921159651229693,3.11858538247116,1.1929703938849174,1.2372654917666892,0,0
3150,3.1909732414910805,3.1185851460036145,1.1481327337012721,1.237626646965459,0,0
3151,3.0925404867458965,3.1185849359420104,1.1309629648682606,1.237987333865266,0,0
3152,3.1890372884263223,3.118584751933001,1.0917176140377165,1.2383475490602747,0,0
3153,3.0952728274048447,3.118584593614996,1.0767794245962155,1.2387072891211135,0,0
3154,3.182996133169766,3.1185844606180324,1.0422536209588331,1.2390665505945664,0,0
3155,3.103896436618774,3.118584352563658,1.0266670235133584,1.2394253300032565,0,0
3156,3.1691275173249895,3.1185842690648076,0.9975888184847355,1.2397836238453266,0,0
3157,3.120727627912752,3.118584209725673,0.9848927692595572,1.2401414285941144,0,0
3158,3.152059823573422,3.118584174141581,0.9732261629368298,1.2404987406978223,0,0
3159,3.1385301546529214,3.118584161898857,0.9713765962156322,1.2408555565791808,0,0
3160,3.1374488235799958,3.118584172574694,0.9768027975547553,1.241211872635108,0,0
3161,3.151613507108601,3.118584205737022,0.9902191947959931,1.2415676852363642,0,0
3162,3.127568627022591,3.1185842609443646,1.0080627149401404,1.2419229907271971,0,0
3163,3.159168018644177,3.118584337745703,1.0363027162469793,1.2422777854249873,0,0
3164,3.122068194366372,3.0671093675381536,1.0611872808384082,1.2322323014237364,0,1
3165,3.1633756219886746,3.115057319936918,1.0989300711500178,1.2357865440197164,0,0
3166,3.1182289935436636,3.115057483648402,1.126228218987355,1.2361358209602245,0,0
3167,3.1676139586404677,3.1150576841009205,1.1664137663963323,1.2364846145034536,0,0
3168,3.113597673252991,3.115057921151871,1.1909974310715583,1.2368329216803047,0,0
3169,3.1732258561686435,3.1150581946553912,1.2263699711780762,1.2371807395097982,0,0
3170,3.1075950816106928,3.115058504462343,1.2436656525703533,1.237528064999019,0,0
3171,3.1800813693915804,3.1150588504202994,1.2661709286998981,1.237874895143062,0,0
3172,3.100812074177425,3.1150592323735338,1.272628159227499,1.2382212269249755,0,0
3173,3.1864030655622035,3.115059650162998,1.2733489664672635,1.2385670573157066,0,0
3174,3.095415428427158,3.115060103626318,1.2680392745673115,1.2389123832740456,0,0
3175,3.189837503658739,3.11506059259777,1.2436158156555654,1.2392572017465706,0,0
3176,3.0928068148036485,3.115061116908276,1.2291917973801225,1.2396015096675932,0,0
3177,3.1911149491078206,3.1150616763853805,1.1870848753934313,1.2399453039591017,0,0
3178,3.092038569994989,3.1150622708532443,1.1690730199091037,1.2402885815307079,0,0
3179,3.1905008423838113,3.115062900132625,1.1255135686804352,1.2406313392795896,0,0
3180,3.093245483963281,3.1150635640408635,1.109331811504971,1.2409735740904375,0,0
3181,3.187513527527081,3.115064262391872,1.0725900873125296,1.2413152828354004,0,0
3182,3.097481063504849,3.1150649949961164,1.0577543358598624,1.2416564623740287,0,0
3183,3.17856336846244,3.115065761660605,1.0240545616918308,1.24199710955322,0,0
3184,3.109630182296732,3.115066562188867,1.00853816378009,1.2423372212071653,0,0
3185,3.1626574144321027,3.1150673963809496,0.9852124353427626,1.2426767941572927,0,0
3186,3.127792311762016,3.115068264033392,0.9758930115149312,1.2430158252122137,0,0
3187,3.146018905655272,3.115069164939214,0.9712447760550427,1.2433543111676686,0,0
3188,3.14417784067678,3.1150700988879034,0.9748290408863003,1.2436922488064708,0,0
3189,3.1331192797711793,3.1150710656653984,0.985561079774429,1.2440296348984534,0,0
3190,3.155082623290543,3.1150720650540733,1.0050538151415978,1.2443664662004141,0,0
3191,3.1250611557619763,3.1150730968327207,1.026148152068454,1.2447027394560612,0,0
3192,3.1609499471528095,3.1150741607765404,1.0587215404007229,1.245038451395958,0,0
3193,3.120598269878377,3.115075256657118,1.0851120969274,1.2453735987374703,0,0
3194,3.164862054880629,3.115076384242414,1.1246545475895924,1.2457081781847101,0,0
3195,3.116623373652665,3.1150775432967457,1.1515058477628197,1.2460421864284834,0,0
3196,3.169564291031526,3.11507873358077,1.1907309014305654,1.246375620146234,0,0
3197,3.111475400255106,3.115079954851469,1.2130404560242785,1.2467084760019909,0,0
3198,3.175730270813961,3.1150812068621314,1.244566379991022,1.2470407506463128,0,0
3199,3.105033663149335,3.115082489362339,1.2580887399106004,1.2473724407162359,0,0
3200,3.182711908107791,3.1150838020979434,1.273272587647958,1.2477035428352177,0,0
3201,3.098448632394183,3.115085144811058,1.2751532801012297,1.2480340536130852,0,0
3202,3.188065443340351,3.115086517240032,1.2661615239482396,1.2483639696459783,0,0
3203,3.094146978183313,3.115087919119438,1.2569405484050324,1.2486932875162988,0,0
3204,3.1905183781892457,3.115089350180053,1.2243072382665856,1.2490220037926543,0,0
3205,3.0923072581835123,3.115090810148841,1.2076898004602123,1.2493501150298052,0,0
3206,3.1911209524086535,3.1150922987489302,1.1630984901126793,1.2496776177686109,0,0
3207,3.092252110122409,3.1150938156996015,1.1454216907566974,1.2500045085359757,0,0
3208,3.189721863589254,3.1150953607162655,1.1043836858013534,1.2503307838447952,0,0
3209,3.094317534028752,3.1150969335104435,1.0890858694338708,1.2506564401939022,0,0
3210,3.1851286333863578,3.1150985337897503,1.053980416960059,1.2509814740680132,0,0
3211,3.100940993496968,3.115100161257873,1.0387131362839344,1.2513058819376741,0,0
3212,3.1730272797705905,3.115101815614551,1.0071128090016608,1.2516296602592076,0,0
3213,3.1162741675457006,3.1151034965555566,0.9928957397336454,1.2519528054746576,0,0
3214,3.156109739344475,3.1151052037726736,0.9766012407242276,1.2522753140117366,0,0
3215,3.1345509924958983,3.11510693695368,0.9716185342143439,1.252597182283772,0,0
3216,3.140560576664509,3.1151086957823204,0.973349923315094,1.252918406689651,0,0
3217,3.148992966329137,3.115110479938291,0.9828622293564628,1.2532389836137678,0,0
3218,3.129500251017516,3.1151122890972123,0.9982043899076005,1.2535589094259694,0,0
3219,3.157790476194954,3.115114122930614,1.0232821797055567,1.2538781804815016,0,0
3220,3.123106166587396,3.115115981105904,1.0468906590381912,1.2541967931209543,0,0
3221,3.1624608928013096,3.1151178632863528,1.082937118814521,1.2545147436702093,0,0
3222,3.1191720402713674,3.1151197691310677,1.1101260399385047,1.2548320284403833,0,0
3223,3.1664868314798755,3.1151216982949648,1.1503912394211777,1.2551486437277768,0,0
3224,3.114835783951572,3.1151236504287554,1.176074089943731,1.255464585813817,0,0
3225,3.1717363078090224,3.115125625178911,1.2132888879619677,1.2557798509650062,0,0
3226,3.1091551807072406,3.1151276221876443,1.2327087345770562,1.2560944354328654,0,0
3227,3.1783745611493877,3.1151296410928837,1.2591432037111172,1.2564083354538804,0,0
3228,3.1024271378304484,3.1151316815282457,1.2684420838981203,1.2567215472494475,0,0
3229,3.185098019796476,3.1151337431230104,1.275071478693741,1.2570340670258187,0,0
3230,3.0964498767232436,3.115135825502095,1.2724643382874876,1.257345890974047,0,0
3231,3.189266480255821,3.115137928286026,1.2538311359659409,1.2576570152699313,0,0
3232,3.093241591522982,3.1151400510909135,1.2412264107069677,1.2579674360739619,0,0
3233,3.1909643543806006,3.115142193528422,1.2020691799624887,1.2582771495312652,0,0
3234,3.0920546894415395,3.115144355205741,1.1842732510268277,1.2585861517715486,0,0
3235,3.1908344979525882,3.1151465357255623,1.1396981799376618,1.258894438909045,0,0
3236,3.092761663930568,3.115148734686042,1.122878309842523,1.2592020070424583,0,0
3237,3.1885544900288507,3.1151509516807785,1.0846228898651242,1.2595088522549067,0,0
3238,3.0959630285969886,3.115153186298778,1.0697928104406198,1.2598149706138682,0,0
3239,3.181522983980772,3.115155438124424,1.0355261080522231,1.2601203581711236,0,0
3240,3.1058564799339963,3.115157706737451,1.0198507806079375,1.2604250109627024,0,0
3241,3.166791558749086,3.1151599917129063,0.9926563715690817,1.2607289250088258,0,0
3242,3.123322818491871,3.1151622926211235,0.9810663309494584,1.2610320963138508,0,0
3243,3.149792582551127,3.1151646090276857,0.9720269236500476,1.261334520866214,0,0
3244,3.140689832793118,3.1151669404933933,0.9720990476580215,1.2616361946383756,0,0
3245,3.1357826702939366,3.115169286574233,0.9795400331763502,1.2619371135867627,0,0
3246,3.1529752081487796,3.1151716468213437,0.9952094581012563,1.2622372736517133,0,0
3247,3.1265782038485086,3.1151740207809766,1.014337939249704,1.26253667075742,0,0
3248,3.1598661854282195,3.115176407994466,1.0442571304849593,1.2628353008118713,0,0
3249,3.1215146836302465,3.1151788079981912,1.0697678853799857,1.2631331597067987,0,0
3250,3.163908402856544,3.11518122032354,1.1082952376671447,1.2634302433176163,0,0
3251,3.1176606343373536,3.1151836444968732,1.1355163131805464,1.263726547503366,0,0
3252,3.1683020938415893,3.1151860800394857,1.1754695543492675,1.2640220681066598,0,0
3253,3.1128454009721502,3.1151885264675716,1.1992964848178298,1.2643168009536239,0,0
3254,3.174121560433805,3.115190983292184,1.233398834447606,1.2646107418538401,0,0
3255,3.1066698149294365,3.115193450019195,1.2493724390470164,1.2649038866002908,0,0
3256,3.181059330690308,3.1151959261492608,1.2693566819137834,1.2651962309693006,0,0
3257,3.0999146348271718,3.1151984111777793,1.2741440992723538,1.2654877707204808,0,0
3258,3.187068373781616,3.1152009045948468,1.27134514642019,1.2657785015966714,0,0
3259,3.094902421510227,3.115203405885225,1.264549666015825,1.266068419323885,0,0
3260,3.1901146393107354,3.1152059145282927,1.2369701067707919,1.2663575196112495,0,0
3261,3.092597655384408,3.1152084299980083,1.2216373320823302,1.2666457981509534,0,0
3262,3.1911507780716515,3.1152109517628666,1.1783099076353136,1.2669332506181874,0,0
3263,3.0920825467153485,3.1152134792858543,1.1603368747753984,1.2672198726710893,0,0
3264,3.1902534687038213,3.1152160120244123,1.117607890471104,1.267505659950688,0,0
3265,3.093588347596936,3.1152185494303875,1.101780376330151,1.267790608080848,0,0
3266,3.1867630308427692,3.1152210909499884,1.065752245475965,1.2680747126682141,0,0
3267,3.0985814627202166,3.1152236360237477,1.0508054058040222,1.268357969302155,0,0
3268,3.1766463075462386,3.1152261840864686,1.0176440599273502,1.2686403735547107,0,0
3269,3.1119822584183097,3.115228734567187,1.002445345834898,1.2689219209805374,0,0
3270,3.160253692218576,3.1152312868891237,0.9816044326236452,1.269202607116853,0,0
3271,3.130319486412843,3.1152338404696387,0.9737747293613735,1.2694824274833856,0,0
3272,3.1439474717536675,3.1152363947201844,0.9715409767009108,1.2697613775823184,0,0
3273,3.1460369824133103,3.1152389490462618,0.9772457022807736,1.2700394528982402,0,0
3274,3.1317131538895673,3.1152415028473723,0.9897520534837083,1.2703166488980917,0,0
3275,3.156156780058724,3.115244055516971,1.0113641092828733,1.2705929610311173,0,0
3276,3.124290683011795,3.115246606442422,1.0334544871694629,1.270868384728813,0,0
3277,3.1615220071547045,3.1152491550049466,1.067404376201297,1.2711429154048781,0,0
3278,3.1200796445855588,3.115251700579582,1.0941740866833434,1.271416548455169,0,0
3279,3.165436803509819,3.1152542425351313,1.1341037625461474,1.2716892792576489,0,0
3280,3.115992033744186,3.115256780234111,1.1606092711299614,1.2719611031723448,0,0
3281,3.17033304631657,3.115259313032716,1.1992233021001735,1.2722320155413018,0,0
3282,3.1106483728578467,3.1152618402807577,1.2205438828610258,1.2725020116885388,0,0
3283,3.176685395922203,3.115264361321627,1.2503584805096684,1.2727710869200077,0,0
3284,3.104079235122075,3.115266875492241,1.2623817248873337,1.2730392365235517,0,0
3285,3.183623544836795,3.1152693821229995,1.274564582487677,1.2733064557688676,0,0
3286,3.0976683056876215,3.1152718805377346,1.274781446857395,1.2735727399074661,0,0
3287,3.18855376222408,3.115274370053664,1.2622198897605696,1.2738380841726382,0,0
3288,3.0937797855234854,3.1152768499813477,1.2516949972337406,1.2741024837794204,0,0
3289,3.190709234428495,3.115279319624637,1.2164422051656716,1.2743659339245628,0,0
3290,3.0921841433860706,3.11528177828063,1.1992700901032587,1.2746284297864992,0,0
3291,3.19105014236521,3.1152842252396273,1.154420728737214,1.2748899665253195,0,0
3292,3.0924038739627826,3.1152866597850832,1.1370168907450378,1.2751505392827445,0,0
3293,3.1893481944630473,3.1152890811935627,1.0970159525446799,1.2754101431821026,0,0
3294,3.0948355525298084,3.1152914887346985,1.0819503029221325,1.2756687733283107,0,0
3295,3.183963274627811,3.115293881671144,1.047210927979292,1.2759264248078552,0,0
3296,3.1025742545708623,3.1152962592585314,1.0317440397533537,1.2761830926887776,0,0
3297,3.1708052659770396,3.1152986207454294,1.001478371028868,1.276438772020664,0,0
3298,3.1188310978830827,3.115300965373303,0.9880750219470836,1.2766934578346347,0,0
3299,3.153757816086886,3.1153032923764687,0.9744541799664794,1.2769471451433407,0,0
3300,3.136880791434956,3.1153056009820594,0.9712466572880385,1.2771998289409607,0,0
3301,3.1387313936528165,3.1153078904099805,0.9751409880200634,1.2774515042032037,0,0
3302,3.150545029108725,3.1153101598728754,0.9868999556171728,1.2777021658873153,0,0
3303,3.1283522824733683,3.115312408576088,1.003727211419396,1.2779518089320854,0,0
3304,3.158613216757898,3.1153146357176276,1.030667492237578,1.278200428257864,0,0
3305,3.122493111331798,3.115316840488132,1.0550409995493186,1.2784480187665792,0,0
3306,3.1629886202902355,3.1153190220708376,1.0921169690825872,1.278694575341759,0,0
3307,3.118633918704553,3.1153211796415463,1.1194067713288922,1.2789400928485595,0,0
3308,3.1671270148405823,3.115323312368597,1.1596761257898305,1.2791845661337968,0,0
3309,3.1141318219484533,3.115325419412837,1.1847582504382006,1.2794279900259862,0,0
3310,3.172585324157073,3.1153274999275915,1.2209654390292686,1.2796703593353818,0,0
3311,3.1082627252670463,3.115329553058647,1.2391865155340476,1.279911668854029,0,0
3312,3.1793591024730468,3.1153315779442194,1.2634229155708476,1.2801519133558152,0,0
3313,3.101488272637393,3.1153335737149415,1.2710934534810505,1.2803910875965328,0,0
3314,3.1858734903933446,3.1153355394938367,1.2743503974731933,1.2806291863139423,0,0
3315,3.09583043150473,3.115337474396308,1.2701665099300383,1.2808662042278487,0,0
3316,3.189611010543865,3.11533937753012,1.2481498570944511,1.2811021360401789,0,0
3317,3.092979342441435,3.115341247995391,1.234460733276642,1.281336976435068,0,0
3318,3.1910646080679044,3.115343084884579,1.1934764699838025,1.2815707200789543,0,0
3319,3.0920312066234388,3.115344887282479,1.175509310086399,1.2818033616206783,0,0
3320,3.1906565590437137,3.1153466542662165,1.131444258198283,1.2820348956915923,0,0
3321,3.093024549774958,3.115348384905244,1.1149922574748903,1.2822653169056775,0,0
3322,3.1879900201359317,3.115350078261353,1.0776483770551109,1.282494619859667,0,0
3323,3.0967830221108428,3.1153517333886636,1.062845280390603,1.28272279913318,0,0
3324,3.1798758035741224,3.115353349333644,1.0288669272937743,1.2829498492888622,0,0
3325,3.1079807261574524,3.1153549251351174,1.0132269644835588,1.2831757648725381,0,0
3326,3.1644156917110853,3.115356459824278,0.9881837211569093,1.2834005404133693,0,0
3327,3.1259104243997293,3.1153579524247053,0.9778520589756872,1.2836241704240234,0,0
3328,3.1475893253246823,3.1153594019523907,0.9713751116825924,1.2838466494008547,0,0
3329,3.1427423085311297,3.11536080741576,0.9734462850986433,1.2840679718240908,0,0
3330,3.1342115034151554,3.1153621678157037,0.982817581088953,1.284288132158033,0,0
3331,3.1542294226829064,3.1153634821456104,1.000710910977695,1.2845071248512667,0,0
3332,3.1256735740938537,3.115364749391403,1.0210121732182706,1.2847249443368793,0,0
3333,3.160508010741847,3.115365968531581,1.0525027618005136,1.284941585032695,0,0
3334,3.120981665110642,3.1153671385372674,1.0785542469707747,1.2851570413415152,0,0
3335,3.1644526540529134,3.115368258372257,1.1177206218835323,1.285371307651374,0,0
3336,3.117070877836383,3.1153693269930733,1.1447644247521356,1.2855843783358047,0,0
3337,3.169019267213752,3.1153703433490274,1.1843484306871754,1.2857962477541187,0,0
3338,3.1120652505768454,3.1153713063822805,1.2073313052002184,1.286006910251696,0,0
3339,3.1750414721953093,3.115372215027918,1.2400067467381355,1.2862163601602894,0,0
3340,3.105730022975024,3.1153730682140197,1.2545903271447096,1.2864245917983415,0,0
3341,3.1820215712130477,3.1153738648617413,1.2718704034674582,1.2866315994713142,0,0
3342,3.0990530913297873,3.1153746038853978,1.2749801863144756,1.2868373774720336,0,0
3343,3.1876674485119874,3.1153752841925573,1.268615534527579,1.2870419200810463,0,0
3344,3.094447088728336,3.1153759046841327,1.2603964259511025,1.287245221566991,0,0
3345,3.190358871455961,3.1153764642544863,1.229829682420018,1.2874472761869848,0,0
3346,3.0924186544817776,3.1153769617915343,1.2137078184672647,1.2876480781870239,0,0
3347,3.1911479312599482,3.115377396176863,1.169521134496933,1.287847621802398,0,0
3348,3.0921658856468013,3.115377766285846,1.151687715030145,1.288045901258121,0,0
3349,3.1899636170115593,3.1153780709877688,1.1099073103925652,1.2882429107693758,0,0
3350,3.0939856701403343,3.1153783091459624,1.0944021831774942,1.288438644541977,0,0
3351,3.185876724280161,3.1153784796179376,1.0589545751424323,1.2886330967728459,0,0
3352,3.0998698238553097,3.115378581255532,1.043835552437648,1.2888262616505044,0,0
3353,3.1745994269600915,3.0639157678480466,1.0114639245389407,1.278901177560058,0,1
3354,3.114430855667339,3.1118417796890365,0.9967641789698667,1.2822489402135837,0,0
3355,3.1578561468715116,3.1118417379793786,0.9785218282978825,1.2824361319238518,0,0
3356,3.1327872189434647,3.1118416701785687,0.9722963919396636,1.2826221219789806,0,0
3357,3.141961162406583,3.111841575650512,0.9723837677017214,1.2828069057755607,0,0
3358,3.14778326463969,3.1118414537549803,0.9802675463691566,1.2829904787062922,0,0
3359,3.1304020559172803,3.111841303847656,0.9944486822638888,1.2831728361602386,0,0
3360,3.1571329247141215,3.111841125280168,1.0180949612349997,1.2833539735230894,0,0
3361,3.1235864110609373,3.111840917400146,1.0410915353101096,1.283533886177432,0,0
3362,3.162069229577598,3.1118406795512605,1.076297424008004,1.2837125695030323,0,0
3363,3.1195589669183925,3.1118404110732776,1.1033465118194816,1.2838900188771234,0,0
3364,3.166033588277364,3.111840111302118,1.1435210377304301,1.2840662296747045,0,0
3365,3.1153348926316293,3.1118397795699093,1.1695862017721887,1.2842411972688472,0,0
3366,3.1711316419264857,3.1118394152050555,1.2074464094346549,1.284414917031013,0,0
3367,3.1097958890993413,3.111839017532296,1.2276987096915681,1.2845873843313793,0,0
3368,3.177655729166218,3.1118385858727806,1.255629188688256,1.284758594539173,0,0
3369,3.1031241938557343,3.1118381195441427,1.2660984008373497,1.2849285430230182,0,0
3370,3.1844925960439454,3.1118376178605707,1.2751278925066802,1.2850972251512878,0,0
3371,3.096943641440646,3.111837080132894,1.2737039460989932,1.2852646362924705,0,0
3372,3.1889841108305688,3.1118365056686677,1.25761452724841,1.285430771815543,0,0
3373,3.0934554742282248,3.111835893772257,1.2458606854807355,1.2855956270903555,0,0
3374,3.1908685485333486,3.1118352437449333,1.2082485029942651,1.2857591974880238,0,0
3375,3.09209602742661,3.1118345548849686,1.1906645874198951,1.2859214783813357,0,0
3376,3.1909401161172224,3.111833826487738,1.1458703048789836,1.2860824651451632,0,0
3377,3.0925954105634816,3.1118330578458178,1.1287908660305883,1.2862421531568875,0,0
3378,3.1889158039205854,3.1118322482491014,1.0898148854087302,1.2864005377968328,0,0
3379,3.095445286448267,3.0603645670229582,1.0749131294523313,1.2762668164778888,0,1
3380,3.182621244725265,3.108296832273352,1.0404578104107725,1.279735287919877,0,0
3381,3.1044011639731717,3.108295971554918,1.0248376986537322,1.279888003056182,0,0
3382,3.1685103812415036,3.108295118298848,0.9962323942313613,1.2800395150919999,0,0
3383,3.121418280243084,3.1082942722693176,0.9838152578422169,1.2801898205606217,0,0
3384,3.1514503850003095,3.1082934332265086,0.9728533124858595,1.2803389159962384,0,0
3385,3.139115460033041,3.10829260092657,0.9715076771451567,1.280486797934026,0,0
3386,3.1369958678767063,3.1082917751215806,0.9774786143833496,1.280633462910237,0,0
3387,3.1519867372817374,3.108290955559506,0.9914964578937128,1.280778907462295,0,0
3388,3.127296236780404,3.108290141984167,1.0096933910192198,1.2809231281288964,0,0
3389,3.159360108550534,3.1082893341352005,1.038390999678787,1.2810661214501147,0,0
3390,3.121918239271323,3.1082885317480304,1.063450375167763,1.2812078839675118,0,0
3391,3.1635166946732896,3.108287734553833,1.101416213852907,1.2813484122242529,0,0
3392,3.1180795907869574,3.108286942279514,1.1287037465028615,1.2814877027652285,0,0
3393,3.1677944201729074,3.108286154647672,1.1688407467956354,1.2816257521371806,0,0
3394,3.1134000773651382,3.1082853713765854,1.1932315493244388,1.281762556888835,0,0
3395,3.1734618891576507,3.108284592180182,1.2282808999541,1.2818981135710399,0,0
3396,3.1073503047042905,3.10828381676802,1.245231292175839,1.2820324187369097,0,0
3397,3.1803428106741465,3.108283044845274,1.2670833686703842,1.282165468941975,0,0
3398,3.1005700697980356,3.1082822761127127,1.2730973576255336,1.2822972607443404,0,0
3399,3.186586677871086,3.108281510266695,1.2728870404875736,1.2824277907048458,0,0
3400,3.0952729661825824,3.1082807469991516,1.2671759623161452,1.2825570553872363,0,0
3401,3.189914710676336,3.10827998599758,1.2418971413243434,1.2826850513583397,0,0
3402,3.0927482023424027,3.1082792269450406,1.2272202062129975,1.2828117751882473,0,0
3403,3.1911282233886955,3.1082784695201524,1.184753039383439,1.2829372234505048,0,0
3404,3.0920464448189358,3.1082777133970936,1.1667407628967894,1.2830613927223096,0,0
3405,3.190438976829599,3.1082769582456073,1.123388127534769,1.2831842795847146,0,0
3406,3.0933319018570855,3.1082762037310037,1.1073028742597941,1.2833058806228395,0,0
3407,3.1873257478154353,3.1082754495141702,1.070763761648854,1.28342619242609,0,0
3408,3.097756645721557,3.1082746952515863,1.0559055553682288,1.2835452115883836,0,0
3409,3.178066691945,3.108273940595334,1.0223286022800695,1.2836629347083863,0,0
3410,3.110245666661781,3.108273185193124,1.0068795104280064,1.283779358389751,0,0
3411,3.162017584790892,3.108272428688307,0.9842011781830227,1.2838944792413713,0,0
3412,3.128470152324372,3.108271670719906,0.9752665210978542,1.2840082938776374,0,0
3413,3.14545928204072,3.1082709109226427,0.9712702612675489,1.284120798918703,0,0
3414,3.144683947536001,3.1082701489269664,0.9754129025328229,1.2842319909907602,0,0
3415,3.1327355284368146,3.1082693843590943,0.9866267247992827,1.284341866726323,0,0
3416,3.1553785405704864,3.1082686168410447,1.0066912847216543,1.2844504227645175,0,0
3417,3.12484900150737,3.108267845990682,1.0280601337962456,1.2845576557513838,0,0
3418,3.1611053284738966,3.1082670714217606,1.0610114668622252,1.284663562340184,0,0
3419,3.1204599684329253,3.1082662927439766,1.0875125113099386,1.2847681391917203,0,0
3420,3.1650131148730907,3.1082655095630174,1.1271721385410507,1.28487138297466,0,0
3421,3.116457704057622,3.108264721480623,1.153940690169233,1.2849732903658746,0,0
3422,3.1697660875711997,3.1082639280946385,1.1930168329700543,1.2850738580507801,0,0
3423,3.111257727450019,3.108263128999088,1.2150709510228634,1.2851730827236936,0,0
3424,3.1759828999569364,3.1082623237842353,1.2461576504868146,1.2852709610881947,0,0
3425,3.104779915233441,3.1082615120366603,1.259286553880124,1.2853674898574983,0,0
3426,3.1829583006992137,3.108260693339329,1.2736870177618747,1.2854626657548356,0,0
3427,3.098235706438215,3.1082598672716824,1.2751229884857833,1.2855564855138433,0,0
3428,3.1882014470949955,3.1082590334097104,1.26517830333556,1.2856489458789664,0,0
3429,3.094044671420642,3.1082581913260454,1.2556030188198426,1.285740043605864,0,0
3430,3.190572210624459,3.1082573405900518,1.222248770854679,1.2858297754618302,0,0
3431,3.0922711681744235,3.108256480767924,1.2054698004292037,1.2859181382262221,0,0
3432,3.191105931865556,3.108255611422782,1.1607774734432967,1.286005128690895,0,0
3433,3.092288661032646,3.1082547321147764,1.1431672651006572,1.2860907436606517,0,0
3434,3.1896275640776737,3.108253842401202,1.1024041195979999,1.2861749799536966,0,0
3435,3.0944475683779076,3.1082529418365983,1.087174205064214,1.286257834402102,0,0
3436,3.184835136233206,3.1082520299728755,1.0521766447246552,1.286339303852284,0,0
3437,3.1013564935411275,3.056791135407987,1.036854435414288,1.2760025683381948,0,1
3438,3.172443809046958,3.104711127323269,1.0055772058640768,1.2795008102822119,0,0
3439,3.116950830296259,3.1047102514500406,0.9915594751137686,1.2795756362908004,0,0
3440,3.1554797853764156,3.104709411495673,0.9759762740144047,1.2796491777401628,0,0
3441,3.1351801600214455,3.1047086075187935,0.9714574211918422,1.2797214327976025,0,0
3442,3.14006439965379,3.1047078395756444,0.973773440471248,1.2797923996469858,0,0
3443,3.1494171417119325,3.1047071077200594,0.9838816143863996,1.2798620764888895,0,0
3444,3.1291854459917494,3.1047064120034435,0.9996303899398395,1.2799304615407487,0,0
3445,3.1580175571511333,3.104705752474757,1.0252142982150303,1.279997553037008,0,0
3446,3.1229385783594403,3.1047051291804917,1.0490342091884906,1.2800633492292688,0,0
3447,3.1626018323028737,3.104704542164654,1.0853681444299326,1.2801278483864418,0,0
3448,3.1190301001094816,3.104703991468746,1.1125940487548516,1.280191048794897,0,0
3449,3.166654731863945,3.10470347713175,1.1528737523064156,1.2802529487586154,0,0
3450,3.1146510084895964,3.1047029991901116,1.178405561345207,1.2803135465993412,0,0
3451,3.171959632232722,3.10470255767772,1.2153665396656577,1.2803728406567325,0,0
3452,3.1089196106967663,3.1047021526258938,1.2344743033794081,1.2804308292885165,0,0
3453,3.178636413884124,3.1047017840633715,1.2603414911078938,1.28048751087064,0,0
3454,3.102175586397486,3.1047014520162874,1.269210138736189,1.280542883797423,0,0
3455,3.185310337790373,3.104701156508163,1.2749521143237297,1.2805969464817137,0,0
3456,3.0962788446631073,3.104700897559894,1.271920733084926,1.280649697355039,0,0
3457,3.189362560929002,3.1047006751897395,1.2523761841484533,1.2807011348677595,0,0
3458,3.0931685769118276,3.104700489413299,1.2394738920037698,1.280751257489223,0,0
3459,3.1909945340233725,3.1047003402435163,1.199797763551479,1.2808000637079175,0,0
3460,3.09204469662294,3.1047002276906555,1.1819432577545734,1.2808475520316236,0,0
3461,3.1907909504857677,3.1047001517622976,1.1374816205550093,1.2808937209875693,0,0
3462,3.0928275111307806,3.1047001124633256,1.120758755153023,1.2809385691225805,0,0
3463,3.188412840025588,3.1047001097959224,1.0827550544532272,1.2809820950032351,0,0
3464,3.0961677249764024,3.104700143759551,1.0679402427922562,1.2810242972160149,0,0
3465,3.181100958682254,3.1047002143509554,1.0337441541448085,1.281065174367456,0,0
3466,3.106407044225307,3.104700321564149,1.018064602885513,1.2811047250843015,0,0
3467,3.1661620158867407,3.104700465390407,0.9914189929488659,1.2811429480136516,0,0
3468,3.1240135009198475,3.10470064581826,0.9801497250113095,1.2811798418231128,0,0
3469,3.1491991923955305,3.104700862833486,0.9717998812357381,1.2812154052009477,0,0
3470,3.1412470713998353,3.104701116419109,0.9723969856718021,1.2812496368562236,0,0
3471,3.1353549741940654,3.104701406555387,0.9803603446101609,1.281282535518961,0,0
3472,3.153319623916443,3.1047017332198146,0.996625847923511,1.2813140999402786,0,0
3473,3.12632912407793,3.104702096387113,1.0160773668980325,1.2813443288925397,0,0
3474,3.160042120799742,3.1047024960292258,1.0464256365919369,1.2813732211694993,0,0
3475,3.121371133292134,3.104702932115321,1.0720889649071499,1.281400775586444,0,0
3476,3.1640520010785473,3.1047034046117816,1.1108007559243591,1.2814269909803382,0,0
3477,3.1175057657253546,3.1047039134822083,1.1379843214566587,1.281451866209963,0,0
3478,3.168490210119611,3.1047044586874137,1.1778526668611655,1.281475400156058,0,0
3479,3.1126403564831335,3.1047050401854235,1.2014632564568344,1.2814975917214588,0,0
3480,3.174364269451044,3.1047056579314734,1.2352011198516648,1.2815184398312356,0,0
3481,3.106420808907462,3.104706311878008,1.2508110836322484,1.2815379434328278,0,0
3482,3.1813175060352656,3.1047070019746834,1.2700928556871431,1.2815561014961794,0,0
3483,3.099681343582869,3.1047077281683655,1.2744337950988898,1.2815729130138713,0,0
3484,3.1872343747401612,3.10470849040313,1.2706885094713734,1.2815883770012524,0,0
3485,3.094775704233573,3.1047092886202634,1.2635075999331578,1.2816024924965685,0,0
3486,3.1901827741917272,3.104710122758268,1.2351148400887637,1.2816152585610914,0,0
3487,3.0925470027478177,3.1047109927528567,1.2195596835009865,1.2816266742792417,0,0
3488,3.191153826051707,3.1047118985369653,1.175968232806162,1.281636738758716,0,0
3489,3.0921008899088585,3.1047128400407438,1.1580232172373384,1.281645451130605,0,0
3490,3.190180548873588,3.1047138171915694,1.1155373510659132,1.2816528105495164,0,0
3491,3.093688484248748,3.1047148299140432,1.0997994708055805,1.2816588161936906,0,0
3492,3.1865411292953816,3.104715878129998,1.0639391030728278,1.2816634672651157,0,0
3493,3.098905607926541,3.1047169617585024,1.0489513871694407,1.2816667629896425,0,0
3494,3.1761130432460045,3.104718080715861,1.0159731094488194,1.2816687026170934,0,0
3495,3.1126259453778324,3.1047192349156276,1.000889351896719,1.2816692854213718,0,0
3496,3.1596139813123507,3.1047204242685993,0.9807316214451793,1.2816685107005683,0,0
3497,3.1309831298622783,3.1047216486828355,0.97331848492073,1.2816663777770627,0,0
3498,3.1434099856101945,3.1047229080636547,0.9717120075484506,1.2816628859976276,0,0
3499,3.1465130413809597,3.1047242023136405,0.977991760801318,1.2816580347335242,0,0
3500,3.13135473746714,3.104725531332658,0.9909541586797752,1.2816518233806005,0,0
3501,3.1564260704769396,3.10472689501785,1.0131168189057742,1.2816442513593815,0,0
3502,3.1240970520112525,3.104728293263651,1.035456957201734,1.2816353181151625,0,0
3503,3.1616697199364,3.104729725961794,1.0697533908979455,1.2816250231180943,0,0
3504,3.119941461748143,3.1047311930013173,1.096607396057861,1.2816133658632696,0,0
3505,3.165593468484244,3.104732694268576,1.1366160717993423,1.2816003458708036,0,0
3506,3.1158196002356626,3.104734229647247,1.163013484429963,1.2815859626859127,0,0
3507,3.170542808856103,3.1047357990183415,1.2014408287004446,1.281570215878992,0,0
3508,3.1104237806065385,3.104737402260215,1.2224845417329222,1.2815531050456854,0,0
3509,3.17694249309737,3.104739039248575,1.2518145515360934,1.2815346298069583,0,0
3510,3.1038246940059313,3.104740709856492,1.2634290098986032,1.281514789809162,0,0
3511,3.1838595176282993,3.1047424139544106,1.2747863163200257,1.2814935847240974,0,0
3512,3.0974696788940697,3.104744151410163,1.274563544521204,1.2814710142490766,0,0
3513,3.188673794176036,3.104745922088975,1.2610571096363952,1.2814470781069782,0,0
3514,3.093689471827867,3.1047477258534806,1.2501974291255638,1.2814217760463018,0,0
3515,3.190754805289723,3.104749562563738,1.2142894259503878,1.2813951078412193,0,0
3516,3.092157177829924,3.104751432077233,1.1969936530376266,1.2813670732916198,0,0
3517,3.1910246690322666,3.1047533342488998,1.1521297041178766,1.2813376722231553,0,0
3518,3.0924509743776625,3.104755268931129,1.1348080181636298,1.2813069044872805,0,0
3519,3.189239206727045,3.104757235973785,1.0950829845709336,1.2812747699612883,0,0
3520,3.094988160972619,3.104759235224215,1.0800680581335318,1.2812412685483459,0,0
3521,3.1836233702387537,3.104761266527266,1.045410363259613,1.2812064001775223,0,0
3522,3.1030423161818845,3.1047633297252974,1.0298961169588474,1.2811701648038163,0,0
3523,3.1702004356831393,3.1047654246582006,1.000041446065605,1.2811325624081784,0,0
3524,3.1195180474432735,3.104767551163404,0.9868842768700112,1.2810935929975316,0,0
3525,3.153138489982491,3.1047697090758994,0.9739744211119331,1.281053256604786,0,0
3526,3.1374855559088317,3.104771898228248,0.9712545258223236,1.2810115532888522,0,0
3527,3.138260018094075,3.104774118450603,0.9757101617490765,1.2809684831346488,0,0
3528,3.1509396794824505,3.1047763695707222,0.9880704062191338,1.2809240462531097,0,0
3529,3.1280621751446787,3.104778651413987,1.0052737473146396,1.2808782427811833,0,0
3530,3.1588190912882816,3.104780963803415,1.0326923590158874,1.280831072881833,0,0
3531,3.1223367288719146,3.1047833065596833,1.0572563064809521,1.2807825367440293,0,0
3532,3.163128906124422,3.104785679501139,1.0945831085167739,1.2807326345827426,0,0
3533,3.1184880351715876,3.104788082443824,1.1218823402524813,1.28068136663893,0,0
3534,3.1673020327468713,3.1047905152014876,1.1621297527352767,1.2806287331795185,0,0
3535,3.113939685730626,3.104792977585609,1.1870365651900365,1.2805747344973855,0,0
3536,3.1728161255915452,3.104795469405411,1.2229502243857449,1.280519370911336,0,0
3537,3.108021588356092,3.104797990467885,1.2408398524270592,1.2804626427660748,0,0
3538,3.179621461872177,3.104800540577807,1.2644595582325184,1.2804045504321764,0,0
3539,3.101241374805591,3.104803119537756,1.2716912346740692,1.280345094306051,0,0
3540,3.186069674451089,3.1048057271481397,1.2740330439251608,1.280284274809907,0,0
3541,3.0956759587916096,3.104808363207207,1.2694372763043233,1.2802220923917103,0,0
3542,3.18969563516722,3.104811027511078,1.2465389529959479,1.2801585475251387,0,0
3543,3.092914831687741,3.1048137198537553,1.2325768365757477,1.2800936407095358,0,0
3544,3.1910851944378416,3.1048164400271525,1.1911632436945012,1.2800273724698583,0,0
3545,3.0920314548529433,3.1048191878211138,1.1731722646737084,1.2799597433566217,0,0
3546,3.19060252224417,3.104821963023435,1.1292790978972727,1.2798907539458426,0,0
3547,3.093101899540162,3.104824765419888,1.1129256449614844,1.2798204048389772,0,0
3548,3.187823690600048,3.104827594794242,1.0758074776786297,1.2797486966628557,0,0
3549,3.0970263305441708,3.1048304509282865,1.0609975947000794,1.279675630069616,0,0
3550,3.179409211595544,3.1048333336018565,1.0271115132519377,1.2796012057366317,0,0
3551,3.108571166249259,3.1048362425928544,1.0115061881988483,1.2795254243664378,0,0
3552,3.163778538430625,3.1048391776772757,0.9870742130070875,1.2794482866866537,0,0
3553,3.126595613428352,3.1048421386292326,0.9771016159498271,1.279369793449902,0,0
3554,3.147014597331889,3.1048451252209794,0.971293776786751,1.2792899454337263,0,0
3555,3.143270298382381,3.104848137222936,0.9739097423847547,1.2792087434405037,0,0
3556,3.133809146667502,3.1048511744037195,0.9837804929499562,1.279126188297356,0,0
3557,3.1545455810464014,3.10485423653016,1.0022580864655717,1.2790422808560564,0,0
3558,3.125446445384251,3.104857323367336,1.022853575348945,1.2789570219929356,0,0
3559,3.1606709393379635,3.1048604346785993,1.054744138811751,1.2788704126087842,0,0
3560,3.120841985639684,3.1048635702255982,1.0809244880917284,1.2787824536287509,0,0
3561,3.164600152641492,3.104866729768306,1.1202364191266587,1.2786931460022406,0,0
3562,3.1169099467358716,3.1048699130650577,1.1472164031654208,1.2786024907028084,0,0
3563,3.1692152330242025,3.10487311987256,1.1866787950089572,1.2785104887280505,0,0
3564,3.1118528489971413,3.104876349945942,1.209422494999859,1.2784171410994953,0,0
3565,3.175290199111725,3.1048796030387655,1.2416908990768334,1.2783224488624887,0,0
3566,3.105477820124593,3.1048828789030654,1.255893244946801,1.2782264130860803,0,0
3567,3.1822739297168283,3.104886177289375,1.2724231981322858,1.2781290348629053,0,0
3568,3.0988307864535103,3.1048894979467594,1.2750863974151627,1.2780303153090649,0,0
3569,3.187815906705501,3.104892840622842,1.2677684390083317,1.2779302555640044,0,0
3570,3.094334978982641,3.1048962050638367,1.2591814005987092,1.2778288567903906,0,0
3571,3.190418665376687,3.104899591014584,1.227851483929132,1.2777261201739853,0,0
3572,3.0923762240869763,3.1049029982185754,1.211541305461408,1.2776220469235184,0,0
3573,3.1911405814397438,3.1049064264179926,1.1671860297351095,1.2775166382705594,0,0
3574,3.092194726352415,3.104909875353735,1.1494046230936097,1.277409895469385,0,0
3575,3.1898788422478375,3.1049133447654547,1.1078904226210833,1.2773018197968493,0,0
3576,3.0941018585212476,3.1049168343915903,1.0924637737746814,1.277192412552248,0,0
3577,3.1856152377530393,3.104920343969401,1.0571482728190247,1.2770816750571847,0,0
3578,3.1002461407031423,3.1049238732349997,1.0419766132927606,1.2769696086554339,0,0
3579,3.174035130614095,3.10492742192339,1.0098651252943855,1.2768562147128029,0,0
3580,3.115095970337375,3.104930989768498,0.99532921208877,1.2767414946169953,0,0
3581,3.157220656073463,3.1049345765032115,0.9777911252100947,1.2766254497774687,0,0
3582,3.1334323434747273,3.104938181859414,0.9720106141043738,1.276508081625296,0,0
3583,3.141447161261425,3.1049418055680227,0.9727003979407032,1.2763893916130231,0,0
3584,3.14822931310198,3.1049454473590217,0.9811727573997449,1.2762693812145272,0,0
3585,3.1300688744659158,3.104949106961506,0.9957821142006218,1.2761480519248736,0,0
3586,3.1573771297690585,3.104952784103713,1.0199541673916588,1.2760254052601738,0,0
3587,3.123408801877807,3.104956478513065,1.0431778760204444,1.27590144275744,0,0
3588,3.1622120942188725,3.1049601899162056,1.078696977671369,1.2757761659744424,0,0
3589,3.1194191551875914,3.1049639180390387,1.1058032416207522,1.2756495764895652,0,0
3590,3.166196537699277,3.1049676626067715,1.1460193158484486,1.275521675901661,0,0
3591,3.1151554190329773,3.1049714233439505,1.1719514755099543,1.2753924658299078,0,0
3592,3.1713492937220984,3.104975199974506,1.209586530576048,1.275261947913664,0,0
3593,3.1095647821336443,3.104978992221788,1.2295413711234935,1.275130123812325,0,0
3594,3.17791610071509,3.1049827998086137,1.2569401387359267,1.274996995205179,0,0
3595,3.102870636200421,3.104986622457305,1.266987273868313,1.2748625637912634,0,0
3596,3.1847157005535873,3.104990459889734,1.2751535725327794,1.2747268312892226,0,0
3597,3.096760632287058,3.104994311827365,1.2732978907603538,1.274589799437166,0,0
3598,3.1890896944737093,3.1049981779912934,1.2562800420773683,1.274451469992525,0,0
3599,3.093375620815261,3.1050020581022992,1.2442122222896252,1.2743118447319137,0,0
3600,3.190905437889293,3.1050059518808824,1.2060201540899458,1.2741709254509883,0,0
3601,3.092078701189917,3.1050098590473127,1.188350588329609,1.2740287139643096,0,0
3602,3.1909042161823766,3.105013779321672,1.1436194011270824,1.273885212105203,0,0
3603,3.092653206015911,3.1050177124239036,1.126632574429394,1.2737404217256236,0,0
3604,3.1887893357512342,3.105021658073856,1.0879221924372873,1.2735943446960212,0,0
3605,3.095625723743595,3.105025615991329,1.073051394302148,1.2734469829052053,0,0
3606,3.182233667805278,3.1050295858961214,1.0386646940154578,1.2732983382602145,0,0
3607,3.104918616620671,3.1050335675080825,1.0230177627215278,1.273148412686184,0,0
3608,3.1678894581594528,3.105037560547155,0.99490669116697,1.2729972081262184,0,0
3609,3.122109496887622,3.105041564733426,0.9827799426261433,1.2728447265412632,0,0
3610,3.1508449422271068,3.1050455797871757,0.972519291435222,1.2726909699099802,0,0
3611,3.139693442577576,3.105049605428929,0.9716833146673253,1.2725359402286245,0,0
3612,3.1365496260073584,3.105053641379501,0.9781930350077277,1.2723796395109226,0,0
3613,3.1523522484492066,3.1050576873600524,0.9928115347650703,1.2722220697879545,0,0
3614,3.1270301617248335,3.1050617430921386,1.0113536953939604,1.2720632331080357,0,0
3615,3.159547593504765,3.1050658082977596,1.0405013485957888,1.2719031315366036,0,0
3616,3.12177024981413,3.1050698826994156,1.065729738473805,1.2717417671561058,0,0
3617,3.163658287268673,3.105073966020155,1.103908406002964,1.27157914206589,0,0
3618,3.1179288009925337,3.1050780579836315,1.1311781080417527,1.2714152583820977,0,0
3619,3.167976896335548,3.1050821583141537,1.1712569020838717,1.27125011823756,0,0
3620,3.1132004953769807,3.105086266736743,1.1954485357253273,1.271083723781696,0,0
3621,3.173699755782899,3.1050903829771825,1.2301638057064797,1.270916077180415,0,0
3622,3.1071043130982807,3.105094506762077,1.246763960766825,1.2707471806160204,0,0
3623,3.180603618905181,3.105098637818905,1.2679496250954803,1.2705770362871167,0,0
3624,3.100330156414197,3.1051027758760736,1.2735192019082395,1.2704056464085212,0,0
3625,3.1867656317512605,3.1051069206629784,1.2723729424699175,1.2702330132111765,0,0
3626,3.0951347838655914,3.1051110719100556,1.266264553993689,1.2700591389420683,0,0
3627,3.189989400269059,3.1051152293488404,1.240140873628963,1.2698840258641448,0,0
3628,3.0926917038429687,3.105119392712025,1.225218789447428,1.26970767625624,0,0
3629,3.1911387988811217,3.1051235617335142,1.1824168805650934,1.2695300924130013,0,0
3630,3.092057101730584,3.105127736148486,1.1644121648403045,1.2693512766448192,0,0
3631,3.190374221288666,3.105131915693448,1.121277299297275,1.2691712312777608,0,0
3632,3.0934217956281067,3.1051361001062947,1.1052871677313585,1.2689899586535078,0,0
3633,3.1871294362662024,3.1051402891263713,1.0689416679492234,1.2688074611292968,0,0
3634,3.0980446927465795,3.1051444824945293,1.0540556616658807,1.2686237410778636,0,0
3635,3.177559749934441,3.1051486799531864,1.0206155948832256,1.2684388008873921,0,0
3636,3.11086933117814,3.1051528812463878,1.0052462420691415,1.2682526429614656,0,0
3637,3.161377370635813,3.1051570861198656,0.9832263377322783,1.2680652697190224,0,0
3638,3.129144667334255,3.1051612943211016,0.9746852737180562,1.2678766835943154,0,0
3639,3.1449053947510968,3.1051655055993854,0.9713345065477422,1.267686887036875,0,0
3640,3.1451820652374085,3.1051697197058754,0.9760401985041344,1.2674958825114764,0,0
3641,3.1323585284716926,3.105173936393664,0.9877291500794716,1.2673036724981102,0,0
3642,3.1556672446150955,3.105178155417839,1.008360320846829,1.267110259491957,0,0
3643,3.124642005753183,3.105182376535538,1.0299968548501794,1.2669156460033664,0,0
3644,3.1612583785613815,3.105186599506021,1.0633179420255094,1.266719834557839,0,0
3645,3.120321886877921,3.105190824090725,1.089922616292427,1.2665228276960125,0,0
3646,3.1651655903205254,3.105195050053331,1.1296891881971378,1.2663246279736526,0,0
3647,3.1162902645442316,3.105199277159825,1.1563681931618464,1.2661252379616468,0,0
3648,3.1699700067280574,3.1052035051785616,1.1952854316946364,1.2659246602460017,0,0
3649,3.1110381784386143,3.105207733880325,1.217078322238495,1.2657228974278458,0,0
3650,3.1762368216774974,3.1052119630383923,1.247713890005462,1.2655199521234348,0,0
3651,3.1045257986958426,3.105216192428601,1.2604450870119963,1.2653158269641611,0,0
3652,3.1832021722325643,3.1052204218294057,1.2740505482322741,1.265110524596567,0,0
3653,3.098026431289124,3.1052246510219454,1.2750428685671729,1.2649040476823616,0,0
3654,3.1883330688134315,3.1052288797901064,1.26414655435969,1.2646963988984432,0,0
3655,3.0939457141584494,3.105233107920584,1.2542220507435038,1.2644875809369212,0,0
3656,3.1906238704087433,3.1052373352029456,1.2201634299675346,1.2642775965051471,0,0
3657,3.092237453540298,3.1052415614296955,1.2032329086450748,1.2640664483257447,0,0
3658,3.191088125873011,3.105245786396337,1.1584633079386852,1.263854139136646,0,0
3659,3.092328014358945,3.1052500099014346,1.1409243259783104,1.2636406716911315,0,0
3660,3.1895295725058097,3.1052542317466774,1.1004374993689627,1.263426048757871,0,0
3661,3.094583160057694,3.105258451736941,1.0852712026003613,1.2632102731209705,0,0
3662,3.1845295305481307,3.1052626696803514,1.0503736030727775,1.2629933475800215,0,0
3663,3.1017861703390888,3.105266885388344,1.0349972208372156,1.2627752749501544,0,0
3664,3.171854119967575,3.1052710986757304,1.0040665336148344,1.2625560580620927,0,0
3665,3.1176308370253154,3.1052753093607546,0.9902608257492486,1.2623356997622144,0,0
3666,3.1548523247533278,3.1052795172651577,0.9753898845617927,1.2621142029126122,0,0
3667,3.135803103671229,3.1052837222142373,0.9713414217780527,1.2618915703911606,0,0
3668,3.1395747807556376,3.10528792403691,0.9742357579234038,1.261667805091582,0,0
3669,3.1498334198185187,3.1052921225657673,0.9849417839512825,1.2614429099235192,0,0
3670,3.12887726533185,3.1052963176371393,1.0010891373104378,1.261216887812609,0,0
3671,3.1582387358276,3.1053005090911525,1.0271718446938212,1.2609897417005582,0,0
3672,3.122774251907551,3.105304696771789,1.051197585581578,1.2607614745452222,0,0
3673,3.1627423866647404,3.105308880526944,1.0878094017933202,1.2605320893206873,0,0
3674,3.118887218256765,3.1053130602084806,1.1150649415232998,1.260301589017354,0,0
3675,3.1668244893374218,3.1053172356722936,1.1553494064636607,1.2600699766420222,0,0
3676,3.1144642857501847,3.10532140677836,1.1807236746448595,1.2598372552179808,0,0
3677,3.1721849805943734,3.105325573390793,1.2174203328010407,1.2596034277850965,0,0
3678,3.108682496324686,3.105329735377907,1.2362107966627682,1.259368497399906,0,0
3679,3.1788985831150867,3.105333892612258,1.2614976261374906,1.2591324671357103,0,0
3680,3.1019250522905537,3.1053380449707073,1.2699334530109625,1.2588953400826692,0,0
3681,3.185518502129773,3.1053421923344704,1.2747800027928833,1.2586571193478984,0,0
3682,3.096112215569477,3.1053463345891674,1.271327438745591,1.2584178080555688,0,0
3683,3.189455426265038,3.105350471624875,1.2508787404027009,1.258177409347004,0,0
3684,3.093097903534021,3.105354603336177,1.2376851482564546,1.2579359263807814,0,0
3685,3.1910222068969376,3.105358729622212,1.197513321703269,1.2576933623328357,0,0
3686,3.092037407790136,3.105362850386721,1.1796097737059827,1.2574497203965582,0,0
3687,3.190744621263324,3.105366965538097,1.1352783174010403,1.257205003782902,0,0
3688,3.092896349132804,3.1053710749894243,1.1186533650710893,1.256959215720484,0,0
3689,3.188265096880142,3.1053751786585315,1.0808951883945301,1.2567123594556913,0,0
3690,3.096382076505465,3.1053792764680264,1.0660897962174136,1.256464438252782,0,0
3691,3.180666735169672,3.1053833683453456,1.0319678661699254,1.2562154553939926,0,0
3692,3.106968849114741,3.105387454222793,1.0162936379702023,1.2559654141796393,0,0
3693,3.1655299881445393,3.1053915340375746,0.9902148899647311,1.2557143179282249,0,0
3694,3.1247032473565497,3.1053956077318436,0.9792769532776179,1.2554621699765403,0,0
3695,3.1486105336800296,3.105399675252736,0.9716116550911016,1.2552089736797691,0,0
3696,3.141796611343034,3.105403736552405,0.9727391410019656,1.2549547324115886,0,0
3697,3.13493402131226,3.1054077915880547,0.9812188623399186,1.254699449564273,0,0
3698,3.1536564526494124,3.1054118403219744,0.9980779137829608,1.2544431285487925,0,0
3699,3.126086041536419,3.10541588272157,1.0178446077249472,1.2541857727949135,0,0
3700,3.1602142832271034,3.105419918759395,1.0486142810380046,1.253927385751298,0,0
3701,3.121228851479742,3.105423948413177,1.0744240218518617,1.2536679708855978,0,0
3702,3.1641965167171513,3.1054279716658435,1.1133098986718137,1.2534075316845517,0,0
3703,3.1173493339414406,3.105431988505553,1.140448889322126,1.2531460716540783,0,0
3704,3.168680401295392,3.105435998925712,1.1802226072693898,1.2528835943193672,0,0
3705,3.1124333390525067,3.105440002924999,1.2036107060526249,1.2526201032249684,0,0
3706,3.1746086517148058,3.10544400050739,1.2369728866111074,1.25235560193488,0,0
3707,3.106170841162214,3.105447991682169,1.252214438615053,1.2520900940326323,0,0
3708,3.1815743893332393,3.1054519764639514,1.270780843154123,1.2518235831213704,0,0
3709,3.0994507627641856,3.105455954872697,1.2746749735471399,1.2515560728239339,0,0
3710,3.1873956697875756,3.105459926933721,1.2699806697787288,1.251287566782933,0,0
3711,3.0946530042082325,3.105463892677713,1.2624188566870813,1.2510180686608234,0,0
3712,3.1902486387462385,3.105467852140736,1.233225414703543,1.2507475821399752,0,0
3713,3.092498501299051,3.1054718053642474,1.2174566250462486,1.2504761109227425,0,0
3714,3.191154116483341,3.105475752395094,1.1736267818598478,1.2502036587315248,0,0
3715,3.0921220272990566,3.1054796932855226,1.1557166242901828,1.2499302293088301,0,0
3716,3.1901045699561337,3.105483628093181,1.1134813138028332,1.2496558264173296,0,0
3717,3.0937926285821327,3.1054875568811187,1.0978304930353822,1.2493804538399116,0,0
3718,3.1863091962570707,3.1054914797177844,1.0621283137836746,1.2491041153797302,0,0
3719,3.099243385324715,3.1054953966770262,1.0470957828717937,1.24882681486025,0,0
3720,3.175570962266852,3.1054993078380826,1.014319728334603,1.2485485561252874,0,0
3721,3.113275992644162,3.1055032132855787,0.999363915054915,1.248269343039047,0,0
3722,3.1589750051257663,3.1055071131095144,0.9798963618360189,1.2479891794861528,0,0
3723,3.1316422385513185,3.1055110074052568,0.9729076614696338,1.2477080693716762,0,0
3724,3.142878641532621,3.105514896273523,0.9719218025313159,1.2474260166211593,0,0
3725,3.146981094335685,3.1055187798203705,0.9787805430565006,1.2471430251806312,0,0
3726,3.1310030552141996,3.105522658157176,0.9921917795698102,1.2468590990166237,0,0
3727,3.1566885088733194,3.1055265314006206,1.0148987219239416,1.2465742421161774,0,0
3728,3.1239079443244187,3.105530399672665,1.037482413728946,1.2462884584868452,0,0
3729,3.1618158767617146,3.10553426310053,1.0721167137846057,1.2460017521566908,0,0
3730,3.1198030030227835,3.1055381218166715,1.0990478618216162,1.245714127174282,0,0
3731,3.1657517479442787,3.105541975958754,1.1391254917508347,1.2454255876086762,0,0
3732,3.1156453159670736,3.1055458256696205,1.1654081359714434,1.2451361375494039,0,0
3733,3.1707546844526724,3.1055496710972634,1.2036386178593468,1.2448457811064457,0,0
3734,3.110197409657268,3.105553512394797,1.2243998998360028,1.2445545224102021,0,0
3735,3.177200589552078,3.1055573497204114,1.2532329408566425,1.2442623656114589,0,0
3736,3.103570229618036,3.105561183237352,1.2644348519689037,1.2439693148813482,0,0
3737,3.1840922902538913,3.105565013113868,1.274956103646946,1.243675374411301,0,0
3738,3.0972751039497464,3.105568839523182,1.2742955306710846,1.2433805484129965,0,0
3739,3.188789817115085,3.105572662643443,1.259847798380507,1.2430848411183046,0,0
3740,3.0936020867619174,3.105576482657687,1.2486587285941204,1.242788256779221,0,0
3741,3.1907981132174723,3.105580299753788,1.212114646338918,1.2424907996678003,0,0
3742,3.092132732862783,3.1055841141244165,1.1947053904953573,1.2421924740760786,0,0
3743,3.190996416603383,3.1055879259669843,1.1498484823815165,1.2418932843159936,0,0
3744,3.0925009023755012,3.105591735483601,1.1326122364537445,1.241593234719297,0,0
3745,3.1891258770169912,3.1055955428810176,1.0931614142849326,1.241292329637462,0,0
3746,3.0951476259982798,3.1055993483705735,1.078192171407131,1.2409905734415836,0,0
3747,3.1832707994846494,3.105603152168143,1.0436111515218638,1.2406879705222738,0,0
3748,3.1035239296355157,3.1056069544940765,1.0280537692051508,1.24038452528955,0,0
3749,3.1695908170254814,3.1056107555731445,0.9986330038307162,1.2400802421727195,0,0
3750,3.1202067095907426,3.105614555634475,0.9857340752919209,1.2397751256202545,0,0
3751,3.152522557006865,3.1056183549114955,0.9735334461002833,1.2394691800996638,0,0
3752,3.1380833901079406,3.1056221536418676,0.9713071917973745,1.239162410097359,0,0
3753,3.137795312324696,3.1056259520674216,0.9763180792231786,1.2388548201185114,0,0
3754,3.151326530196888,3.1056297504340944,0.9892800528159568,1.2385464146869074,0,0
3755,3.1277785465407546,3.105633548991863,1.00685124749189,1.238237198344794,0,0
3756,3.1590197802616338,3.1056373479946715,1.0347406894871947,1.2379271756527215,0,0
3757,3.1221828529005684,3.1056411477003665,1.0594894506813455,1.237616351189379,0,0
3758,3.1632693627573225,3.105644948370623,1.0970570736158154,1.2373047295514232,0,0
3759,3.118340929056289,3.1056487502708756,1.1243584348362419,1.2369923153533045,0,0
3760,3.167479007053119,3.1056525536702444,1.1645742447342082,1.2366791132270847,0,0
3761,3.113745571432789,3.105656358841458,1.189299347506308,1.2363651278222492,0,0
3762,3.1730488542378494,3.1056601660607845,1.2249087675484855,1.2360503638055156,0,0
3763,3.107779083035433,3.105663975607952,1.2424618886636811,1.2357348258606355,0,0
3764,3.1798836232448777,3.10566778776607,1.2654516493743722,1.235418518688191,0,0
3765,3.1009961062129245,3.105671602821556,1.2722426796743664,1.2351014470053854,0,0
3766,3.18626135035908,3.1056754210640523,1.273663102722442,1.2347836155458305,0,0
3767,3.095525874160146,3.10567924278635,1.2686591331942487,1.2344650290593264,0,0
3768,3.189777479379576,3.1056830682843084,1.2448882459299369,1.234145692311638,0,0
3769,3.0928524817595195,3.1056868978567707,1.2306602053641709,1.2338256100842657,0,0
3770,3.191103150039131,3.1056907318054883,1.1888421072637685,1.2335047871742104,0,0
3771,3.0920344632099184,3.1056945704350327,1.1708360297710758,1.233183228393736,0,0
3772,3.190545662480441,3.105698414052719,1.1271282243522025,1.2328609385701248,0,0
3773,3.09318246449133,3.1057022629685154,1.1108728817332965,1.23253792254543,0,0
3774,3.187649918868535,3.1057061174949663,1.0739723712845348,1.2322141851762223,0,0
3775,3.097280984735271,3.105709977947106,1.0591499007592287,1.2318897313333328,0,0
3776,3.1789314095868817,3.105713844642375,1.0253657532848641,1.231564565901592,0,0
3777,3.109171119038669,3.10571771790053,1.0098066055554793,1.2312386937795634,0,0
3778,3.163140135651871,3.105721598043568,0.9859999837087848,1.2309121198792745,0,0
3779,3.1272784497829655,3.105725485395636,0.9763960162986263,1.2305848491259426,0,0
3780,3.1464452255167,3.1057293802829467,0.9712512198593944,1.2302568864576973,0,0
3781,3.1437903739781485,3.105733283033691,0.9744170159703127,1.2299282368252984,0,0
3782,3.133413542843806,3.1057371939779572,0.9847809106894494,1.229598905191852,0,0
3783,3.1548543363364536,3.105741113447644,1.0038385977415982,1.229268896532522,0,0
3784,3.1252248744337994,3.10574504177637,1.024721006512056,1.2289382158342368,0,0
3785,3.160830935616731,3.1057489792994004,1.057003631034439,1.2286068680953954,0,0
3786,3.1207029419072874,3.1057529263535475,1.0833062670681524,1.2282748583255683,0,0
3787,3.1647488826565553,3.1057568832770968,1.1227534269671524,1.2279421915451965,0,0
3788,3.1167473208063208,3.105760850409716,1.1496626863485024,1.2276088727852872,0,0
3789,3.1694133106553366,3.1057648280923758,1.1889935952594581,1.2272749070871063,0,0
3790,3.111638518659364,3.10576881666726,1.2114921673194534,1.2269402995018683,0,0
3791,3.175540397245443,3.1057728164776868,1.2433419531665635,1.2266050550904262,0,0
3792,3.105224971015273,3.1057768278680236,1.2571585493423796,1.2262691789229527,0,0
3793,3.182524289963455,3.1057808511836034,1.2729261113239645,1.2259326760786278,0,0
3794,3.0986117647222344,3.105784886770642,1.2751432160290168,1.225595551645316,0,0
3795,3.187959787980283,3.1057889349761587,1.2668715445572065,1.2252578107192469,0,0
3796,3.0942265228258705,3.1057929961478936,1.2579214501552087,1.2249194584046916,0,0
3797,3.190476293094385,3.1057970706342246,1.2258431244239443,1.2245804998136378,0,0
3798,3.0923360611877246,3.1058011587840926,1.209354208289538,1.2242409400654628,0,0
3799,3.191130449133624,3.105805260946916,1.1648551899260047,1.2239007842866063,0,0
3800,3.092226364374925,3.1058093774725166,1.1471313906620606,1.2235600376102398,0,0
3801,3.1897907086431214,3.105813508711041,1.105887333445828,1.2232187051759356,0,0
3802,3.0942228411397807,3.105817655012879,1.090535541894966,1.2228767921293366,0,0
3803,3.1853423879227507,3.1058218167285934,1.0553430404944386,1.222534303621821,0,0
3804,3.1006366598110593,3.105825994208842,1.0401172077277197,1.2221912448101693,0,0
3805,3.173463525425408,3.1058301878042998,1.008288302565336,1.2218476208562294,0,0
3806,3.1157656772387576,3.1058343978655905,0.9939291845039051,1.22150343692658,0,0
3807,3.156586944060517,3.10583862474321,0.97709868981905,1.2211586981921965,0,0
3808,3.134071889557145,3.1058428687874557,0.9717701409126298,1.220813409828112,0,0
3809,3.1409395824269857,3.105847130348355,0.9730558187817573,1.220467577013083,0,0
3810,3.1486674045445255,3.1058514097755974,0.9821196953946957,1.2201212049292482,0,0
3811,3.129742380892242,3.1058557074184603,0.9971495337649185,1.2197742987617959,0,0
3812,3.1576149805982645,3.1058600236257488,1.021840331488806,1.2194268636986227,0,0
3813,3.123235003933884,3.105864358745721,1.0452854132297955,1.2190789049299975,0,0
3814,3.1623541085488167,3.105868713126027,1.0811085087296481,1.2187304276482256,0,0
3815,3.1192786543825655,3.1058730871136464,1.108264635435111,1.2183814370473094,0,0
3816,3.166361254299978,3.105877481054815,1.1485124040123844,1.2180319383226135,0,0
3817,3.1149740327890263,3.105881895294974,1.1743049903855227,1.2176819366705287,0,0
3818,3.1715690189093113,3.1058863301787007,1.2117045319044661,1.2173314372881356,0,0
3819,3.1093320215954114,3.105890786049652,1.2313565608181234,1.2169804453728705,0,0
3820,3.178177108156915,3.105895263250505,1.2582107933764721,1.2166289661221918,0,0
3821,3.102617674699299,3.105899762122897,1.2678327232591537,1.2162770047332458,0,0
3822,3.1849350095909688,3.1059042830073724,1.2751266813388555,1.2159245664025355,0,0
3823,3.0965819350324506,3.1059088262433243,1.2728418231515517,1.215571656325589,0,0
3824,3.189191719150149,3.1059133921689424,1.2549012706235996,1.2152182796966295,0,0
3825,3.093298322095972,3.105917981121158,1.2425252975493781,1.214864441708247,0,0
3826,3.190939925927571,3.105922593435595,1.2037749539943268,1.2145101475510698,0,0
3827,3.0920640147458704,3.105927229446515,1.1860296815490257,1.21415540241344,0,0
3828,3.1908655418715983,3.1059318894867745,1.1413805528621173,1.2138002114810866,0,0
3829,3.092713897011842,3.105936573887771,1.1244882539971757,1.213444579936805,0,0
3830,3.188657614638755,3.1059412829793978,1.0860390041937038,1.213088512960133,0,0
3831,3.095814573753323,3.1059460170899995,1.0711935598686326,1.2127320157270325,0,0
3832,3.181833476639829,3.105950776546328,1.0368749416980085,1.212375093409571,0,0
3833,3.1054484332059373,3.105955561673499,1.0212087172412954,1.212017751175605,0,0
3834,3.1672651016729225,3.105960372794948,0.9936124448850662,1.2116599941884652,0,0
3835,3.1228008709143915,3.105965210232391,0.9817873263756794,1.2113018276066452,0,0
3836,3.1502437012058504,3.105970074305788,0.9722241022249897,1.2109432565834894,0,0
3837,3.140263984964294,3.1059749653333024,0.9719034207157711,1.2105842862668865,0,0
3838,3.13611010852525,3.1059798836312615,0.9789459796495604,1.2102249217989605,0,0
3839,3.1527100725404344,3.1059848295141257,0.9941638821920398,1.209865168315769,0,0
3840,3.1267703285078134,3.105989803294451,1.0130431427258417,1.2095050309469988,0,0
3841,3.159730691915105,3.1059948052828577,1.0426332553228723,1.2091445148156688,0,0
3842,3.121624035073936,3.105999835787996,1.0680247774079037,1.2087836250378299,0,0
3843,3.163800514288712,3.1060048951165165,1.1064060018085213,1.208422366722271,0,0
3844,3.1177765722279713,3.106009983573042,1.133650695203753,1.2080607449702276,0,0
3845,3.168161405348691,3.1060151014601356,1.1736616123653651,1.2076987648750888,0,0
3846,3.1129989279220225,3.106020249078277,1.1976478081271729,1.2073364315221116,0,0
3847,3.1739394171364723,3.1060254267258323,1.2320180321996141,1.206973749988134,0,0
3848,3.1068571688118216,3.106030634699034,1.2482630445925231,1.2066107253412939,0,0
3849,3.1808636252378633,3.1060358732919533,1.2687691377520272,1.2062473626407475,0,0
3850,3.100092501317546,3.106041142796478,1.273893356162078,1.2058836669363928,0,0
3851,3.1869398967656033,3.106046443502292,1.271806885739043,1.205519643268593,0,0
3852,3.095000823568931,3.1060517756968538,1.2653053933888554,1.2051552966679062,0,0
3853,3.1900616517888736,3.106057139665378,1.2383478757659305,1.2047906321548139,0,0
3854,3.09263731892653,3.1060625356908163,1.2231886747633476,1.2044256547394554,0,0
3855,3.191146656194056,3.1060679640538402,1.1800776526613914,1.2040603694213634,0,0
3856,3.0920705455768833,3.1060734250328235,1.1620881886218108,1.2036947811892016,0,0
3857,3.1903065408065934,3.10607891890383,1.1191811155830422,1.2033288950205068,0,0
3858,3.0935152850745236,3.106084445940596,1.1032843938169858,1.2029627158814338,0,0
3859,3.186924189128565,3.106090006414521,1.0671232680562663,1.2025962487265005,0,0
3860,3.098345563430106,3.10609560059465,1.0522043957716496,1.2022294984983388,0,0
3861,3.177042915311223,3.106101228747668,1.0189167699045967,1.2018624701274474,0,0
3862,3.111500688987848,3.1061068911378844,1.0036398051816837,1.201495168531946,0,0
3863,3.160737076959087,3.10611258802723,0.9822882612515605,1.2011275986173346,0,0
3864,3.1298155204603937,3.1061183196752395,0.9741493536837884,1.2007597652762543,0,0
3865,3.144357364560029,3.106124086339054,0.9714375096707047,1.2003916733882507,0,0
3866,3.1456721808766446,3.1061298882734065,0.976710763703244,1.2000233278195416,0,0
3867,3.1319882772958247,3.1061357257306206,0.9888680485343728,1.199654733422786,0,0
3868,3.1559488191177216,3.106141598960601,1.010060283073943,1.1992858950368572,0,0
3869,3.1244400087709336,3.106147508210837,1.0319578491671386,1.198916817486617,0,0
3870,3.16140930961777,3.1061534537263906,1.0656403802371475,1.1985475055826955,0,0
3871,3.1201838850832693,3.1061594357498983,1.0923417363571275,1.1981779641212709,0,0
3872,3.1653195395694893,3.1061654545215713,1.1322050664400545,1.1978081978838546,0,0
3873,3.116121031432274,3.10617151027919,1.1587877625871768,1.1974382116370776,0,0
3874,3.1701760487723223,3.106177603258106,1.1975360556734833,1.1970680101324795,0,0
3875,3.110816776362087,3.1061837336912426,1.2190619885389589,1.196697598106302,0,0
3876,3.1764919638978886,3.106189901809097,1.2492343926280323,1.1963269802792833,0,0
3877,3.1042714245630147,3.106196107839738,1.2615637488062357,1.1959561613564578,0,0
3878,3.1834433364192756,3.106202352008818,1.274362860676745,1.1955851460269553,0,0
3879,3.0978209260840424,3.1062086345395623,1.2749128088313804,1.1952139389638063,0,0
3880,3.1884603972030656,3.1062149556527863,1.2630667815326546,1.1948425448237472,0,0
3881,3.093849993095926,3.106221315566891,1.252798225864247,1.1944709682470307,0,0
3882,3.190673341091268,3.106227714497873,1.2180524745301795,1.194099213857238,0,0
3883,3.0922061542627106,3.10623415265933,1.2009804776226454,1.1937272862610933,0,0
3884,3.1910675354144424,3.1062406302624637,1.1561568460794909,1.1933551900482808,0,0
3885,3.092370174073686,3.1062471475160884,1.1386933708131814,1.1929829297912664,0,0
3886,3.1894277394355313,3.106253704626642,1.0984834529821594,1.1926105100451199,0,0
3887,3.0947246264358186,3.1062603017981885,1.0833762718300683,1.192237935347341,0,0
3888,3.184211611614405,3.1062669392324285,1.0485713269763592,1.1918652102176879,0,0
3889,3.102229921162966,3.1062736171287084,1.0331424315285307,1.191492339158008,0,0
3890,3.1712586004255745,3.106280335684032,1.0025817936833181,1.1911193266520717,0,0
3891,3.1183137455309526,3.106287095093067,0.9890006508477439,1.1907461771654089,0,0
3892,3.1542276056055396,3.1062938955481556,0.9748421483266504,1.1903728951451478,0,0
3893,3.1364196156949133,3.1063007372393265,0.9712704552654533,1.189999485019857,0,0
3894,3.1390917569846564,3.1063076203543076,0.9747368712446131,1.1896259511993883,0,0
3895,3.1502418252325626,3.1063145450785363,0.9860423493886357,1.1892522980747247,0,0
3896,3.1285756777410527,3.106321511595168,1.0025801648858115,1.1888785300178282,0,0
3897,3.158454192776887,3.106328520085094,1.0291542847723039,1.188504651381492,0,0
3898,3.1226129856190745,3.106335570726953,1.053380273807819,1.1881306664991957,0,0
3899,3.1628827128973147,3.1063426636971396,1.0902602525268357,1.1877565796849594,0,0
3900,3.118743313040307,3.1063497991698257,1.1175380830539328,1.1873823952332043,0,0
3901,3.166996132759125,3.106356977316968,1.1578175972046953,1.1870081174186145,0,0
3902,3.1142756055485274,3.106364198308322,1.1830278507790177,1.1866337504959983,0,0
3903,3.1724123305060026,3.1063714623114613,1.2194496355198758,1.1862592987001572,0,0
3904,3.108443881161158,3.1063787694917893,1.2379176271602368,1.1858847662457526,0,0
3905,3.179160940888726,3.106386120012553,1.262610953069087,1.1855101573271758,0,0
3906,3.101675695032369,3.1063935140348584,1.270611578964122,1.1851354761184232,0,0
3907,3.1857224024514905,3.1064009517176907,1.2745551410873783,1.18476072677297,0,0
3908,3.0959500010267447,3.1064084332179234,1.2706846249755208,1.1843859134236474,0,0
3909,3.1895451979548177,3.106415958690338,1.2493394903725983,1.184011040182523,0,0
3910,3.093029510215582,3.106423528287639,1.2358610569088024,1.1836361111407825,0,0
3911,3.191047337022058,3.106431142160473,1.1952172340322769,1.1832611303686138,0,0
3912,3.0920328412596825,3.1064388004574397,1.1772739876377174,1.1828861019150925,0,0
3913,3.1906955035915914,3.1064465033251145,1.1330886124561474,1.1825110298080708,0,0
3914,3.092968225499819,3.1064542509080604,1.1165621188084218,1.1821359180540674,0,0
3915,3.188110922049121,3.10646204334885,1.0790427162102065,1.1817607706381605,0,0
3916,3.096606540588137,3.1064698807880795,1.0642408568940496,1.1813855915238811,0,0
3917,3.1802205342996346,3.1064777633643867,1.0301982249655794,1.1810103846531106,0,0
3918,3.1075414511004884,3.1064856912144694,1.0145394868206528,1.1806351539459778,0,0
3919,3.1648958108483325,3.1064936644731014,0.9890446487527688,1.1802599033007617,0,0
3920,3.1253916716383343,3.1065016832731533,0.9784483420209322,1.1798846365937905,0,0
3921,3.1480267841916256,3.106509747745607,0.9714622351998009,1.1795093576793483,0,0
3922,3.1423383807941914,3.106517858019578,0.9731254160184197,1.1791340703895805,0,0
3923,3.1345198156956635,3.1065260142223288,0.9821154315606111,1.1787587785344016,0,0
3924,3.1539857367779978,3.106534216479288,0.9995650472249371,1.1783834859014048,0,0
3925,3.1258488512984806,3.1065424649140745,1.0196391831451963,1.1780081962557738,0,0
3926,3.1603828973534505,3.1065507596485094,1.0508225367385162,1.177632913340197,0,0
3927,3.121087662746524,3.106559100802636,1.0767724188359757,1.177257640874781,0,0
3928,3.164342041133475,3.1065674884947385,1.1158220211739454,1.1768823825569694,0,0
3929,3.1171913000774083,3.106575922841364,1.142909414802783,1.1765071420614597,0,0
3930,3.168872679575808,3.1065844039573385,1.1825787421929739,1.176131923040125,0,0
3931,3.112224357333902,3.1065929319557832,1.2057382489430222,1.1757567291219357,0,0
3932,3.1748546577155103,3.1066015069481385,1.2387134555176087,1.1753815639128828,0,0
3933,3.10591998907017,3.1066101290441783,1.2535818830407668,1.1750064309959034,0,0
3934,3.1818297954960584,3.106618798352033,1.271420160586913,1.174631333930808,0,0
3935,3.099223051090473,3.106627514978206,1.2748673718500956,1.174256276254209,0,0
3936,3.1875522766189044,3.1066362790275925,1.2692219608115327,1.17388126147945,0,0
3937,3.094534232725963,3.1066450906035015,1.2612838713426886,1.173506293096539,0,0
3938,3.190312274605411,3.106653949807672,1.2313028386699556,1.1731313745720802,0,0
3939,3.0924521762570656,3.1066628567402916,1.2153294085968689,1.1727565093492096,0,0
3940,3.1911516398011526,3.106671811500019,1.1712866847935532,1.172381700847531,0,0
3941,3.0921459600299195,3.1066808141840014,1.1534179025377005,1.172006952463054,0,0
3942,3.190025466949267,3.1066898648878927,1.1114396466917973,1.1716322675681332,0,0
3943,3.0939009630824024,3.1066989637058757,1.095873016849444,1.1712576495114073,0,0
3944,3.18606685166464,3.106708110730677,1.0603194621133556,1.1708831016177441,0,0
3945,3.099595011585626,3.1067173060535906,1.045238721822655,1.1705086271881817,0,0
3946,3.17502046503755,3.106726549764494,1.0126851235035947,1.170134229499874,0,0
3947,3.113931922672284,3.106735841951871,0.9978702838497181,1.1697599118060371,0,0
3948,3.1583370493257177,3.1067451827028276,0.9790988821308703,1.1693856773358977,0,0
3949,3.1322965171093813,3.106754572103114,0.9725422507745065,1.1690115292946404,0,0
3950,3.1423535259126094,3.1067640102371405,0.972170367686242,1.168637470863359,0,0
3951,3.147441149295125,3.1067734971880014,0.979611814076426,1.1682635051990085,0,0
3952,3.130658098335805,3.106783033037493,0.9934645317854401,1.1678896354343575,0,0
3953,3.1569442140993473,3.106792617866129,1.0167092067047654,1.1675158646779424,0,0
3954,3.1237231763491295,3.106802251753166,1.0395303859721308,1.1671421960140234,0,0
3955,3.1619606730416545,3.1068119347766205,1.074493731343978,1.1667686325025406,0,0
3956,3.119664150385374,3.106821667013287,1.1014948140031964,1.1663951771790728,0,0
3957,3.1659116865043337,3.1068314485387583,1.1416314055217625,1.1660218330547965,0,0
3958,3.1154691627748066,3.106841279427446,1.1677926382291215,1.165648603116446,0,0
3959,3.1709686655726004,3.1068511597526,1.2058160328500653,1.1652754903262763,0,0
3960,3.1099692907027365,3.106861089586328,1.2262893792628795,1.1649024976220241,0,0
3961,3.177459595973287,3.106871068999613,1.2546129461667737,1.1645296279168749,0,0
3962,3.103315973394278,3.1068810980623365,1.265398704019213,1.164156884099425,0,0
3963,3.18432169405911,3.106891176843295,1.275073735765803,1.1637842690336513,0,0
3964,3.0970846648022743,3.1069013054102235,1.2739773936181942,1.1634117855588761,0,0
3965,3.188901945758804,3.1069114838298084,1.2585925313845368,1.1630394364897383,0,0
3966,3.0935175237593615,3.1069217121677184,1.2470795684827891,1.162667224616163,0,0
3967,3.1908391239900937,3.106931990488611,1.2099192195889046,1.1622951527033314,0,0
3968,3.0921108434858797,3.1069423188561633,1.1924066342700512,1.1619232234916548,0,0
3969,3.1909653871497845,3.1069526973330874,1.1475777327035237,1.1615514396967472,0,0
3970,3.0925536707274848,3.1069631259811508,1.1304298507839765,1.1611798040094006,0,0
3971,3.1890079892895375,3.1069736048611936,1.0912507663408693,1.1608083190955607,0,0
3972,3.0953143402269325,3.1069841340331563,1.0763219964413773,1.160436987596303,0,0
3973,3.1829055154758294,3.1069947135560922,1.0418136921246064,1.160065812127813,0,0
3974,3.104018826525998,3.1070053434881912,1.0262183161912244,1.1596947952813623,0,0
3975,3.168976778151628,3.1070160238867994,0.9972538929034044,1.1593239396232926,0,0
3976,3.1208966629267496,3.1070267548084414,0.9846250636648386,1.1589532476949937,0,0
3977,3.1519102417303024,3.107037536308838,0.973131279362585,1.158582722012889,0,0
3978,3.1386741395243405,3.107048368442928,0.9714045679655822,1.1582123650684175,0,0
3979,3.137337295266118,3.1070592512648894,0.9769647017812683,1.157842179328019,0,0
3980,3.151705609517402,3.1070701848281583,0.9905284140287277,1.15747216723312,0,0
3981,3.127501343504131,3.1070811691854536,1.0084592280365987,1.157102331200122,0,0
3982,3.159215490155242,3.107092204388794,1.0368119746631401,1.156732673620388,0,0
3983,3.122031285001146,3.107103290489522,1.061739874173549,1.1563631968602333,0,0
3984,3.1634101226501934,3.107114427538322,1.0995382204019544,1.1559939032609143,0,0
3985,3.118192536869666,3.1071256155852454,1.126834438044554,1.1556247951386223,0,0
3986,3.167657960264068,3.1071368546797298,1.1670089910699266,1.155255874784475,0,0
3987,3.1135494745703305,3.107148144870621,1.191546017564056,1.15488714446451,0,0
3988,3.1732834784031834,3.107159486206196,1.2268404263093091,1.1545186064196806,0,0
3989,3.1075352623851735,3.107170878734182,1.2440520217306674,1.1541502628658526,0,0
3990,3.180145434087517,3.107182322501783,1.2663985825248023,1.1537821159937995,0,0
3991,3.1007526340577596,3.107193817555698,1.2727474036661517,1.1534141679692045,0,0
3992,3.186448452423324,3.1072053639421444,1.2732406954036775,1.153046420932656,0,0
3993,3.0953801474354647,3.1072169617068837,1.2678323527520292,1.1526788769996519,0,0
3994,3.1898566455224713,3.10722861089524,1.243198511284455,1.1523115382606,0,0
3995,3.092792267502567,3.1072403115521268,1.2287118612286823,1.1519444067808213,0,0
3996,3.191118447726449,3.1072520637220644,1.1865143831512444,1.1515774846005555,0,0
3997,3.0920402412940944,3.107263867449212,1.1685016713426608,1.151210773734965,0,0
3998,3.190485959841793,3.1072757227773846,1.124991797107413,1.1508442761741435,0,0
3999,3.093266328379753,3.1072876297500778,1.1088337790154401,1.1504779938831222,0,0
4000,3.187468315801553,3.1072995884104953,1.072142482019933,1.1501119288018808,0,0
4001,3.0975474091906396,3.10731159880157,1.0573017392554211,1.1497460828453574,0,0
4002,3.178442723661758,3.107323660965988,1.023630821365304,1.1493804579034603,0,0
4003,3.1097801038823327,3.107335774946217,1.008129767945815,1.1490150558410805,0,0
4004,3.162500801436387,3.1073479407845284,0.9849614777079351,1.1486498784981074,0,0
4005,3.1279585730355897,3.1073601585230226,0.9757354354155827,1.1482849276894433,0,0
4006,3.1458813557983656,3.1073724282036586,0.9712474326300706,1.1479202052050208,0,0
4007,3.144302500903059,3.1073847498682725,0.974967978213931,1.1475557128098213,0,0
4008,3.1330246922347462,3.107397123558613,0.9858185917365453,1.1471914522438935,0,0
4009,3.155155751073643,3.107409549316357,1.0054518039816511,1.146827425222376,0,0
4010,3.125008723556331,3.107422027183149,1.0266139971719033,1.1464636334355183,0,0
4011,3.1609882201168547,3.1074345572006163,1.059280678112121,1.1461000785487052,0,0
4012,3.120564378009759,3.107447139410404,1.0856989170119025,1.1457367622024808,0,0
4013,3.164898915067758,3.107459773854201,1.1252710071167566,1.1453736860125765,0,0
4014,3.1165829709760504,3.107472460573766,1.1521026764299624,1.1450108515699375,0,0
4015,3.169613505691327,3.107485199610957,1.1912921899359348,1.1446482604407526,0,0
4016,3.111422276699148,3.107497991007764,1.2135397383660076,1.144285914166485,0,0
4017,3.1757920049706865,3.10751083480633,1.244959210371346,1.1439238142639043,0,0
4018,3.1049715716874857,3.1075237310489876,1.258385629408597,1.1435619622251199,0,0
4019,3.1827724613615067,3.1075366797782897,1.2733787501953444,1.1432003595176168,0,0
4020,3.0983961657271757,3.10754968103703,1.2751504627283772,1.142839007584292,0,0
4021,3.18809915406981,3.1075627348682864,1.2659252908159295,1.1424779078434917,0,0
4022,3.0941216121362345,3.1075758413154406,1.256617094676823,1.142117061689053,0,0
4023,3.1905317595336946,3.1075890004222195,1.2238057644181832,1.1417564704903431,0,0
4024,3.0922982039436917,3.1076022122327207,1.2071478579637243,1.141396135592303,0,0
4025,3.1911175320961624,3.107615476791447,1.1625295930027015,1.1410360583154924,0,0
4026,3.0922608008574053,3.1076287941433374,1.1448686511385107,1.1406762399561348,0,0
4027,3.1896991077670225,3.1076421643338032,1.1038977641368755,1.140316681786166,0,0
4028,3.0943488761234916,3.1076555874087592,1.088616957664158,1.1399573850532827,0,0
4029,3.1850578762254513,3.107669063414661,1.053538686081817,1.1395983509809935,0,0
4030,3.101041416208847,3.1076825923985343,1.0382579338043159,1.1392395807686724,0,0
4031,3.1728850103341606,3.107696174408014,1.0067345602845281,1.1388810755916117,0,0
4032,3.1164395182382507,3.107709809491379,0.9925651203420012,1.1385228366010791,0,0
4033,3.155955275362217,3.107723497697588,0.9764446530469016,1.138164864924375,0,0
4034,3.134705610682037,3.107737239076314,0.9715749099804925,1.1378071616648926,0,0
4035,3.1404384813760804,3.107751033677985,0.9734500362942232,1.137449727902178,0,0
4036,3.1490975590056114,3.1077648815538184,0.9831080398192041,1.137092564691994,0,0
4037,3.1294225556234756,3.10777878275586,0.9985505000683185,1.1367356730663851,0,0
4038,3.1578466331306765,3.107792737337023,1.0237528876709012,1.1363790540337442,0,0
4039,3.1230648194047568,3.1078067453511253,1.0474136567248042,1.1360227085788797,0,0
4040,3.1624954468218704,3.1078208068529327,1.0835313862073386,1.1356666376630877,0,0
4041,3.1191373680198056,3.1078349218981924,1.1107300420238826,1.1353108422242228,0,0
4042,3.166527772601487,3.107849090543682,1.1509996954738928,1.1349553231767735,0,0
4043,3.1147907202588727,3.1078633128472437,1.176646165031938,1.1346000814119366,0,0
4044,3.171790801582681,3.1078775888678294,1.2137997821059792,1.1342451177976955,0,0
4045,3.1090976453621555,3.1078919186655427,1.2331436985949111,1.1338904331789017,0,0
4046,3.178438641054406,3.1079063023016804,1.25944047101311,1.1335360283773535,0,0
4047,3.1023654587662794,3.1079207398387765,1.2686342571049267,1.1331819041918825,0,0
4048,3.1851503844607088,3.1079352313406474,1.275047126896583,1.1328280613984372,0,0
4049,3.0964075927358317,3.1079497768724345,1.2723358359842425,1.1324745007501718,0,0
4050,3.189290309989493,3.10796437650065,1.25347884909776,1.1321212229775357,0,0
4051,3.093223493463124,3.1079790302932238,1.2408006935941325,1.1317682287883641,0,0
4052,3.1909719737485798,3.1079937383195486,1.2015142923623598,1.131415518867974,0,0
4053,3.0920519937572277,3.108008500650525,1.1837031295951792,1.1310630938792563,0,0
4054,3.1908240920604745,3.108023317358613,1.1391542400128638,1.1307109544627774,0,0
4055,3.092777512707705,3.108038188517877,1.1223580182819095,1.1303591012368759,0,0
4056,3.1885203520146668,3.1080531142040346,1.0841647741748834,1.1300075347977663,0,0
4057,3.096012281547916,3.108068094494508,1.069338970608013,1.1296562557196421,0,0
4058,3.1814207875243636,3.1080831294684708,1.0350893150562446,1.129305264554782,0,0
4059,3.10599022554263,3.1080982192069015,1.0194121066806627,1.1289545618336578,0,0
4060,3.1666376603318453,3.1081133637926315,0.9923503505496947,1.128604148065045,0,0
4061,3.1234920006771,3.1081285633103994,0.9808378625880592,1.1282540237361347,0,0
4062,3.1496468607384482,3.1081438178469014,0.9719677422030456,1.127904189312648,0,0
4063,3.140826982661107,3.1081591274908447,0.9721679061263115,1.127554645238953,0,0
4064,3.1356773237955013,3.1081744923330015,0.9797373504513088,1.1272053919381826,0,0
4065,3.1530602435068267,3.108189912466262,0.9955529369925115,1.126856429812356,0,0
4066,3.1265166557287336,3.108205387985691,1.0147612487695505,1.1265077592425012,0,0
4067,3.1599096249571055,3.1082209189885788,1.0447862091174736,1.12615938058878,0,0
4068,3.121479407731934,3.1082365055745034,1.0703348860433002,1.1258112941906155,0,0
4069,3.1639434838855807,3.108252147845382,1.1089083553121704,1.1254635003668205,0,0
4070,3.1176228563436283,3.1082678459055266,1.136120901785971,1.1251159994157303,0,0
4071,3.1683479638718257,3.10828359986171,1.1760542540048193,1.1247687916153342,0,0
4072,3.1127953776729664,3.1082994098232155,1.1998287835105717,1.1244218772234131,0,0
4073,3.1741808315897053,3.108315275901896,1.2338429172451337,1.1240752564776761,0,0
4074,3.1066089375919517,3.108331198212241,1.2497279267314407,1.123728929595901,0,0
4075,3.1811226556675316,3.1083471768714275,1.2695413652942464,1.1233828967760755,0,0
4076,3.0998572705312752,3.108363211999386,1.2742195030967491,1.1230371581965415,0,0
4077,3.18710945543034,3.108379303718859,1.2711891164564977,1.1226917140161417,0,0
4078,3.094871018271794,3.1083954521554635,1.2642988493379546,1.1223465643743673,0,0
4079,3.1901315349785953,3.108411657437753,1.2365190472075314,1.1220017093915087,0,0
4080,3.092585055137843,3.1084279196972795,1.2211310260930648,1.121657149168807,0,0
4081,3.1911517787137598,3.1084442390686586,1.1777365795969004,1.1213128837886093,0,0
4082,3.092086779889481,3.1084606156896286,1.1597697572469972,1.1209689133145246,0,0
4083,3.1902358935990236,3.1084770497011203,1.1170995630949208,1.1206252377915826,0,0
4084,3.0936125051880192,3.108493541247318,1.1012942179176135,1.1202818572463933,0,0
4085,3.1867096036117513,3.108510090475724,1.0653080475974857,1.1199387716873097,0,0
4086,3.0986595842088165,3.108526697537229,1.0503515900805753,1.1195959811045924,0,0
4087,3.1765165719775843,3.1085433625861736,1.0172333616710478,1.1192534854705762,0,0
4088,3.1121392541272925,3.1085600857804128,1.0020615982347045,1.1189112847398366,0,0
4089,3.1600970037958063,3.1085768672813896,0.9813872625941582,1.1185693788493618,0,0
4090,3.1304823853742434,3.1085937072541987,0.973658816935421,1.1182277677187231,0,0
4091,3.143815302975827,3.1086106058676513,0.9715792708925959,1.1178864512502487,0,0
4092,3.14615428806054,3.1086275632943496,0.9774244163678661,1.1175454293292006,0,0
4093,3.1316247710107725,3.1086445797107483,0.9900430909118886,1.1172047018239504,0,0
4094,3.156223356585228,3.10866165529723,1.0117905358546562,1.116864268586158,0,0
4095,3.1242428436590526,3.1086787902381707,1.0339426506702787,1.1165241294509545,0,0
4096,3.1615583299134085,3.1086959847220066,1.0679781874714693,1.1161842842371221,0,0
4097,3.120045828787488,3.1087132389413115,1.094769195665737,1.115844732747279,0,0
4098,3.1654750169198778,3.1087305530928586,1.1347191466097273,1.1155054747680657,0,0
4099,3.11594998268175,3.1087479273776975,1.1611988059223108,1.115166510070331,0,0
4100,3.170384211955773,3.108765362001219,1.1997680638859363,1.1148278384093215,0,0
4101,3.110593546444617,3.1087828571732303,1.2210213698765107,1.1144894595248716,0,0
4102,3.1767482503175892,3.1088004131080242,1.250718451771661,1.1141513731415948,0,0
4103,3.1040169093816057,3.1088180300244503,1.2626419587575572,1.1138135789690764,0,0
4104,3.183681610360073,3.108835708145984,1.274623665098735,1.113476076702069,0,0
4105,3.0976193013310667,3.108853447700804,1.2747327236514847,1.1131388660206871,0,0
4106,3.1885835292417766,3.108871248921855,1.2619395100251314,1.1128019465906034,0,0
4107,3.0937573951482036,3.108889112046929,1.2513321489502809,1.112465318063249,0,0
4108,3.1907206001378268,3.1089070373187293,1.2159171937461755,1.1121289800760101,0,0
4109,3.0921773096852725,3.108925024984945,1.1987138597886635,1.1117929322524303,0,0
4110,3.1910441621500296,3.1089430752983236,1.1538588926260853,1.1114571742024106,0,0
4111,3.092415145878935,3.1089611885167407,1.1364748463354155,1.1111217055224125,0,0
4112,3.1893218987497196,3.108979364903272,1.09654157793427,1.1107865257956608,0,0
4113,3.094872306068119,3.1089976047262677,1.0814888042879123,1.1104516345923485,0,0
4114,3.1838812143086024,3.1090159082594178,1.0467699442291327,1.1101170314698403,0,0
4115,3.1026875956824385,3.10903427578183,1.031291120170831,1.1097827159728804,0,0
4116,3.170657633306257,3.1090527075780954,1.0011239475569136,1.1094486876337963,0,0
4117,3.118999119311726,3.109071203938363,0.9877797512889532,1.1091149459727088,0,0
4118,3.153605869941856,3.1090897651584073,0.9743331249495336,1.1087814904977373,0,0
4119,3.1370295026189496,3.109108391539703,0.9712444376879267,1.1084483207052085,0,0
4120,3.1386153597288478,3.1091270833894904,0.975276769299254,1.1081154360798657,0,0
4121,3.1506423836370523,3.1091458410208452,0.9871828969859829,1.1077828360950777,0,0
4122,3.1282806467739097,3.109164664752754,1.0041029990747805,1.1074505202130467,0,0
4123,3.1586641164441454,3.109183554910175,1.0311610932568447,1.107118487885019,0,0
4124,3.1224545778423143,3.1092025118241136,1.0555817488356125,1.1067867385514956,0,0
4125,3.1630229615393035,3.1092215358316833,1.092720056353711,1.1064552716424392,0,0
4126,3.118598307877798,3.1092406272761814,1.1200128436103027,1.106124086577487,0,0
4127,3.1671696891838965,3.1092597865071494,1.1602777191949518,1.1057931827661591,0,0
4128,3.114084959083403,3.1092790138804425,1.1853175108950413,1.1054625596080683,0,0
4129,3.1726416571557032,3.109298309758295,1.2214538143422422,1.1051322164931296,0,0
4130,3.1082038110634076,3.1093176745093842,1.2395942039875643,1.1048021528017702,0,0
4131,3.179423352672186,3.1093371085088966,1.2636808277263696,1.1044723679051387,0,0
4132,3.1014276769496703,3.109356612138592,1.2712440852941982,1.104142861165312,0,0
4133,3.185921939721617,3.1093761857868647,1.2742775590806759,1.1038136319355056,0,0
4134,3.095792201240128,3.109395829848806,1.2699924891585708,1.1034846795602806,0,0
4135,3.189631994114715,3.1094155447262666,1.2477591405447097,1.1031560033757504,0,0
4136,3.0929633452004985,3.109435330827918,1.2340025326417206,1.1028276027097879,0,0
4137,3.191069890381256,3.1094551885693087,1.192910869504,1.1024994768822303,0,0
4138,3.0920310128244233,3.109475118372927,1.1749370578352534,1.1021716252050855,0,0
4139,3.1906435879566977,3.1094951206682535,1.1309127983567038,1.1018440469827349,0,0
4140,3.093043196083767,3.109515195891825,1.1144849489192934,1.1015167415121374,0,0
4141,3.187949960945746,3.109535344487284,1.077197057465777,1.1011897080830306,0,0
4142,3.0968415719390343,3.1095555669054344,1.0623928398982172,1.1008629459781334,0,0
4143,3.179762609561875,3.1095758636042965,1.0284362757553005,1.1005364544733443,0,0
4144,3.1081243928798883,3.109596235049158,1.0128037500885976,1.100210232837942,0,0
4145,3.164259814700326,3.1096166817126254,0.987908816858885,1.099884280334781,0,0
4146,3.126078393799103,3.1096372040746743,0.9776641746306968,1.0995585962204892,0,0
4147,3.1474481135824526,3.109657802622694,0.9713516109147048,1.0992331797456625,0,0
4148,3.142872318749888,3.109678477851542,0.9735557074035801,1.098908030155057,0,0
4149,3.134112360259778,3.109699230263582,0.9830498748097888,1.098583146687782,0,0
4150,3.1543075230623496,3.109720060368731,1.0010866275813224,1.0982585285774904,0,0
4151,3.125617439641181,3.1097409686845054,1.0214606171053089,1.0979341750525664,0,0
4152,3.1605481876578416,3.1097619557360563,1.0530498685249303,1.0976100853363127,0,0
4153,3.1209473965389223,3.1097830220562144,1.0791335088372263,1.0972862586471361,0,0
4154,3.1644886599388546,3.109804168185524,1.118336479842104,1.096962694198731,0,0
4155,3.117031628149146,3.1098253946722836,1.1453652970570487,1.0966393912002597,0,0
4156,3.1690670554732243,3.1098467020725784,1.184920435329094,1.0963163488565335,0,0
4157,3.112013422233719,3.1098680909503145,1.2078453003105851,1.0959935663681901,0,0
4158,3.1751022349028073,3.1098895618772495,1.2404221414744647,1.0956710429318681,0,0
4159,3.10566833469581,3.109911115433024,1.254912796687068,1.095348777740383,0,0
4160,3.1820835367811555,3.109932752205186,1.2720103471324375,1.0950267699828962,0,0
4161,3.098998363218134,3.109954472789223,1.275010748366282,1.0947050188450866,0,0
4162,3.1877042252517445,3.1099762777885815,1.2684127460451202,1.094383523509317,0,0
4163,3.0944192946538998,3.1099981678146906,1.260103102065935,1.094062283154799,0,0
4164,3.190373713140001,3.110020143486984,1.2293481611539343,1.0937412969577571,0,0
4165,3.092408057564937,3.110042205432915,1.2131793122824521,1.0934205640915882,0,0
4166,3.191146388684338,3.1100643542879802,1.1689490335979826,1.0931000837270213,0,0
4167,3.0921726888567824,3.110086590695724,1.1511278140288057,1.0927798550322718,0,0
4168,3.1899431646762513,3.11010891530776,1.1094121767786924,1.092459877173198,0,0
4169,3.0940136893414127,3.110131328783776,1.0939265860950917,1.0921401493134502,0,0
4170,3.185813731443267,3.1101538317915463,1.0585121817570025,1.0918206706146218,0,0
4171,3.099960657532515,3.1101764250069333,1.0433804533648912,1.0915014402363945,0,0
4172,3.1744619537946783,3.1101991091138945,1.0110704804344097,1.0911824573366844,0,0
4173,3.114593262499273,3.1102218848044827,0.9964096482452423,1.0908637210717829,0,0
4174,3.157700394110192,3.1102447527788484,0.9783393823721913,1.0905452305964969,0,0
4175,3.132945682530034,3.1102677137452326,0.9722222264994825,1.0902269850642867,0,0
4176,3.1418347164060414,3.1102907684199663,0.9724577102487542,1.0899089836274007,0,0
4177,3.147893218278476,3.1103139175274577,0.9804853173247635,1.0895912254370081,0,0
4178,3.1303198556864573,3.1103371618001883,0.9947720136296643,1.0892737096433287,0,0
4179,3.1571933149679716,3.1103605019786964,1.0185476730412983,1.0889564353957617,0,0
4180,3.1235425596834823,3.1103839388115646,1.0416003995219991,1.088639401843012,0,0
4181,3.162104298900521,3.1104074730554045,1.0768838244146133,1.0883226081332116,0,0
4182,3.119524791653388,3.110431105474831,1.103947586748051,1.0880060534140437,0,0
4183,3.1660733257681923,3.1104548368424503,1.1441331995094455,1.0876897368328584,0,0
4184,3.115291123740823,3.110478667938826,1.1701664055102103,1.0873736575367927,0,0
4185,3.1711847425058903,3.110502599552458,1.207972438717036,1.0870578146728829,0,0
4186,3.109739456348867,3.110526632479752,1.228152402243459,1.0867422073881776,0,0
4187,3.1777194177973502,3.1105507675249875,1.255953869001056,1.0864268348298485,0,0
4188,3.103062061907119,3.1105750055002823,1.2663200328234707,1.0861116961452988,0,0
4189,3.1845475672534627,3.1105993472255573,1.2751390344496203,1.085796790482269,0,0
4190,3.0968984349229287,3.1106237935284966,1.2736091492130468,1.085482116988942,0,0
4191,3.1890102992360645,3.110648345244504,1.2572919005228742,1.0851676748140449,0,0
4192,3.0934356807202827,3.1106730032166605,1.245460648623961,1.0848534631069509,0,0
4193,3.1908778009577916,3.110697768295674,1.2077045145044096,1.084539481017777,0,0
4194,3.0920915424563318,3.1107226413398315,1.190098701896738,1.084225727697483,0,0
4195,3.1909315823369546,3.1107476232149467,1.1453180740774043,1.083912202297965,0,0
4196,3.092609295725931,3.1107727147943045,1.1282611148072126,1.0835989039721512,0,0
4197,3.1888853083542634,3.1107979169586,1.0893505431368968,1.0832858318740948,0,0
4198,3.0954887132924047,3.110823230595883,1.0744568787968747,1.0829729851590637,0,0
4199,3.182527515669031,3.110848656601489,1.0400184844519846,1.0826603629836318,0,0
4200,3.1045267015446094,3.1108741958779795,1.0243911542202877,1.0823479645057676,0,0
4201,3.168358681836137,3.1108998493350675,0.995904920667011,1.082035788884922,0,0
4202,3.1215874913362054,3.110925617889549,0.9835578349766952,1.0817238352821132,0,0
4203,3.151301762128591,3.110951502465228,0.9727679359133469,1.0814121028600154,0,0
4204,3.1392576634286993,3.1109775039928422,0.9715465668894298,1.0811005907830413,0,0
4205,3.13688598236658,3.1110036234099803,0.9776499773834291,1.0807892982174263,0,0
4206,3.1520769467972767,3.1110298616609993,0.9918149850858121,1.0804782243313134,0,0
4207,3.127230505922746,3.1110562196969433,1.010097203641488,1.0801673682948343,0,0
4208,3.159406432506618,3.1110826984754545,1.03890570776573,1.079856729280193,0,0
4209,3.121881829030931,3.1111092989606774,1.0640070061993316,1.0795463064617477,0,0
4210,3.1635513117024714,3.111136022123176,1.102025904023987,1.0792360990160923,0,0
4211,3.118042799504542,3.1111628689398287,1.1293097364480684,1.0789261061221382,0,0
4212,3.167838913319624,3.111189840393738,1.169433378001965,1.0786163269611968,0,0
4213,3.11335139242512,3.11121693747412,1.1937759947750348,1.0783067607170604,0,0
4214,3.173519963818567,3.111244161176208,1.2287445538794608,1.0779974065760856,0,0
4215,3.107290182512093,3.1112715125011463,1.2456096447776617,1.0776882637272744,0,0
4216,3.180406735677274,3.111298992455875,1.2672997670150925,1.0773793313623587,0,0
4217,3.100511126160034,3.111326602053023,1.2732050392348544,1.077070608675883,0,0
4218,3.186630927608542,3.111354342310792,1.2727659769295092,1.0767620948652885,0,0
4219,3.0952387379902686,3.111382214252842,1.2669572335484653,1.076453789131,0,0
4220,3.189933228301578,3.1114102189081656,1.241470554123874,1.0761456906765097,0,0
4221,3.092734173143441,3.111438357310972,1.2267328648944422,1.0758377987084669,0,0
4222,3.191131063141887,3.1114666305005607,1.1841813712546017,1.0755301124367647,0,0
4223,3.092048796797281,3.11149503952119,1.1661702191147707,1.0752226310746313,0,0
4224,3.19042338955215,3.1115235854219505,1.1228699286150454,1.074915353838721,0,0
4225,3.0933535870624205,3.111552269256633,1.1068081068934326,1.0746082799492063,0,0
4226,3.187278484275747,3.111581092083594,1.07031724339521,1.0743014086298746,0,0
4227,3.097826008708671,3.111610054965611,1.0554527147129085,1.0739947391082232,0,0
4228,3.1779434998267178,3.11163915896975,1.0219079200862404,1.0736882706155588,0,0
4229,3.110397636199005,3.1116684051672245,1.0064771940701558,1.0733820023870981,0,0
4230,3.161860849185217,3.111697794633239,0.9839591033943725,1.0730759336620708,0,0
4231,3.128635630930876,3.111727328446855,0.9751200135382447,1.072770063683825,0,0
4232,3.145323125083318,3.11175700769083,0.971282408762027,1.0724643916999352,0,0
4233,3.144806653151353,3.111786833451474,0.9755624893742736,1.0721589169623134,0,0
4234,3.1326425941782965,3.1118168068184873,0.9868932697336035,1.0718536387273212,0,0
4235,3.1554498948790575,3.1118469288848085,1.0070970621599256,1.0715485562558862,0,0
4236,3.124797846744323,3.1118772007464535,1.0285320795529829,1.0712436688136224,0,0
4237,3.161143010810447,3.111907623502352,1.061574710269132,1.0709389756709506,0,0
4238,3.1204261436761107,3.1119381982541867,1.0881017665625203,1.0706344761032254,0,0
4239,3.165050316017099,3.111968926106225,1.1277885239639551,1.0703301693908616,0,0
4240,3.116416870292067,3.111999808165153,1.1545357767597122,1.0700260548194693,0,0
4241,3.169815821831113,3.1120308455398984,1.1935739368333227,1.0697221316799868,0,0
4242,3.1112041424716743,3.112062039341467,1.21556462518544,1.069418399268821,0,0
4243,3.1760449570515834,3.11209339068276,1.2465419685565902,1.0691148568879911,0,0
4244,3.104717723546836,3.112124900678404,1.2595738803688525,1.068811503845273,0,0
4245,3.183018254029834,3.1121565704445637,1.2737807482429908,1.0685083394543524,0,0
4246,3.0981841222296524,3.112188401098768,1.2751079821114502,1.068205363034978,0,0
4247,3.1882340771417774,3.1122203937597255,1.264930142341827,1.0679025739131196,0,0
4248,3.094020135958065,3.1122525495471347,1.255268876428061,1.0675999714211328,0,0
4249,3.190585061141825,3.112284869581506,1.221740602284895,1.067297554897924,0,0
4250,3.092262691848402,3.1123173549839644,1.2049235970189158,1.0669953236891232,0,0
4251,3.191101829478752,3.1123500068760634,1.1602101725174014,1.0666932771472581,0,0
4252,3.0922980376635336,3.112382826379592,1.142616989306143,1.066391414631935,0,0
4253,3.189603917184808,3.1124158146163814,1.1019214005023645,1.066089735510024,0,0
4254,3.0944802430307106,3.1124489727081066,1.0867074677031123,1.0657882391558462,0,0
4255,3.1847614352154103,3.1124823017760934,1.0517350943433654,1.0654869249513683,0,0
4256,3.1014603943507377,3.1125158029411146,1.0363995164589317,1.065185792286401,0,0
4257,3.1722999808997314,3.112549477323194,1.0052049668851764,1.0648848405588007,0,0
4258,3.1171170409707454,3.112583326041399,0.991237983363253,1.0645840691746773,0,0
4259,3.155325908633729,3.1126173502136445,0.9758291241781197,1.0642834775486074,0,0
4260,3.135333274240415,3.1126515509564787,0.9714248504590773,1.063983065103849,0,0
4261,3.139943906401017,3.1126859293848876,0.9738830539884904,1.063682831272565,0,0
4262,3.1495197984989907,3.1127204866120763,0.9841374457073028,1.0633827754960472,0,0
4263,3.1291093752371117,3.11275522374927,0.9999845612151413,1.0630828972249493,0,0
4264,3.158072252644851,3.1127901419054993,1.0256912822889201,1.0627831959195209,0,0
4265,3.12289804844894,3.1128252421873843,1.0495621084379783,1.062483671049848,0,0
4266,3.162636277157773,3.1128605256989346,1.0859649760152865,1.062184322096099,0,0
4267,3.1189952051127356,3.112895993541325,1.1131988160196378,1.0618851485487726,0,0
4268,3.1666961249326184,3.112931646812687,1.1534805848648806,1.061586149908953,0,0
4269,3.1146054690104172,3.1129674866078916,1.1789744191995981,1.061287325688567,0,0
4270,3.172014623516958,3.1130035140183345,1.2158716502865852,1.06098867541065,0,0
4271,3.108861693297991,3.1130397301317174,1.234902202238961,1.0606901986096098,0,0
4272,3.178700582760758,3.113076136031834,1.2606284984144127,1.060391894831502,0,0
4273,3.1021141418525193,3.1131127327983514,1.2693913992888164,1.0600937636343033,0,0
4274,3.1853616962104163,3.1131495215065867,1.2749148491894076,1.0597958045881943,0,0
4275,3.09623763707253,3.113186503227295,1.2717800499838146,1.0594980172758428,0,0
4276,3.1893855919743537,3.113223679026445,1.252013430606982,1.059200401292692,0,0
4277,3.093151058265421,3.1132610499650006,1.2390392258692196,1.0589029562472547,0,0
4278,3.191001543014858,3.113298617098703,1.199239558624627,1.0586056817614082,0,0
4279,3.09204266118801,3.1133363814778483,1.1813721701084998,1.058308577470695,0,0
4280,3.1907798639512053,3.1133743441470627,1.136940892176275,1.0580116430246267,0,0
4281,3.09284408823681,3.1134125061450937,1.1202419312135918,1.0577148780869907,0,0
4282,3.1883772404563744,3.113450868504577,1.082298942914134,1.057418282336161,0,0
4283,3.096219299754532,3.1134894322518236,1.0674869803280513,1.0571218554654127,0,0
4284,3.1809957568997262,3.1135281984065997,1.0333086616098615,1.0568255971832368,0,0
4285,3.1065435822831553,3.1135671679819024,1.0176295062495,1.0565295072136627,0,0
4286,3.16600747778163,3.1136063419837434,0.9911210633250638,1.0562335852965778,0,0
4287,3.124182489945492,3.1136457214109305,0.9799319571045189,1.0559378311880547,0,0
4288,3.1490546122313443,3.113685307254846,0.9717502049858,1.055642244660677,0,0
4289,3.1413823434627326,3.113725100499231,0.9724766797284651,1.05534682550387,0,0
4290,3.1352512783614563,3.1137651021199684,0.9805670299905493,1.055051573524232,0,0
4291,3.1534027978392545,3.1138053130848653,0.9969781177571716,1.0547564885458671,0,0
4292,3.126269053634319,3.113845734353438,1.016507530980094,1.0544615704107205,0,0
4293,3.160084615755885,3.1138863668766965,1.046959694515685,1.0541668189789162,0,0
4294,3.1213361844725895,3.113927211596931,1.0726594463684407,1.053872234129093,0,0
4295,3.1640872979762773,3.113968269447502,1.1114148206957004,1.0535778157587434,0,0
4296,3.1174676087455517,3.1140095413526243,1.1385881233809478,1.0532835637845548,0,0
4297,3.168536586979633,3.114051028227161,1.1784341996488792,1.052989478142747,0,0
4298,3.112589849420896,3.1140927309764144,1.201990878092498,1.052695558789414,0,0
4299,3.174423954725807,3.114134650495915,1.235637792482555,1.0524018057008642,0,0
4300,3.10635968917887,3.114176787671223,1.251157987894798,1.05210821887396,0,0
4301,3.1813805315873807,3.1142191433777184,1.2702657863496274,1.0518147983264587,0,0
4302,3.0996246280818576,3.114261718480401,1.2744973446283436,1.0515215440973507,0,0
4303,3.187274303167166,3.114304513833691,1.2705199131136324,1.0512284562471974,0,0
4304,3.094745292460356,3.1143475302812305,1.2632453151825174,1.0509355348584697,0,0
4305,3.1901991095514166,3.1143907686556873,1.2346553256221178,1.0506427800358822,0,0
4306,3.0925349271882183,3.114434229778561,1.2190470415960042,1.0503501919067282,0,0
4307,3.1911541525082208,3.1144779144599894,1.1753948531358633,1.0500577706212113,0,0
4308,3.092105807118265,3.114521823498562,1.157457752570569,1.0497655163527748,0,0
4309,3.190162230232513,3.1145659576811315,1.1150325845473654,1.0494734292984293,0,0
4310,3.0937136072671017,3.114610317782629,1.0993162706719934,1.0491815096790789,0,0
4311,3.186485281653093,3.1146549045658833,1.063495522164291,1.0488897577398393,0,0
4312,3.0989870449105736,3.114699718781441,1.0484971775744802,1.0485981737503598,0,0
4313,3.1759811120251498,3.1147447611673873,1.0155666005944248,1.0483067580051357,0,0
4314,3.11278454281004,3.1147900324491786,1.0005129678061784,1.04801551082382,0,0
4315,3.159457446088082,3.114835533339466,0.9805236233913595,1.0477244325515305,0,0
4316,3.1311449464218044,3.114881264537932,0.973213693711283,1.0474335235591519,0,0
4317,3.143279312275926,3.114927226731122,0.9717597928465056,1.0471427842436336,0,0
4318,3.1466283862180426,3.114973420592286,0.9781809565877183,1.0468522150282837,0,0
4319,3.1312680041790757,3.1150198467812196,0.9912539268287177,1.0465618163630552,0,0
4320,3.1564909588013492,3.115066505944109,1.013550450735597,1.0462715887248297,0,0
4321,3.124050336900794,3.115113398713382,1.03595079241876,1.0459815326176942,0,0
4322,3.1617056433714,3.1151605257075556,1.0703307619799352,1.0456916485732102,0,0
4323,3.119907589626763,3.115207887531098,1.0972043194429333,1.0454019371506806,0,0
4324,3.1656320729114165,3.115255484774283,1.1372308056215101,1.045112398937407,0,0
4325,3.115777097755155,3.1153033180130554,1.1636007323996285,1.0448230345489404,0,0
4326,3.170594492467265,3.1153513878089,1.2019808166453738,1.0445338446293269,0,0
4327,3.110368515937898,3.1153996947087084,1.2229558871903747,1.0442448298513443,0,0
4328,3.177005600154562,3.115448239244658,1.2521653613499257,1.0439559909167333,0,0
4329,3.103762375186155,3.1154970219340883,1.2636791475720488,1.043667328556418,0,0
4330,3.1839168155072337,3.115546043279385,1.2748327005162123,1.0433788435307225,0,0
4331,3.0974216583383636,3.115595303767868,1.2745025538401993,1.043090536629576,0,0
4332,3.188702569243534,3.1156448038716795,1.2607652842621666,1.042802408672711,0,0
4333,3.093667808593994,3.115694544047683,1.249824448583189,1.0425144605098542,0,0
4334,3.1907656199068293,3.115744524737361,1.2137589035221301,1.0422266930209065,0,0
4335,3.0921509579601465,3.115794746366722,1.1964344034315584,1.0419391071161153,0,0
4336,3.191018008140604,3.1158452093462023,1.151570203721677,1.041651703736238,0,0
4337,3.092462937629912,3.115895914070588,1.1342691481112492,1.0413644838526959,0,0
4338,3.189211866814348,3.115946860918926,1.0946114433933176,1.041077448467718,0,0
4339,3.095026558062205,3.115998050254445,1.0796081754861184,1.040790598614477,0,0
4340,3.183538215227529,3.1160494824244864,1.044969679301161,1.0405039353572139,0,0
4341,3.103158998214479,3.1161011577604345,1.0294444450191877,1.0402174597913538,0,0
4342,3.170051596231429,3.1161530765776466,0.9996939160380443,1.0399311730436107,0,0
4343,3.1196865274542165,3.1162052391753985,0.986598870763272,1.0396450762720835,0,0
4344,3.1529873535482658,3.116257645836827,0.9738628596643671,1.0393591706663408,0,0
4345,3.137632585222354,3.1163102968288783,0.9712632831282293,1.0390734574474958,0,0
4346,3.1381456153414327,3.1163631924022646,0.9758554325299171,1.0387879378682707,0,0
4347,3.151035121667814,3.116416332791417,0.9883629881148058,1.03850261321305,0,0
4348,3.1279921303460454,3.116469718214457,1.0056571613366014,1.0382174847979242,0,0
4349,3.1588687024823856,3.116523348873154,1.0331917524785803,1.0379325539707225,0,0
4350,3.1222988275537715,3.116577224952908,1.0578014742085848,1.0376478221110346,0,0
4351,3.1631632765924067,3.1166313466227162,1.0951881714177185,1.0373632906302206,0,0
4352,3.1184521311041835,3.1166857140351634,1.1224885985051423,1.0370789609714133,0,0
4353,3.1673451839573983,3.1167403273264043,1.1627291657223424,1.0367948346095057,0,0
4354,3.1138923390297415,3.116795186616153,1.187592076028497,1.0365109130511307,0,0
4355,3.172872933269143,3.1168502920076797,1.2234322333277452,1.0362271978346285,0,0
4356,3.107962334338803,3.116905643587815,1.2412399322359429,1.035943690530002,0,0
4357,3.1796856773375253,3.1169612414269454,1.2647066186254963,1.0356603927388657,0,0
4358,3.101181162644435,3.1170170855790276,1.271830557363359,1.0353773060943772,0,0
4359,3.1861170266875765,3.1170731760816035,1.2739473197756095,1.0350944322611637,0,0
4360,3.09563880517956,3.117129512955815,1.2692512561056863,1.0348117729352353,0,0
4361,3.1897159281019944,3.1171860962064257,1.2461384203318946,1.0345293298438862,0,0
4362,3.092899366378442,3.117242925821852,1.2321105284242417,1.034247104745588,0,0
4363,3.1910898352522814,3.1173000017741876,1.1905955830053054,1.0339650994298704,0,0
4364,3.0920319358858137,3.1173573240192423,1.1726001104225117,1.033683315717193,0,0
4365,3.1905888615422433,3.117414892496584,1.1287511189105033,1.0334017554588038,0,0
4366,3.0931213259733714,3.117472707129577,1.1124217426341267,1.0331204205365911,0,0
4367,3.187781844597087,3.117530767825432,1.0753576301063057,1.0328393128629216,0,0
4368,3.097087618297772,3.1175890744752572,1.060545197730068,1.0325584343804717,0,0
4369,3.1792932438107138,3.1176476269541173,1.0266831189296144,1.032277787062045,0,0
4370,3.108717206340527,3.117706425121087,1.011088018233327,1.0319973729103833,0,0
4371,3.1636223258199845,3.1177654688193197,0.9868079038287216,1.031717193957966,0,0
4372,3.126763040505356,3.1178247578761114,0.9769246935098845,1.0314372522668,0,0
4373,3.1468746831033028,3.117884292102976,0.9712797718347301,1.0311575499282013,0,0
4374,3.1433983744211367,3.1179440712957134,0.9740299045227094,1.0308780890625648,0,0
4375,3.1337116569199175,3.118004095234493,0.9840219912907151,1.0305988718191277,0,0
4376,3.154621863326648,3.1180643636839345,1.0026420245130323,1.0303199003757222,0,0
4377,3.1253916840431053,3.118124876393191,1.0233084360843132,1.03004117693852,0,0
4378,3.1607103777560535,3.1181856330960382,1.055295732422246,1.0297627037417678,0,0
4379,3.1208078874443266,3.1182466335109686,1.081506636410684,1.0294844830475147,0,0
4380,3.164636453215459,3.118307877341282,1.1208526326461243,1.029206517145331,0,0
4381,3.1168702848716685,3.1183693642751877,1.1478159363021252,1.0289288083520192,0,0
4382,3.1692635377563314,3.1184310939859023,1.1872470479616386,1.0286513590113169,0,0
4383,3.111800546925899,3.118493066131755,1.2099312754658156,1.028374171493592,0,0
4384,3.17535132756255,3.118555280356295,1.2420982539227947,1.0280972481955313,0,0
4385,3.105415965012439,3.1186177362883973,1.2562065614312887,1.0278205915398202,0,0
4386,3.1823354236255867,3.1186804335423823,1.272550965802329,1.0275442039748182,0,0
4387,3.0987768489866667,3.118743371718122,1.2751048833496639,1.0272680879742226,0,0
4388,3.1878515576469284,3.118806550401162,1.2675534177887138,1.0269922460367322,0,0
4389,3.094308089309885,3.1188699691628394,1.258877029721054,1.0267166806856989,0,0
4390,3.1904329757156,3.1189336275604056,1.227362472428012,1.0264413944687767,0,0
4391,3.092366178952281,3.11899752513715,1.2110076368763871,1.0261663899575635,0,0
4392,3.191138357852045,3.1190616614225255,1.1666148803733358,1.0258916697472376,0,0
4393,3.092202214419455,3.119126035932276,1.148847075084687,1.025617236456188,0,0
4394,3.18985757679026,3.119190648168568,1.107398691445497,1.0253430927256404,0,0
4395,3.0941310288965584,3.119255497620123,1.0919907163558753,1.0250692412192792,0,0
4396,3.1855494917062313,3.119320583762347,1.0567061630826617,1.0247956846228616,0,0
4397,3.1003404458973542,3.1193859060574707,1.0415213516435724,1.0245224256438312,0,0
4398,3.173895830815224,3.1194514639546824,1.0094769583563792,1.0242494670109246,0,0
4399,3.1152595442609012,3.1195172568902687,0.9949831384554134,1.0239768114737742,0,0
4400,3.1570653140856755,3.1195832842877524,0.9776180359608091,1.0237044618025095,0,0
4401,3.1335894646837734,3.1196495455580346,0.9719475469373463,1.0234324207873529,0,0
4402,3.141322282257264,3.1197160400995347,0.9727838378925652,1.0231606912382114,0,0
4403,3.1483373166989472,3.119782767298336,0.9814007737249825,1.0228892759842685,0,0
4404,3.12998831341038,3.119849726528328,0.9961138076936905,1.02261817787357,0,0
4405,3.15743595026512,3.1199169171513517,1.0204135329656687,1.0223473997726091,0,0
4406,3.1233659018518014,3.119984338517346,1.0436919752294207,1.0220769445659086,0,0
4407,3.1622469389038916,3.1200519899644923,1.0792863689425425,1.0218068151556015,0,0
4408,3.1193848204214127,3.120119870819366,1.106405519074295,1.0215370144610085,0,0
4409,3.1662367045749655,3.120187980397079,1.1466302630370115,1.0212675454182145,0,0
4410,3.1151111831475475,3.120256318001433,1.1725288538554044,1.0209984109796455,0,0
4411,3.1714029033273405,3.1203248829250634,1.2101072021309323,1.0207296141136397,0,0
4412,3.1095079411017212,3.12039367444959,1.229988390646182,1.020461157804023,0,0
4413,3.1779799549296044,3.1204626918457703,1.2572550159558789,1.0201930450496801,0,0
4414,3.1028086366417713,3.1205319343736426,1.2671983196952863,1.0199252788641253,0,0
4415,3.184769755748507,3.12060140128268,1.2751518523973402,1.0196578622750752,0,0
4416,3.0967164769655753,3.120671091811938,1.273190841084825,1.0193907983240178,0,0
4417,3.189114999920415,3.1207410051902045,1.255946513719429,1.0191240900657856,0,0
4418,3.0933564610596265,3.1208111406361496,1.2438026973466776,1.018857740568125,0,0
4419,3.190914105942131,3.1208814973584764,1.2054719111735381,1.0185917529112678,0,0
4420,3.0920748600669836,3.120952074556064,1.1877828934502745,1.0183261301875044,0,0
4421,3.1908950031106484,3.1210228714181256,1.143070075067807,1.018060875500756,0,0
4422,3.0926677977655253,3.1210938871243497,1.1261062308992764,1.0177959919661486,0,0
4423,3.1887575796173486,3.1211651208450495,1.0874602271666072,1.0175314827095865,0,0
4424,3.0956711698584236,3.121236571741312,1.0725961596498073,1.0172673508673307,0,0
4425,3.1821368415894384,3.1213082389651454,1.038226126230485,1.0170035995855742,0,0
4426,3.105047216058157,3.1213801216596218,1.022573744193469,1.0167402320200223,0,0
4427,3.167736885575247,3.121452218959026,0.9945868534918266,1.016477251335473,0,0
4428,3.1222787839362347,3.1215245299890007,0.9825329302340445,1.0162146607053995,0,0
4429,3.1506973294036236,3.121597053866688,0.9724434230106707,1.0159524633115349,0,0
4430,3.1398338345649695,3.1216697897008756,0.9717331009053463,1.015690662343459,0,0
4431,3.1364413861092806,3.121742736592138,0.9783738388328076,1.0154292609981874,0,0
4432,3.1524405727273277,3.1218158936329803,0.9931392388370547,1.0151682624797633,0,0
4433,3.1269659662943083,3.121889259907972,1.0117646886424485,1.0149076699988506,0,0
4434,3.1595928230834414,3.121962834493896,1.0410213822342413,1.0146474867723314,0,0
4435,3.1217342916410122,3.1220366164598836,1.0662902630988726,1.0143877160229045,0,0
4436,3.163693049298706,3.1221106048675478,1.1045194789987682,1.014128360978689,0,0
4437,3.117891662023949,3.122184798771127,1.131783719677732,1.0138694248728286,0,0
4438,3.168021885610134,3.122259197217616,1.1718467883798334,1.0136109109431002,0,0
4439,3.113151324150975,3.1223337992469027,1.1959886976763658,1.0133528224315242,0,0
4440,3.173758273591661,3.122408603891898,1.230620498276104,1.0130951625839821,0,0
4441,3.1070439027947443,3.1224836101786693,1.2471341468597206,1.0128379346498315,0,0
4442,3.1806673633761817,3.122558817126574,1.268154629101375,1.0125811418815296,0,0
4443,3.100271750298558,3.1226342237483866,1.2736152367453615,1.0123247875342571,0,0
4444,3.186808735715399,3.122709829050423,1.2722391355940565,1.0120688748655478,0,0
4445,3.095101595167273,3.1227856320326732,1.2660341001073443,1.01181340713492,0,0
4446,3.1900073139448133,3.122861631688924,1.239705211719621,1.0115583876035132,0,0
4447,3.092678191883737,3.1229378270068833,1.2247243156373633,1.0113038195337265,0,0
4448,3.1911409747605437,3.1230142169683037,1.1818443461515804,1.011049706188864,0,0
4449,3.0920601357088615,3.1230908005491003,1.163842665225801,1.0107960508327807,0,0
4450,3.190357921306262,3.1231675767194766,1.1207626849711525,1.0105428567295347,0,0
4451,3.0934443496117496,3.1232445444440367,1.1047955959637328,1.0102901271430422,0,0
4452,3.1870800221580207,3.1233217026819076,1.0684961030809061,1.0100378653367368,0,0
4453,3.0981171636592673,3.1233990503868494,1.0536025056221525,1.0097860745732328,0,0
4454,3.177434100618843,3.123476586507376,1.0201982712791633,1.009534758113993,0,0
4455,3.1110232294532323,3.1235543099868615,1.0048503635611228,1.009283919219,0,0
4456,3.1612205875501984,3.1236322197636555,0.9829932339662285,1.0090335611464316,0,0
4457,3.1293092800333873,3.12371031477119,0.9745498581048314,1.0087836871523417,0,0
4458,3.144770661120899,3.123788593938091,0.9713561441880575,1.0085343004903433,0,0
4459,3.145302812442717,3.1238670561882818,0.9762003958910236,1.0082854044112965,0,0
4460,3.13226724697096,3.123945700441091,0.9880046548936318,1.0080370021630023,0,0
4461,3.1557368451557566,3.1240245256113535,1.0087737297439325,1.007789096989898,0,0
4462,3.1245920900132798,3.124103530609517,1.030474787101535,1.0075416921327587,0,0
4463,3.1612955225687167,3.124182714341737,1.0638851485330463,1.0072947908284016,0,0
4464,3.120288094381498,3.124262075709984,1.0905141414176858,1.0070483963093975,0,0
4465,3.1652031470975195,3.1243416136121325,1.130305344919125,1.0068025118037809,0,0
4466,3.1162489937316487,3.1244213269420644,1.1569613920515789,1.0065571405347715,0,0
4467,3.1700202608383687,3.1245012145897597,1.1958381936790432,1.0063122857204931,0,0
4468,3.1109841375085097,3.1245812754413933,1.2175662458275867,1.0060679505737022,0,0
4469,3.1762991844385375,3.124661508379424,1.2480895230393914,1.0058241383015172,0,0
4470,3.1044635334595703,3.1247419122826865,1.260722705051014,1.0055808521051532,0,0
4471,3.183261479765721,3.124822486026481,1.2741317661016311,1.0053380951796616,0,0
4472,3.097975759475318,3.1249032284826597,1.2750156435260211,1.005095870713672,0,0
4473,3.1883646390856253,3.124984138519714,1.2638865870460283,1.00485418188914,0,0
4474,3.0939219815798578,3.125065215002858,1.253877360014476,1.0046130318810989,0,0
4475,3.1906361866849147,3.125146456794115,1.2196488719511456,1.0043724238574143,0,0
4476,3.0922295649433966,3.1252278627523964,1.2026827752743265,1.0041323609785442,0,0
4477,3.1910833415754762,3.12530943173358,1.1578978162874702,1.003892846397302,0,0
4478,3.0923380777201204,3.1253911625905992,1.140376940458915,1.003653883258625,0,0
4479,3.1895049994449085,3.1254730541735096,1.0999578946386295,1.0034154746993451,0,0
4480,3.094617242995962,3.1255551053295716,1.0848064969313973,1.0031776238479655,0,0
4481,3.184452832023308,3.1256373149033245,1.0499322334235082,1.0029403338244387,0,0
4482,3.101893528594609,3.1257196817366615,1.0345428044270817,1.0027036077399518,0,0
4483,3.171708828530377,3.125802204668899,1.0037005532164798,1.002467448696713,0,0
4484,3.1177977988745056,3.1258848825368504,0.9899486774686111,1.0022318597877427,0,0
4485,3.1546990965669295,3.1259677141748994,0.9752521927790492,1.0019968440966687,0,0
4486,3.135954661736335,3.1260506984150607,0.971319885169251,1.001762404697526,0,0
4487,3.139455899153775,3.1261338340870553,0.9743548714256779,1.0015285446545585,0,0
4488,3.149934146622382,3.126217120018371,0.9852075432801451,1.001295267022026,0,0
4489,3.1288028120031117,3.126300555034334,1.001451256002605,1.001062574844014,0,0
4490,3.1582920133243575,3.1263841379581656,1.0276549731048035,1.000830471154247,0,0
4491,3.1227344899443,3.12646786761105,1.051730261372073,1.0005989589759074,0,0
4492,3.1627767613923523,3.1265517428121936,1.0884086414563554,1.000368041321455,0,0
4493,3.11885208003732,3.126635762378888,1.1156703179163454,1.0001377211924525,0,0
4494,3.1668663415921814,3.1267199251265665,1.1559544674862885,0.9999080015793926,0,0
4495,3.1144182678673586,3.126804229868861,1.181289173441297,0.9996788854615312,0,0
4496,3.1722404641294233,3.1268886754176664,1.2179195052945486,0.9994503758067201,0,0
4497,3.1086242073369146,3.126973260583187,1.2366314868770187,0.9992224755712478,0,0
4498,3.178962810238081,3.1270579841740003,1.26177421188346,0.9989951876996789,0,0
4499,3.1018638810383723,3.1271428449971044,1.2701036897633646,0.998768515124701,0,0
4500,3.1855688262622786,3.1272278418579735,1.2747298205579467,0.9985424607669723,0,0
4501,3.0960720882692043,3.127312973560611,1.2711746138299955,0.9983170275349729,0,0
4502,3.18947768868327,3.1273982389076003,1.2505056862455033,0.99809221832486,0,0
4503,3.0930809484702864,3.1274836367001497,1.237241744571935,0.997868036020326,0,0
4504,3.191028596542291,3.1275691657381515,1.1969521380463741,0.997644483492459,0,0
4505,3.0920360373288136,3.1276548248202203,1.1790380136378966,0.9974215635996079,0,0
4506,3.190732852683439,3.1277406127437444,1.134740888890905,0.9971992791872483,0,0
4507,3.0929136654966585,3.1278265283049325,1.1181400080437693,0.996977633087854,0,0
4508,3.188227954421795,3.1279125702988595,1.0804409407264104,0.9967566281207698,0,0
4509,3.0964360851349646,3.1279987375195097,1.0656369585870358,0.9965362670920872,0,0
4510,3.180558578952907,3.1280850287598185,1.0315339078279684,0.9963165527945242,0,0
4511,3.1071080724751377,3.1281714428117238,1.0158625100900673,0.9960974880073071,0,0
4512,3.165374892888668,3.128257978466196,0.9899251988525125,0.9958790754960548,0,0
4513,3.1248719481163447,3.128344634513288,0.9790699697781733,0.9956613180126664,0,0
4514,3.1484671394336217,3.1284314097421735,0.97157148169648,0.9954442182952125,0,0
4515,3.1419299869806188,3.128518302941188,0.9728296471838636,0.995227779067827,0,0
4516,3.13483197725053,3.128605312897863,0.9814348799695385,0.9950120030406034,0,0
4517,3.153737775164545,3.1286924383989727,0.9984388268367925,0.9947968929094932,0,0
4518,3.1260274238873955,3.1287796782305617,1.0182815089572812,0.9945824513562072,0,0
4519,3.160255888591271,3.1288670311779914,1.049153189891925,0.9943686810481182,0,0
4520,3.1211941863425774,3.1289544960259708,1.0749978289979432,0.9941555846381683,0,0
4521,3.164232052396447,3.129042071558594,1.1139247526186047,0.9939431647647768,0,0
4522,3.11731078816605,3.1291297565593728,1.1410517570572345,0.9937314240517513,0,0
4523,3.1687272881282307,3.129217549811276,1.180800818396974,0.9935203651082023,0,0
4524,3.112382350139317,3.129305450096759,1.2041335075030393,0.993309990528458,0,0
4525,3.174668739260941,3.1293934561978,1.2374019833292442,0.9931003028919837,0,0
4526,3.10610949756785,3.129481566895929,1.2525526074145463,0.9928913047633019,0,0
4527,3.1816370704288404,3.1295697809722647,1.2709419005958955,0.9926829986919167,0,0
4528,3.099394735255945,3.1296580972075403,1.2747266025295612,0.9924753872122375,0,0
4529,3.1874344481691863,3.1297465143821417,1.2697995858471685,0.9922684728435085,0,0
4530,3.0946235628185192,3.1298350312761323,1.2621452082309148,0.9920622580897374,0,0
4531,3.190264424947113,3.129923646669287,1.2327576883820301,0.9918567454396288,0,0
4532,3.0924869561141395,3.130012359341117,1.2169379511439844,0.9916519373665174,0,0
4533,3.191153766194302,3.130101168070905,1.1730536306496928,0.9914478363283059,0,0
4534,3.092127628874067,3.1301900716377298,1.1551530140397486,0.9912444447674033,0,0
4535,3.1900854927507942,3.1302790688204962,1.112980079676738,0.9910417651106656,0,0
4536,3.093818759993502,3.130368158397961,1.0973501496962668,0.9908397997693389,0,0
4537,3.186250833892491,3.130457339148766,1.0616852439602775,0.9906385511390047,0,0
4538,3.099328194949882,3.130546609851456,1.046641200136331,0.9904380215995273,0,0
4539,3.1754369331669223,3.130635969284517,1.0139177060930178,0.9902382135150025,0,0
4540,3.113436074481307,3.1307254162263902,0.9989952055141103,0.9900391292337094,0,0
4541,3.158818693545438,3.1308149494555084,0.9796975943674323,0.9898407710880628,0,0
4542,3.1318028992731755,3.1309045677503167,0.9728139912838893,0.9896431413945695,0,0
4543,3.142749485617699,3.130994269889299,0.9719790802685535,0.9894462424537845,0,0
4544,3.1470944799216323,3.1310840546510037,0.9789801649444299,0.9892500765502712,0,0
4545,3.1309179695624447,3.1311739208140654,0.9925001860110761,0.9890546459525609,0,0
4546,3.1567517371814753,3.131263867157236,1.0153394082545026,0.9888599529131172,0,0
4547,3.123862308982451,3.131353892459401,1.037981805666935,0.9886659996683002,0,0
4548,3.161851449193019,3.131443995499611,1.072697495019406,0.9884727884383328,0,0
4549,3.119769045136629,3.1315341750571,1.0996464352316662,0.9882803214272703,0,0
4550,3.165790754604874,3.1316244299113145,1.139739423968923,0.9880886008229697,0,0
4551,3.1156023575024796,3.131714758841928,1.1659929530880897,0.9878976287970621,0,0
4552,3.1708068843902013,3.1318051606288737,1.20417367589258,0.9877074075049277,0,0
4553,3.110141714070174,3.131895634052364,1.2248649621958467,0.9875179390856702,0,0
4554,3.1772639278724113,3.131986177892911,1.2535744169712106,0.9873292256620955,0,0
4555,3.1035079494165565,3.1320767909313525,1.2646747582525286,0.9871412693406899,0,0
4556,3.1841487786050973,3.132167471948872,1.2749897355347124,0.9869540722116023,0,0
4557,3.0972280886973897,3.132258219727024,1.2742222671230135,0.9867676363486267,0,0
4558,3.1888176278524045,3.1323490330477526,1.2595446666944854,0.9865819638091866,0,0
4559,3.0935811242221756,3.1324399106934173,1.2482757781219938,0.986397056634321,0,0
4560,3.19080836863825,3.1325308514468113,1.2115789425870527,0.9862129168486731,0,0
4561,3.092127135586747,3.1326218540911888,1.1941434488286033,0.9860295464604796,0,0
4562,3.190989075563403,3.132712917410279,1.149291486170702,0.9858469474615621,0,0
4563,3.0925135597950386,3.132804040188315,1.132076620248697,0.9856651218273202,0,0
4564,3.1890974417544165,3.1328952212100547,1.0926925923313988,0.9854840715167262,0,0
4565,3.09518776110806,3.1329864592607954,1.077733747431514,0.9853037984723216,0,0
4566,3.1831825342098354,3.1330777531264045,1.0431708558602344,0.9851243046202149,0,0
4567,3.103643890467081,3.133169101593337,1.0276036603312326,0.9849455918700818,0,0
4568,3.1694408614354512,3.1332605034486547,0.9982925788389428,0.9847676621151656,0,0
4569,3.1203755445096015,3.133351957480052,0.9854586970443069,0.9845905172322816,0,0
4570,3.152372285871431,3.133443462475876,0.973431385167952,0.9844141590818203,0,0
4571,3.1382286984311407,3.133535017225146,0.9713269046751253,0.9842385895077537,0,0
4572,3.137682545726443,3.1336266205175782,0.9764728311784259,0.9840638103376448,0,0
4573,3.15142006686915,3.1337182711436036,0.9895821595786393,0.9838898233826547,0,0
4574,3.1277100802453304,3.1338099678943934,1.0072421695819127,0.9837166304375555,0,0
4575,3.15906815300835,3.133901709561877,1.0352457504521102,0.9835442332807416,0,0
4576,3.1221455349900324,3.1339934949387662,1.060038901394324,0.9833726336742444,0,0
4577,3.1633037954860477,3.1340853228185765,1.0976639545592937,0.983201833363749,0,0
4578,3.118304715786422,3.1341771919956485,1.1249647276127035,0.9830318340786096,0,0
4579,3.1675226407874177,3.134269101265167,1.165171328020218,0.9828626375318704,0,0
4580,3.1136977396405165,3.134361049423189,1.1898509668160502,0.9826942454202854,0,0
4581,3.1731061290700615,3.134453035266658,1.2253842532581658,0.9825266594243397,0,0
4582,3.1077195019342576,3.134545057593435,1.2428542127063584,0.982359881208275,0,0
4583,3.179947767223201,3.134637115202311,1.2656877081073092,0.9821939124201124,0,0
4584,3.1009363184254504,3.1347292068930366,1.2723705974250143,0.982028754691682,0,0
4585,3.186307588260474,3.1348213314663416,1.2735645194849978,0.9818644096386487,0,0
4586,3.0954897907986503,3.134913487723957,1.2684611777403292,0.9817008788605441,0,0
4587,3.189797107392824,3.1350056744686383,1.24447808440382,0.9815381639407962,0,0
4588,3.092837541339383,3.135097890504188,1.2301860362051302,0.9813762664467639,0,0
4589,3.191107142455165,3.1351901346354794,1.1882727121061682,0.981215187929771,0,0
4590,3.0920356216122293,3.135282405668477,1.1702642378013863,0.9810549299251419,0,0
4591,3.1905313077042883,3.1353747024102643,1.1266037696767925,0.9808954939522396,0,0
4592,3.0932026904956493,3.1354670236690616,1.1103723433023516,0.9807368815145056,0,0
4593,3.1876061916565415,3.135559368254253,1.0735238541052534,0.980579094099499,0,0
4594,3.0973451159225305,3.1356517349764097,1.058697429488724,0.9804221331789403,0,0
4595,3.178812745855087,3.1357441226473135,1.0249399004664197,0.9802660002087541,0,0
4596,3.1093194152924752,3.1358365300799793,1.0093938625268797,0.9801106966291155,0,0
4597,3.162983665747305,3.1359289560886823,0.9857423818512376,0.9799562238644961,0,0
4598,3.127445245563282,3.136021399488977,0.9762301020824399,0.9798025833237122,0,0
4599,3.14630664535431,3.136113859097732,0.9712467085432065,0.9796497763999757,0,0
4600,3.1439165065960784,3.136206333733142,0.9745478877118638,0.9794978044709449,0,0
4601,3.1333177066604683,3.1362988222147608,0.9850315564637233,0.9793466688987773,0,0
4602,3.154928815208167,3.136391323363526,1.004230600675888,0.9791963710301844,0,0
4603,3.1251714532757284,3.1364838360017813,1.0251821689407827,0.9790469121964875,0,0
4604,3.160869689743542,3.1365763589533042,1.0575595751999933,0.9788982937136758,0,0
4605,3.120668975401191,3.1366688910433322,1.0838911390446166,0.9787505168824637,0,0
4606,3.1647854957568207,3.1367614310985865,1.1233698395327443,0.9786035829883539,0,0
4607,3.116707239440226,3.1368539779473017,1.1502607338191826,0.9784574933016968,0,0
4608,3.16946213339896,3.1369465304192468,1.1895579395480897,0.9783122490777562,0,0
4609,3.1115857468486325,3.1370390873457605,1.2119955901305088,0.9781678515567722,0,0
4610,3.1756018766738165,3.13713164755977,1.243741097428655,0.9780243019640298,0,0
4611,3.105162972096801,3.137224209895821,1.2574625626937503,0.9778816015099254,0,0
4612,3.1825852655317672,3.1373167731901064,1.27304160441834,0.9777397513900372,0,0
4613,3.0985586526729647,3.1374093362804936,1.2751495797319827,0.9775987527851953,0,0
4614,3.1879943272391316,3.1375018980065525,1.2666443958621643,0.977458606861555,0,0
4615,3.0942005113993756,3.1375944572095804,1.2576061575702222,0.9773193147706698,0,0
4616,3.1904900741167217,3.1376870127326355,1.2253469032413602,0.9771808776495678,0,0
4617,3.0923265770103505,3.137779563420562,1.2088157019158023,0.977043296620828,0,0
4618,3.1911275438414983,3.1378721081200225,1.164285235576881,0.9769065727926581,0,0
4619,3.092234537529945,3.137964645679523,1.1465763551808803,0.9767707072589754,0,0
4620,3.1897686047526257,3.1380571749494437,1.1053989398289792,0.9766357010994865,0,0
4621,3.0942532239284106,3.1381496947820735,1.0900648966657172,0.9765015553797719,0,0
4622,3.1852738128844655,3.1382422040316307,1.0549011606451293,0.9763682711513678,0,0
4623,3.1007344497740115,3.138334701554301,1.0396619181204452,0.9762358494518536,0,0
4624,3.1733224969376317,3.138427186208268,1.0079056862429991,0.9761042913049373,0,0
4625,3.1159303055499046,3.138519656853737,0.9935918243200095,0.9759735977205446,0,0
4626,3.15643207815565,3.1386121123529733,0.9769349914059563,0.975843769694908,0,0
4627,3.1342276067596306,3.13870455157033,0.971718157650683,0.9757148082106593,0,0
4628,3.1408162846935395,3.1387969733722816,0.9731487577915565,0.9755867142369195,0,0
4629,3.1487734627995643,3.138889376627453,0.9823578808369017,0.9754594887293951,0,0
4630,3.1296634545514164,3.138981760206653,0.9974894825423974,0.9753331326304727,0,0
4631,3.157672268632075,3.1390741229829096,1.0223062111213677,0.9752076468693143,0,0
4632,3.123193007047918,3.139166463831496,1.0458046280708764,0.9750830323619561,0,0
4633,3.162388771820854,3.139258781629971,1.0817007366862772,0.9749592900114084,0,0
4634,3.1192441359759244,3.139351075258206,1.1088679554184557,0.9748364207077547,0,0
4635,3.166401859225909,3.1394433435984226,1.1491219878815015,0.9747144253282541,0,0
4636,3.1149293264589137,3.139535585535224,1.1748794008690364,0.9745933047374451,0,0
4637,3.171623133858297,3.1396277999556297,1.2122196910802816,0.9744730597872489,0,0
4638,3.109274781376282,3.139719985749109,1.2317967654053368,0.9743536913170753,0,0
4639,3.178241101476372,3.139812141807616,1.2585156999019227,0.9742352001539302,0,0
4640,3.1025558437217264,3.1399042670256265,1.2680330610400425,0.974117587112523,0,0
4641,3.184988113946782,3.1399963603001666,1.2751120736516282,0.974000852995376,0,0
4642,3.096538842496488,3.1400884205308546,1.272722540796989,0.9738849985929353,0,0
4643,3.1892161722222916,3.140180446619933,1.254556994893732,0.9737700246836822,0,0
4644,3.093279774681523,3.1402724374723054,1.2421064731089806,0.9736559320342459,0,0
4645,3.1909480000675674,3.1403643919955706,1.203222796716439,0.973542721399518,0,0
4646,3.0920608240028695,3.1404563091000597,1.1854604886177758,0.9734303935227668,0,0
4647,3.190855649367728,3.1405481876988746,1.140834253721671,0.9733189491357546,0,0
4648,3.0927292019755424,3.14064002670792,1.1239653505947573,0.9732083889588536,0,0
4649,3.1886245290514097,3.1407318250459446,1.0855792834520281,0.9730987137011659,0,0
4650,3.095862147246328,3.140823581634572,1.0707391801586577,0.9729899240606411,0,0
4651,3.1817335779157676,3.1409152953983486,1.0364373102907682,0.9728820207241983,0,0
4652,3.1055800017987245,3.1410069652647685,1.0207675992911662,0.9727750043678464,0,0
4653,3.167111741714788,3.1410985901643187,0.993300417035391,0.9726688756568072,0,0
4654,3.1229701350812094,3.1411901690305153,0.9815508399916946,0.9725636352456382,0,0
4655,3.150097147778272,3.14128170079994,0.9721577417155842,0.9724592837783571,0,0
4656,3.140402538782743,3.1413731844122803,0.9719640817469946,0.9723558218885668,0,0
4657,3.1360035164747107,3.141464618810365,0.9791362020698283,0.9722532501995815,0,0
4658,3.1527965196889554,3.141556002940207,0.9945006270295917,0.9721515693245537,0,0
4659,3.12670764933015,3.1416473357510353,1.0134611979037846,0.9720507798666012,0,0
4660,3.1597748810480613,3.1417386161953407,1.043158489805447,0.9719508824189367,0,0
4661,3.1215884827531006,3.1418298432289102,1.0685890484102016,0.9718518775649956,0,0
4662,3.1638354483849116,3.1419210158108686,1.1070182994675908,0.9717537658785673,0,0
4663,3.117739073442492,3.1420121329037123,1.1342557799125086,0.9716565479239246,0,0
4664,3.1682068949753313,3.142103193473357,1.1742486013984699,0.9715602242559563,0,0
4665,3.112949270872658,3.142194196489171,1.1981835439014026,0.9714647954202977,0,0
4666,3.173998368154058,3.1422851409240153,1.2324676018351641,0.9713702619534643,0,0
4667,3.1067964861405883,3.1423760257542863,1.2486249133860159,0.9712766243829841,0,0
4668,3.1809271470279015,3.142466849959949,1.2689626130805876,0.9711838832275319,0,0
4669,3.100034673520719,3.1425576125245858,1.2739776647941252,0.9710920389970633,0,0
4670,3.186981849478306,3.1426483124354285,1.2716603927999375,0.9710010921929485,0,0
4671,3.0949686587741922,3.1427389486834016,1.2650633024001403,0.9709110433081087,0,0
4672,3.1900789794993822,3.142829520263161,1.2379033559541712,0.9708218928271506,0,0
4673,3.0926243253492434,3.1429200261731345,1.2226873501735351,0.9707336412265022,0,0
4674,3.1911481638779704,3.143010465415563,1.1795045544944558,0.9706462889745495,0,0
4675,3.0920742625326265,3.143100836996537,1.161519962912785,0.9705598365317726,0,0
4676,3.190289518550056,3.143191139926041,1.1186700867127206,0.9704742843508819,0,0
4677,3.0935387394420455,3.1432813732179885,1.1027959390277553,0.970389632876956,0,0
4678,3.1868725255973858,3.143371535890266,1.0666785281991717,0.9703058825475777,0,0
4679,3.09842122536107,3.143461626964772,1.0517508744873287,0.9702230337929717,0,0
4680,3.1769149018924216,3.143551645467454,1.0185031070709836,0.9701410870361419,0,0
4681,3.1116563968745017,3.1436415904283534,1.003250711546682,0.9700600426930083,0,0
4682,3.1605803203218747,3.1437314608816394,0.9820642084017538,0.9699799011725442,0,0
4683,3.129979186398361,3.143821255865655,0.9740250462360232,0.9699006628769146,0,0
4684,3.144224082416867,3.14391097442295,0.9714686372913881,0.9698223282016115,0,0
4685,3.145790967531095,3.1440006156003264,0.9768815287297674,0.969744897535593,0,0
4686,3.131898647727956,3.1440901784488737,0.9891524346229968,0.9696683712614182,0,0
4687,3.156016687706907,3.1441796620240106,1.0104811672714662,0.9695927497553857,0,0
4688,3.1243912918304226,3.144269065385522,1.032441653824299,0.9695180333876678,0,0
4689,3.161445966671991,3.144358387597599,1.0662114051462201,0.9694442225224493,0,0
4690,3.1201500914285503,3.1444476277288804,1.0929353658476924,0.9693713175180612,0,0
4691,3.1653574656381225,3.144536784852486,1.1328208406945406,0.9692993187271163,0,0
4692,3.1160793180300757,3.144625858046059,1.1593789285381064,0.9692282264966453,0,0
4693,3.1702268224933197,3.1447148463918038,1.1980843187197994,0.9691580411682299,0,0
4694,3.110762285466062,3.1448037489765226,1.219544019428822,0.9690887630781373,0,0
4695,3.1765546140428356,3.1448925648916535,1.2496011676337415,0.9690203925574538,0,0
4696,3.1042091138041172,3.144981293233309,1.2618315152834163,0.9689529299322166,0,0
4697,3.1835019530207087,3.1450699331023144,1.274431492277979,0.9688863755235466,0,0
4698,3.0977711945439204,3.1451584836042428,1.2748733417415181,0.9688207296477795,0,0
4699,3.188490930716128,3.1452469438494504,1.2627951346358397,0.9687559926165963,0,0
4700,3.0938270356481135,3.1453353129531183,1.2524431327202616,0.9686921647371521,0,0
4701,3.19068511813408,3.1454235900352834,1.2175318400665198,0.968629246312207,0,0
4702,3.092198863110149,3.1455117742208785,1.2004267456053783,0.9685672376402518,0,0
4703,3.191062069560575,3.145599864639763,1.1555933652013155,0.9685061390156364,0,0
4704,3.0923809253857493,3.145687860426763,1.1381489896603398,0.9684459507286949,0,0
4705,3.1894022011078325,3.1457757607217034,1.0980068667934184,0.9683866730658707,0,0
4706,3.0947601986166737,3.145863564669444,1.0829134504737048,0.9683283063098409,0,0
4707,3.184131871399592,3.1459512714199103,1.0481301605997697,0.9682708507396378,0,0
4708,3.1023407043790754,3.146038880128131,1.0326887651909913,0.9682143066307709,0,0
4709,3.171111939924902,3.14612638995427,1.00222231101765,0.9681586742553471,0,0
4710,3.1184813511523806,3.1462138000636575,0.9886980474874606,0.9681039538821892,0,0
4711,3.1540750858020132,3.1463011096268247,0.9747139306355402,0.9680501457769536,0,0
4712,3.136569568912899,3.1463883178195347,0.9712599324664951,0.9679972502022465,0,0
4713,3.138974495216693,3.1464754238228143,0.9748654826898491,0.9679452674177379,0,0
4714,3.150340628247486,3.146562426822984,0.9863179377402631,0.9678941976802756,0,0
4715,3.1285028334091325,3.1466493260116892,1.0029501155713798,0.9678440412439959,0,0
4716,3.1585060977137958,3.146736120585931,1.029643428135475,0.9677947983604346,0,0
4717,3.1225739422051872,3.146822809748094,1.0539175985980336,0.9677464692786343,0,0
4718,3.162917054959054,3.1469093927059753,1.0908617436552717,0.9676990542452516,0,0
4719,3.1187079123824435,3.146995868672814,1.118143913890995,0.9676525535046622,0,0
4720,3.1670384509872087,3.1470822368673184,1.1584207385609604,0.9676069672990636,0,0
4721,3.1142291069757655,3.1471684965136943,1.1835898487760712,0.9675622958685769,0,0
4722,3.1724683004421155,3.1472546468416684,1.2199427149580038,0.967518539451346,0,0
4723,3.1083852315955105,3.147340687086517,1.2383309644006155,0.9674756982836352,0,0
4724,3.1792251939271856,3.1474266164890907,1.262876958412987,0.9674337725999249,0,0
4725,3.1016148365797798,3.147512434295841,1.2707706847809153,0.9673927626330054,0,0
4726,3.185771666981662,3.147598139758838,1.2744920460158686,0.9673526686140677,0,0
4727,3.0959109551147823,3.1476837321358033,1.270519704025471,0.9673134907727939,0,0
4728,3.1895667210440384,3.147769210690125,1.2489563065841762,0.9672752293374445,0,0
4729,3.093013105179511,3.1478545746908835,1.2354091361498336,0.9672378845349429,0,0
4730,3.191053098796278,3.1479398234128713,1.1946534079621534,0.967201456590959,0,0
4731,3.0920321398676527,3.1480249561366147,1.176701841643538,0.9671659457299903,0,0
4732,3.1906830509154247,3.148109972148395,1.1325545600112463,0.9671313521754393,0,0
4733,3.092986293995377,3.148194870740264,1.1160522164431692,0.967097676149691,0,0
4734,3.1880721513050134,3.1482796512100655,1.0785901906259703,0.9670649178741855,0,0
4735,3.0966630948167193,3.1483643128614545,1.0637882978893807,0.9670330775694905,0,0
4736,3.180109482821963,3.1484488550039083,1.0297660511372024,0.9670021554553698,0,0
4737,3.107683248947732,3.148533276952751,1.014112720045289,0.9669721517508497,0,0
4738,3.164740239840914,3.1486175780291608,0.9887633337671053,0.9669430666742836,0,0
4739,3.1255599905074667,3.1487017575601914,0.9782522162115795,0.9669149004434133,0,0
4740,3.1478846181655804,3.1487858148787815,0.9714315620758799,0.9668876532754279,0,0
4741,3.1424698440916425,3.1488697493237705,0.9732267096142804,0.9668613253870205,0,0
4742,3.1344194242172017,3.1489535602399097,0.9823407401120043,0.9668359169944416,0,0
4743,3.1540652189068648,3.1490372469778727,0.9999344525596544,0.9668114283135508,0,0
4744,3.125791659413361,3.1491208088942693,1.0200827047271943,0.9667878595598653,0,0
4745,3.1604236681330478,3.1492042453516533,1.051366166263854,0.9667652109486052,0,0
4746,3.1210532390683974,3.1492875557185305,1.077349394087786,0.9667434826947371,0,0
4747,3.164377837080132,3.1493707393693686,1.1164375065889771,0.9667226750130145,0,0
4748,3.1171523564339303,3.149453795684604,1.143511201129442,0.9667027881180151,0,0
4749,3.168920079113958,3.1495367240506495,1.1831534761109603,0.9666838222241761,0,0
4750,3.1121728890310947,3.149619523859896,1.2062560870166537,0.9666657775458259,0,0
4751,3.1749151349513447,3.149702194510722,1.2391348091047638,0.9666486542972136,0,0
4752,3.1058584412616317,3.1497847354074953,1.2539111643943803,0.9666324526925351,0,0
4753,3.1818920863798943,3.1498671459605756,1.2715692298125394,0.9666171729459568,0,0
4754,3.0991677498479535,3.1499494255863176,1.274907019136238,0.9666028152716372,0,0
4755,3.187589911178877,3.1500315737070697,1.269028475572897,0.9665893798837427,0,0
4756,3.0945057389874884,3.150113589751181,1.2609989692462364,0.9665768669964647,0,0
4757,3.190327520270484,3.15019547315299,1.2308271535757511,0.9665652768240303,0,0
4758,3.092441168377755,3.1502772233528353,1.2148050133594215,0.9665546095807118,0,0
4759,3.1911506107740393,3.150358839797042,1.1707140330106343,0.9665448654808334,0,0
4760,3.0921522461811572,3.150440321937927,1.1528563374596565,0.966536044738774,0,0
4761,3.190005613750573,3.150521669233792,1.1109419063487675,0.9665281475689671,0,0
4762,3.0939281504467915,3.1506028811489153,1.0953954213195385,0.9665211741858997,0,0
4763,3.1860058837927725,3.15068395715355,1.059876808851127,0.9665151248041055,0,0
4764,3.099683240014745,3.1507648967239184,1.0447838156682279,0.9665099996381573,0,0
4765,3.1748844364536253,3.150845699342195,1.0122878803251778,0.966505798902655,0,0
4766,3.1140933726609332,3.150926364496511,0.9975095456972071,0.9665025228122123,0,0
4767,3.1581810305075773,3.1510068916809355,0.9789093967829643,0.9665001715814381,0,0
4768,3.132455951534291,3.1510872803954677,0.9724596967317599,0.9664987454249183,0,0
4769,3.1422259072278638,3.151167530146027,0.9722371395496561,0.9664982445571908,0,0
4770,3.1475525782268896,3.151247640444437,0.9798218012854589,0.9664986691927212,0,0
4771,3.1305746578219065,3.151327610808417,0.993781479703179,0.9665000195458728,0,0
4772,3.157005813008123,3.151407440761566,1.0171567994778021,0.9665022958308758,0,0
4773,3.123678575060867,3.1514871298333453,1.0400352188473567,0.9665054982617921,0,0
4774,3.161995941521852,3.151566677559068,1.0750777716194653,0.9665096270524782,0,0
4775,3.11963007872809,3.1516460834798763,1.1020948739876075,0.9665146824165448,0,0
4776,3.165951105853832,3.151725347142731,1.142244385600754,0.9665206645673139,0,0
4777,3.115425744070689,3.151804468100384,1.1683748809163457,0.9665275737177724,0,0
4778,3.1710213796616658,3.15188344591137,1.206346005338824,0.966535410080524,0,0
4779,3.1099131720048567,3.151962280139975,1.226748017060439,0.9665441738677369,0,0
4780,3.17752314289872,3.1520409703562264,1.2549449171576692,0.9665538652910909,0,0
4781,3.103253764784339,3.1521195161358606,1.2656282470407323,0.9665644845617187,0,0
4782,3.1843773325999365,3.152197917060311,1.275094568870095,0.9665760318901474,0,0
4783,3.0970386738258378,3.152276172716674,1.273891858527493,0.9665885074862361,0,0
4784,3.188928820971332,3.152354282697692,1.258278236808697,0.9666019115591101,0,0
4785,3.0934972364599296,3.152432246601727,1.2466868168876761,0.9666162443170944,0,0
4786,3.190848811429644,3.1525100640327337,1.2093786683971506,0.966631505967642,0,0
4787,3.0921058770415883,3.1525877346002305,1.1918423245927092,0.9666476967172628,0,0
4788,3.1909573664186155,3.1526652579192764,1.1470233968930699,0.9666648167714467,0,0
4789,3.092567025956557,3.15274263361044,1.1298975552911723,0.9666828663345864,0,0
4790,3.1889784028731523,3.1528198612997733,1.0907845437400059,0.9667018456098978,0,0
4791,3.0953563121543177,3.1528969406187763,1.075864871512976,0.9667217547993354,0,0
4792,3.1828141352145223,3.1529738712043724,1.0413738978269163,0.9667425941035089,0,0
4793,3.104141994677486,3.1530506526988753,1.0257701056447774,0.9667643637215952,0,0
4794,3.168825795744161,3.1531272847499547,0.9969207744428532,0.966787063851248,0,0
4795,3.121065750380159,3.153203767010606,0.9843598633589162,0.9668106946885059,0,0
4796,3.151760889882143,3.1532800991391166,0.97303872342714,0.9668352564276981,0,0
4797,3.1388176911357704,3.1533562807990307,0.9714352150187266,0.9668607492613482,0,0
4798,3.1372261689057335,3.1534323116591163,0.977128923474653,0.9668871733800751,0,0
4799,3.151797247755478,3.153508191393327,0.990839924190873,0.9669145289724917,0,0
4800,3.1274344416534308,3.1535839196807713,1.0088575394515216,0.9669428162251024,0,0
4801,3.1592626758143134,3.153659496205668,1.037322578916115,0.9669720353221981,0,0
4802,3.1219945022408857,3.1537349206573153,1.0622934693089674,0.9670021864457495,0,0
4803,3.163444649072053,3.1538101927300493,1.1001467615648115,0.9670332697752976,0,0
4804,3.118155999527558,3.1538853121232093,1.1274406148316982,0.9670652854878429,0,0
4805,3.167702081793156,3.1539602785410934,1.1676035946743388,0.9670982337577335,0,0
4806,3.1135011568536926,3.1540350916929234,1.1920936032616472,0.9671321147565498,0,0
4807,3.173341212238995,3.1541097512928005,1.2273092308663942,0.9671669286529889,0,0
4808,3.1074753676491427,3.1541842570596685,1.2444364418121412,0.9672026756127463,0,0
4809,3.180209468279663,3.154258608717271,1.2666234934656535,0.9672393557983967,0,0
4810,3.1006933117029054,3.1543328059941067,1.2728638248929507,0.9672769693692728,0,0
4811,3.186493561825278,3.1544068486233914,1.273129287932573,0.9673155164813423,0,0
4812,3.095345125328095,3.1544807363430123,1.2676225327239434,0.9673549972870842,0,0
4813,3.1898756325437128,3.154554468895487,1.2427789151781958,0.9673954119353629,0,0
4814,3.092777847255107,3.1546280460279177,1.2282300871810443,0.9674367605713016,0,0
4815,3.1911217855194316,3.1547014674919467,1.185943574005486,0.9674790433361533,0,0
4816,3.092042079117937,3.1547747330437157,1.1679304971904478,0.9675222603671721,0,0
4817,3.1904709053992253,3.154847842443815,1.1244708986042118,0.9675664117974817,0,0
4818,3.093287376264875,3.1549207954572425,1.1083365519262296,0.9676114977559439,0,0
4819,3.187422610772637,3.154993591853358,1.0716951554845235,0.9676575183670251,0,0
4820,3.0976144849321052,3.1550662314058333,1.0568490905611194,0.9677044737506628,0,0
4821,3.1783214469961236,3.1551387138926104,1.0232078022309261,0.9677523640221298,0,0
4822,3.1099305379301616,3.1552110390958514,1.0077228269978877,0.9678011892918993,0,0
4823,3.162344151409394,3.1552832068018932,0.9847126864692567,0.967850949665506,0,0
4824,3.128124650488031,3.1553552168012,0.9755805669229136,0.9679016452434105,0,0
4825,3.145744144063997,3.1554270688883146,0.971252413203917,0.9679532761208596,0,0
4826,3.1444266829811376,3.155498762861811,0.9751095265281585,0.9680058423877472,0,0
4827,3.1329305095441455,3.155570298524251,0.986078321915423,0.9680593441284749,0,0
4828,3.155228442900397,3.155641675682125,1.0058517144537864,0.9681137814218108,0,0
4829,3.124956607588301,3.1557128941458163,1.0270813466127744,0.9681691543407497,0,0
4830,3.1610263435823924,3.155783953729543,1.0598408341863368,0.9682254629523702,0,0
4831,3.1205305058727304,3.155854854251313,1.0862863486150767,0.9682827073176942,0,0
4832,3.1649358573252755,3.1559255955328758,1.12588746283447,0.9683408874915432,0,0
4833,3.116542463320103,3.15599617739967,1.1526990920241296,0.9684000035223976,0,0
4834,3.169662847528384,3.1560665996807806,1.1918524683537504,0.9684600554522522,0,0
4835,3.111369039684412,3.1561368622088803,1.2140376606980774,0.9685210433164744,0,0
4836,3.1758538197444968,3.1562069648201896,1.2453499724174795,0.9685829671436607,0,0
4837,3.1049094532919397,3.1562769073544197,1.2586801909196246,0.9686458269554932,0,0
4838,3.182832871993534,3.1563466896547303,1.2734818765070335,0.9687096227665973,0,0
4839,3.098343912260963,3.1564163115676713,1.275144663899265,0.968774354584398,0,0
4840,3.1881325983779143,3.1564857729431437,1.265686126150465,0.9688400224089767,0,0
4841,3.09409645200933,3.156555073634339,1.2562910111054508,0.9689066262329297,0,0
4842,3.1905450111244877,3.1566242134977003,1.2233026235601667,0.9689741660412233,0,0
4843,3.0922892903018497,3.1566931923928654,1.2066048416239357,0.9690426418110539,0,0
4844,3.191113944772285,3.15676201018262,1.1619610664083548,0.9691120535117044,0,0
4845,3.0922696594773793,3.156830666732849,1.1443162759021646,0.9691824011044029,0,0
4846,3.1896761367989357,3.1568991619124867,1.103412634360743,0.9692536845421824,0,0
4847,3.094380537785643,3.156967495593468,1.0881485912321718,0.969325903769739,0,0
4848,3.1849864036946465,3.1570356676506783,1.0530970005366689,0.9693990587232925,0,0
4849,3.1011426918035903,3.157103677961905,1.0378027820971152,0.9694731493304465,0,0
4850,3.172742350357936,3.1571715264077924,1.0063577595606974,0.96954817551005,0,0
4851,3.116605089637266,3.157239212871788,0.9922367151554411,0.9696241371720594,0,0
4852,3.155800949419732,3.1573067372400945,0.976290374156104,0.9697010342174007,0,0
4853,3.1348598656279005,3.1573740994016273,0.971533993972488,0.969778866537833,0,0
4854,3.140316777381696,3.157441299247962,0.9735524755089171,0.9698576340158137,0,0
4855,3.149201677142559,3.157508336673286,0.9833563121880557,0.9699373365243633,0,0
4856,3.1293452586353934,3.1575752115743563,0.9988985944332848,0.9700179739269312,0,0
4857,3.157902428322338,3.1576419238504445,1.0242251446940238,0.9700995460772646,0,0
4858,3.1230236768847024,3.157708473403298,1.047937866012227,0.9701820528192749,0,0
4859,3.162529970419216,3.157774860137089,1.084126295856921,0.9702654939869094,0,0
4860,3.119102643190916,3.1578410839583704,1.1113342459703637,0.9703498694040211,0,0
4861,3.166568823689605,3.1579071447760256,1.1516077676951908,0.9704351788842404,0,0
4862,3.114745540326821,3.1579730425012307,1.1772174654849756,0.970521422230849,0,0
4863,3.1718454176287856,3.158038777047402,1.2143092744108885,0.9706085992366549,0,0
4864,3.109040015530366,3.1581043483301543,1.2335769459011263,0.9706967096838676,0,0
4865,3.178502745499104,3.158169756267258,1.259735241181763,0.9707857533439767,0,0
4866,3.1023038335846302,3.158235000778593,1.2688237687888277,0.97087572997763,0,0
4867,3.185202505476821,3.1583000817861056,1.275019613989041,0.9709666393345143,0,0
4868,3.0963655717974343,3.1583649992137635,1.2722043479219702,0.9710584811532379,0,0
4869,3.1893139413514704,3.1584297529875194,1.2531239843152842,0.9711512551612143,0,0
4870,3.0932055388581525,3.15849434303526,1.2403727661960953,0.9712449610745469,0,0
4871,3.190979444512388,3.1585587692867723,1.2009585611061377,0.9713395985979175,0,0
4872,3.092049459266376,3.1586230316736965,1.1831327440427026,0.9714351674244738,0,0
4873,3.190813519608587,3.15868713012949,1.1386110776245957,0.9715316672357209,0,0
4874,3.092793538906266,3.158751064589382,1.1218385752147166,0.9716290977014138,0,0
4875,3.188485863420137,3.1588148349903395,1.0837071620699341,0.971727458479452,0,0
4876,3.0960620926734923,3.1588784412710234,1.0688852865206109,0.971826749215775,0,0
4877,3.1813178509704527,3.1589418833717517,1.0346528198506424,0.9719269695442622,0,0
4878,3.1061246645728198,3.159005161234463,1.0189742726248838,0.9720281190866314,0,0
4879,3.166483597591217,3.159068274802678,0.9920462966258641,0.9721301974523429,0,0
4880,3.1236611444359053,3.159131224021459,0.9806120059271525,0.9722332042385029,0,0
4881,3.149501414267051,3.1591940088373796,0.9719108883411041,0.9723371390297708,0,0
4882,3.140963674612929,3.159256629198486,0.972239419853319,0.9724420013982672,0,0
4883,3.135572381350318,3.1593190850542627,0.9799369645776025,0.972547790903486,0,0
4884,3.153144822204279,3.159381376355597,0.9958985818478613,0.9726545070922062,0,0
4885,3.126455471609742,3.159443503054746,1.0151862475465951,0.9727621494984094,0,0
4886,3.1599528281282496,3.1595054651053034,1.045316518726081,0.9728707176431955,0,0
4887,3.1214442159931544,3.15956726246217,1.0709027531934152,0.972980211034704,0,0
4888,3.1639786155737837,3.1596288950815143,1.1095217194776659,0.9730906291680363,0,0
4889,3.1175849865022722,3.1596903629207502,1.1367253114232863,0.973201971525181,0,0
4890,3.1683939576892897,3.159751665938503,1.176638192504354,0.9733142375749402,0,0
4891,3.112745235774787,3.159812804094578,1.2003599502309108,0.973427426772861,0,0
4892,3.174240205201038,3.1598737773499335,1.2342852008709178,0.9735415385611663,0,0
4893,3.106547999249909,3.159934585666653,1.2500813267737503,0.9736565723686905,0,0
4894,3.1811859114461956,3.159995229007919,1.2697231823968032,0.9737725276108169,0,0
4895,3.099800061428789,3.1600557073379805,1.2742920107369868,0.9738894036894175,0,0
4896,3.187150254581148,3.160116020622135,1.2710300026783417,0.9740071999927956,0,0
4897,3.0948398596505875,3.160176168826697,1.2640452153137067,0.9741259158956315,0,0
4898,3.190148292284535,3.160236151918978,1.2360658954890393,0.9742455507589303,0,0
4899,3.092572582913134,3.16029596986726,1.220623141022531,0.9743661039299724,0,0
4900,3.1911526145474416,3.160355622640773,1.1771632125465097,0.9744875747422667,0,0
4901,3.0920911805134104,3.160415110209678,1.1592030252225647,0.9746099625155077,0,0
4902,3.19021813770413,3.1604744325450356,1.1165921096833018,0.9747332665555332,0,0
4903,3.093636895435886,3.1605335896187974,1.1008087928140384,0.9748574861542867,0,0
4904,3.186655592603575,3.1605925814037756,1.0648640111242431,0.9749826205897818,0,0
4905,3.0987385116615562,3.1606514078736336,1.0498976775103066,0.9751086691260693,0,0
4906,3.176386289807055,3.1607100690028633,1.0168236615266677,0.9752356310132082,0,0
4907,3.1122966529227245,3.160768564766766,1.0016796241168278,0.9753635054872374,0,0
4908,3.159940346301115,3.1608268951414424,0.9811723325499866,0.9754922917701528,0,0
4909,3.130645026249434,3.160885060103773,0.9735456273292522,0.975621989069886,0,0
4910,3.1436834982132584,3.160943059631404,0.9716198889262346,0.9757525965802855,0,0
4911,3.146271113512313,3.161000893702735,0.9776057018172039,0.9758841134811022,0,0
4912,3.1315367921960373,3.1610585622969047,0.9903362743911458,0.9760165389379766,0,0
4913,3.1562895172719685,3.161116065393782,1.0122187407386676,0.9761498721024296,0,0
4914,3.124195283620359,3.161173402973951,1.0344322135151809,0.9762841121118567,0,0
4915,3.1615945503629646,3.161230575018705,1.0685528841282466,0.9764192580895237,0,0
4916,3.1200120019982527,3.1612875815100345,1.0953647641509154,0.9765553091445667,0,0
4917,3.1655133249917555,3.1613444224306186,1.1353343854988858,0.9766922643719956,0,0
4918,3.115907821527139,3.161401097763823,1.1617877941160188,0.9768301228526985,0,0
4919,3.17043550454666,3.1614576074936864,1.2003116712269977,0.976968883653452,0,0
4920,3.11053861207,3.1615139516049187,1.2214973661963702,0.9771085458269313,0,0
4921,3.1768111684911715,3.1615701300828967,1.2510761957692789,0.9772491084117266,0,0
4922,3.103954582475754,3.1616261429136596,1.2628997331982137,0.9773905704323602,0,0
4923,3.183739491872734,3.1616819900839057,1.2746796438239094,0.9775329308993078,0,0
4924,3.0975705357417165,3.1617376715809917,1.2746809975567477,0.9776761888090224,0,0
4925,3.188613050896668,3.161793187392932,1.2616563151206392,0.9778203431439619,0,0
4926,3.0937351853055097,3.1618485375083956,1.2509668050677323,0.9779653928726187,0,0
4927,3.1907318316133644,3.161903721916713,1.2153908027167273,0.9781113369495539,0,0
4928,3.0921706254481833,3.161958740607872,1.1981568597939924,0.9782581743154325,0,0
4929,3.1910380152181546,3.1620135935725244,1.1532976121914125,0.978405903897064,0,0
4930,3.092426586849212,3.162068280801988,1.1359335711498226,0.9785545246074449,0,0
4931,3.189295351840947,3.1621228022882533,1.0960679073345725,0.9787040353458035,0,0
4932,3.0949094535520945,3.1621771580239844,1.0810277157256036,0.9788544349976498,0,0
4933,3.183798398261994,3.162231348002532,1.0463290270296473,0.9790057224348259,0,0
4934,3.10280176004046,3.162285372217936,1.0308384780947322,0.9791578965155625,0,0
4935,3.1705096966979043,3.162339230664936,1.0007711918686375,0.9793109560845354,0,0
4936,3.1191672626823617,3.1623929233389814,0.9874868801853323,0.9794648999729276,0,0
4937,3.15345411683396,3.162446450236239,0.9742143936850878,0.9796197269984926,0,0
4938,3.13717780579179,3.1624998113536082,0.971244907799226,0.9797754359656219,0,0
4939,3.1384997246902935,3.1625530066887273,0.9754148747447066,0.9799320256654146,0,0
4940,3.150739269300305,3.162606036239993,0.9874682092540361,0.9800894948757513,0,0
4941,3.128209401674416,3.162658900006571,1.00448066498277,0.9802478423613692,0,0
4942,3.158714696089035,3.16271159798841,1.0316561241909115,0.9804070668739421,0,0
4943,3.1224162036733225,3.162764130186261,1.0561235923556938,0.9805671671521621,0,0
4944,3.163057306800854,3.1628164966016907,1.093323641920922,0.9807281419218243,0,0
4945,3.1185626267863125,3.1628686972371,1.1206189754845963,0.9808899898959157,0,0
4946,3.1672124797461993,3.162920732095746,1.1608787924830852,0.9810527097747044,0,0
4947,3.114037977886875,3.1629726011817554,1.185875866352704,0.981216300245835,0,0
4948,3.172698107043779,3.1630243045001483,1.2219406452713528,0.981380759984425,0,0
4949,3.108144812514807,3.1630758420568603,1.2400000429727855,0.9815460876531629,0,0
4950,3.179487597679003,3.1631272138587634,1.263936096829546,0.9817122819024121,0,0
4951,3.1013671714110345,3.1631784199136876,1.2713919571006365,0.9818793413703152,0,0
4952,3.1859701221802124,3.1632294602304483,1.274201563528211,0.9820472646829026,0,0
4953,3.0957542350472824,3.163280334818866,1.269815524695432,0.9822160504542019,0,0
4954,3.189652806115204,3.163331043689798,1.2473660035197525,0.9823856972863525,0,0
4955,3.092947478984408,3.1633815868551607,1.233542324574284,0.9825562037697209,0,0
4956,3.1910750162939228,3.163431964327954,1.1923447341998992,0.9827275684830199,0,0
4957,3.0920309839985,3.1634821761223004,1.1743648046867479,0.9828997899934294,0,0
4958,3.190630448370803,3.1635322222534605,1.1303821861674892,0.983072866856721,0,0
4959,3.093062031756799,3.1635821027378714,1.1139784777405202,0.9832467976173835,0,0
4960,3.1879094728299777,3.163631817593174,1.0767461114621564,0.9834215808087533,0,0
4961,3.0969007822122805,3.163681366838245,1.061940421659629,0.9835972149531446,0,0
4962,3.179648729495833,3.16373075049323,1.0280061511392362,0.9837736985619835,0,0
4963,3.1082686514845803,3.1637799685795738,1.0123817351520787,0.9839510301359454,0,0
4964,3.1641038482161234,3.1638290211200566,0.9876360062538104,0.9841292081650924,0,0
4965,3.126246238733661,3.1638779081388257,0.9774789695790863,0.984308231129015,0,0
4966,3.1473072160464106,3.1639266296614346,0.9713304354612994,0.9844880974969754,0,0
4967,3.143001856350999,3.163975185714874,0.9736677620650924,0.9846688057280523,0,0
4968,3.134013621922336,3.1640235763276103,0.983284427294506,0.9848503542712895,0,0
4969,3.154385176997527,3.1640718015296265,1.0014643716490046,0.9850327415658454,0,0
4970,3.125561644331525,3.1641198613524515,1.0219106428623819,0.9852159660411441,0,0
4971,3.1605881787119596,3.1641677558292067,1.0535980863628558,0.9854000261170313,0,0
4972,3.1209131733338267,3.1642154849946422,1.079713492434738,0.9855849202039276,0,0
4973,3.1645247362636204,3.1642630488851746,1.1189524393612098,0.9857706467029884,0,0
4974,3.1169922782465833,3.1643104475389308,1.1459658550188443,0.9859572040062626,0,0
4975,3.1691149700268855,3.164357680995785,1.1854915358466023,0.9861445904968547,0,0
4976,3.1119614775571907,3.164404749297407,1.2083580318206564,0.9863328045490869,0,0
4977,3.175163088484105,3.1644516524872954,1.2408355833292026,0.9865218445286659,0,0
4978,3.1056066035071375,3.164498390610826,1.2552330389961475,0.9867117087928479,0,0
4979,3.182145391172971,3.164544963715296,1.2721473188999406,0.9869023956906073,0,0
4980,3.0989438254043464,3.1645913718499616,1.2750383580961375,0.9870939035628066,0,0
4981,3.1877407251767154,3.164637615066089,1.2682069529408224,0.9872862307423672,0,0
4982,3.094391724392274,3.1646836934169933,1.2598070619860162,0.9874793755544424,0,0
4983,3.1903884244121934,3.164729606958088,1.2288647804584736,0.9876733363165904,0,0
4984,3.0923975949358837,3.1647753557469294,1.212649512261539,0.9878681113389501,0,0
4985,3.191144679445763,3.1648209398432576,1.1683771426112395,0.9880636989244176,0,0
4986,3.0921796597408147,3.164866359309053,1.150568473789169,0.9882600973688223,0,0
4987,3.189922515413317,3.1649116142085707,1.1089178817727816,0.9884573049611066,0,0
4988,3.0940419850299175,3.164956704608399,1.0934516223100426,0.9886553199835052,0,0
4989,3.1857500718352,3.165001630577496,1.0580698637126076,0.9888541407117245,0,0
4990,3.1000523393345496,3.165046392187247,1.0429253037356554,0.9890537654151242,0,0
4991,3.174324024283903,3.1650909895115062,1.0106783027554542,0.9892541923569,0,0
4992,3.1147559655930945,3.165135422626644,0.996057163775644,0.9894554197942648,0,0
4993,3.157544735814302,3.165179691611602,0.9781592240003933,0.9896574459786325,0,0
4994,3.133103823306864,3.165223796547933,0.9721507797054045,0.9898602691558018,0,0
4995,3.1417086526699154,3.165267737519858,0.9725339781097966,0.9900638875661399,0,0
4996,3.1480026940387247,3.1653115146143076,0.9807056036397327,0.9902682994447681,0,0
4997,3.130238057182806,3.165355127920975,0.995097402208203,0.9904735030217445,0,0
4998,3.157253317540084,3.165398577532366,1.0190020271369025,0.9906794965222514,0,0
4999,3.1234989456686875,3.165441863543844,1.042110556494068,0.9908862781667783,0,0
